1	A
2	Ağca
3	A K Jacobsen
4	A Lan
5	A l.
6	A. Acevedo
7	A. Acosta
8	A. Aguilar
9	A. Alcaraz
10	A. Ale
11	A. Alfageme
12	A. Alghamdi
13	A. Alipour
14	A. Almeida
15	A. Almuqrin
16	A. Alnemer
17	A. Alsaleh
18	A. Alshanqeeti
19	A. Alvarado
20	A. Alvarez
21	A. André
22	A. Angulo
23	A. Argachá
24	A. Armoa
25	A. Armstrong
26	A. Asiri
27	A. Bamba
28	A. Barboza
29	A. Barragán
30	A. Benjamin
31	A. Benítez
32	A. Betsiel
33	A. Bilbao
34	A. Blanco
35	A. Briseño
36	A. Cabeza
37	A. Carrera
38	A. Castellano
39	A. Castillo
40	A. Cayetano
41	A. Corzo
42	A. Crespo
43	A. Cruz
44	A. De Miguel
45	A. Diaz
46	A. Domínguez
47	A. Dávila
48	A. Elis
49	A. Espino
50	A. Espinola
51	A. Estupiñan
52	A. Fallatah
53	A. Faria
54	A. Fernández
55	A. Flores
56	A. Franco
57	A. Francés
58	A. Garcete
59	A. Garcia
60	A. García
61	A. Gonzál
62	A. Grijalva
63	A. Gudiño
64	A. Guedes
65	A. Gálvez
66	A. Gómez
67	A. Hamit
68	A. Hassan
69	A. Hassoun
70	A. Heredia
71	A. Herrero
72	A. Hohberg
73	A. Hurtado
74	A. Ibrahim
75	A. Iturbe
76	A. Jiménez
77	A. Jones
78	A. Joui
79	A. Khamis
80	A. Lezama
81	A. Lozano
82	A. Luna
83	A. López
84	A. Majrashi
85	A. Martín
86	A. Mayorga
87	A. Medina
88	A. Mendoza
89	A. Millán
90	A. Mitchell
91	A. Montero
92	A. Mora
93	A. Moreira
94	A. Moreno
95	A. Mourid
96	A. Mumin
97	A. Musaba
98	A. Márquez
99	A. Müller
100	A. Nana
101	A. Negredo
102	A. Obaid
103	A. Ocanto
104	A. Organista
105	A. Ortolá
106	A. Osorio
107	A. Pastor
108	A. Pedraza
109	A. Perea
110	A. Pereira
111	A. Peña
112	A. Pimenta
113	A. Pizzorno
114	A. Preciado
115	A. Pulido
116	A. Quintero
117	A. Quiñónez
118	A. Rebić
119	A. Remiro
120	A. Rodado
121	A. Rodales
122	A. Rodriguez
123	A. Rodríguez
124	A. Sampedro
125	A. Santos
126	A. Seck
127	A. Silva
128	A. Sosa
129	A. Succar
130	A. Sánchez
131	A. Talisca
132	A. Tello
133	A. Toure
134	A. Traore
135	A. Valera
136	A. Vega
137	A. Williams
138	A. Zaldivar
139	A. Zapata
140	A. Zendejas
141	A. Zori
142	A. Živković
143	A. Álvarez
144	A. Ömür
145	A.Al-Mazidi
146	A.AlNaji
147	A.AlShahrani
148	A.Alkhaibari
149	A.Almeida
150	A.Alsalem
151	A.Ammar
152	A.Atouchi
153	A.Becker
154	A.Blomqvist
155	A.Cabral
156	A.Carrasquilla
157	A.Cervantes
158	A.Cretu
159	A.Escoto
160	A.Fontana
161	A.Fouda
162	A.González
163	A.Guardado
164	A.Hamdan
165	A.Hamdi
166	A.Hazazi
167	A.Ildız
168	A.Iniesta
169	A.Ivan
170	A.J.
171	A.J. Morales
172	A.Jamal
173	A.Kante
174	A.Khateeb
175	A.Lemos
176	A.Lopes
177	A.MacDonald
178	A.Majrashi
179	A.Malki
180	A.Malle
181	A.Martinez
182	A.Mendy
183	A.Mhamdi
184	A.Musa
185	A.NDiaye
186	A.Nashri
187	A.Perez
188	A.Puertas
189	A.Raillo
190	A.Rodriguez
191	A.Sepúlveda
192	A.Serban
193	A.Shammary
194	A.Smith
195	A.Tejero
196	A.Toure
197	A.Valles
198	A.Zain
199	AJ
200	AK.Bamba
201	ALEXANDER-ARNOLD
202	Aabid
203	Aagard
204	Aakash
205	Aalto
206	Aaltonen
207	Aaneba
208	Aapo
209	Aaquist
210	Aaren
211	Aaro
212	Aaron
213	Aarons
214	Aaronson
215	Aarón
216	Aas
217	Aasbak
218	Aasen
219	Aasgaard
220	Aasmundsen
221	Aasmäe
222	Aat
223	Aatu
224	Aayush
225	Aškovski
226	Ababio
227	Ababneh
228	Abada
229	Abaida
230	Abaka
231	Abamelik
232	Abascal
233	Abass
234	Abastoflor
235	Abate
236	Abath
237	Abayisenga
238	Abaz
239	Abaza
240	Abbas
241	Abbasov
242	Abbey
243	Abbie
244	Abbot
245	Abbott
246	Abby
247	Abdallah
248	Abdallah.A
249	Abdallahi
250	Abdel
251	Abdel Hakim
252	Abdel-Aziz
253	Abdelali
254	Abdelatif
255	Abdelhamid
256	Abdelkabir
257	Abdelkader
258	Abdellaoue
259	Abdelli
260	Abdelrahman
261	Abdelrashid
262	Abdelwahab
263	Abdelwahed
264	Abdenego
265	Abderahmane
266	Abderrahmane
267	Abderrazak
268	Abdi
269	Abdijanovic
270	Abdilla
271	Abdon
272	Abdou
273	Abdoul
274	Abdoul Fessal
275	Abdoul Kader
276	Abdoulay
277	Abdoulaye
278	Abdoulie
279	Abdoullah
280	Abdourahmane
281	Abdu
282	Abdu Conté
283	Abdugheni
284	Abduhamit
285	Abdul
286	Abdul Majid
287	Abdul Manaf
288	Abdul Rahman
289	Abdul Samad
290	Abdul Samed
291	Abdul-Salaam
292	Abdulah
293	Abdulaziz
294	Abdulbasit
295	Abdulelah
296	Abdulfatah
297	Abdulhadi
298	Abdulhamid
299	Abdulkadir
300	Abdulla
301	Abdulla Yusuf
302	Abdullaev
303	Abdullah
304	Abdullahi
305	Abdullayev
306	Abdullayeva
307	Abdullo
308	Abdulmajeed
309	Abdulmalek
310	Abdulmohsen
311	Abdulova
312	Abdulrahman
313	Abdulrazak
314	Abdulsamed
315	Abdulwahab
316	Abdusalam
317	Abduwal
318	Abduwali
319	Abdón
320	Abdón Prats
321	Abdülkadir
322	Abdülkerim
323	Abe
324	Abebe
325	Abecasis
326	Abedini
327	Abedz
328	Abedzadeh
329	Abeid
330	Abel
331	Abel Ruiz
332	Abeledo
333	Abella
334	Abelleira Dueñas
335	Abelmy
336	Abels
337	Abena
338	Abera
339	Abergel
340	Abhaya
341	Abhijeet
342	Abhijit
343	Abhimoda
344	Abhisek
345	Abhishek
346	Abi
347	Abiama
348	Abibi
349	Abigail
350	Abigayle
351	Abila
352	Abiola
353	Abizanda
354	Abizanda Mallada
355	Ablaye
356	Ablet
357	Ablie
358	Abo
359	Abo Yabes
360	Aboagye
361	Abou
362	Abou Hamed
363	Aboubacar
364	Aboubakar
365	Aboubakary
366	Aboukhlal
367	Abqar
368	Abraam
369	Abraham
370	Abrahams
371	Abrahamsen
372	Abrahamsson
373	Abram
374	Abrami
375	Abramowicz
376	Abranches Simões
377	Abranjes Meneses
378	Abrao
379	Abrashi
380	Abravanel Mestres
381	Abravanel Rolim
382	Abrego
383	Abreu
384	Abu
385	Abu Essa
386	Abu Hanna
387	Abu Shararah
388	Abubakar
389	Abubakar-Ankrah
390	Abubakari
391	Abubakr
392	Abul
393	Abuladze
394	Aburjania
395	Abusabaan
396	Abusir
397	Acampora
398	Acar
399	Accam
400	Accola
401	Ace
402	Acerbi
403	Acero
404	Acevedo
405	Achahbar
406	Achara
407	Ache
408	Acheampong
409	Achebe
410	Achi
411	Achille
412	Achilleas
413	Achim
414	Achouri
415	Achraf
416	Ackah
417	Ackx
418	Acosta
419	Acquah
420	Acton
421	Acuna
422	Acuna Mutto
423	Acunha Bardini
424	Acuña
425	Acín
426	Acín Labrador
427	Adair
428	Adalberto
429	Adalid
430	Adam
431	Adam Örn
432	Adama
433	Adama Traoré
434	Adamczyk
435	Adami
436	Adamo
437	Adamonis
438	Adams
439	Adams Nuhu
440	Adamson
441	Adamu
442	Adamyan
443	Adan
444	Adarabioyo
445	Adaílton
446	Addy
447	Ade
448	Adebayo
449	Adebisi
450	Adebola
451	Adeboyejo
452	Adedokun
453	Adedoyin
454	Adeeb
455	Adeeko
456	Adegbenro
457	Adeilson Daniel
458	Adeilson Gesser
459	Adekanye
460	Adekugbe
461	Adekunde
462	Adekunle
463	Adel
464	Adelakun
465	Adele
466	Adelino André
467	Adem
468	Adem Büyük
469	Adem Metin
470	Ademi
471	Ademipo
472	Ademola
473	Ademović
474	Aden
475	Adeniran
476	Adeoye
477	Adesina
478	Adewale
479	Adewoye
480	Adeyemi
481	Adeyemo
482	Adhavan
483	Adhikari
484	Adhoum
485	Adi
486	Adigo
487	Adil
488	Adilet
489	Adilio
490	Adilović
491	Adilson
492	Adilson Edrada
493	Adilson Patrick
494	Adim
495	Adin
496	Adina
497	Adingra
498	Adirizak
499	Adis
500	Adisu
501	Adit
502	Adja
503	Adjapong
504	Adjaye
505	Adje
506	Adjei
507	Adjei-Hersey
508	Adjo
509	Adjoumani
510	Adli
511	Admilson Jorge
512	Admir
513	Admiral
514	Adnan
515	Adnan Claudiano
516	Adnan Vidual
517	Adnane
518	Ado
519	Adolfinho Padilha
520	Adolfo
521	Adolfo Heitor
522	Adomah
523	Adomakoh
524	Adon
525	Adonis
526	Adorno
527	Adorno Jr.
528	Adot Barandiaran
529	Adou
530	Adouko
531	Adra
532	Adrei
533	Adri Castellano
534	Adrian
535	Adrian Nilsen
536	Adrian Scitto
537	Adriana
538	Adrianna
539	Adriano
540	Adriano Davi
541	Adriano Junqueiras
542	Adriano Leandro
543	Adriano Well.
544	Adriel
545	Adriel D'Avila
546	Adrien
547	Adrien S.
548	Adrien Silva
549	Adrizinho Bastos
550	Adrià
551	Adrià Pedrosa
552	Adriàn
553	Adrián
554	Adrián Diéguez
555	Adrián González
556	Adrián Guto
557	Adrián Maideira
558	Adrián Marín
559	Adrián Ortolá
560	Adrián Rocheira
561	Adrián Turmo
562	Adrián Welliton
563	Adryan
564	Adryan Juliano
565	Adryan Zonta
566	Adrían
567	Adshead
568	Adu
569	Aduamah
570	Adumensa
571	Advani
572	Advíncula
573	Adán
574	Adán Garrido
575	Adão Douglas
576	Adão Dênis
577	Adão Morrinhos
578	Adão Salvadaldo
579	Adéla
580	Adílio
581	Adílio Santos
582	Aebischer
583	Aedan
584	Aek
585	Aerts
586	Afaeaki
587	Afan
588	Afana
589	Afato
590	Afeez
591	Afenynu
592	Affengruber
593	Affolter
594	Affonso
595	Affonso Sauerbeck
596	Afful
597	Afimico
598	Afobe
599	Afolayan
600	Afonso
601	Afonso Fernandes
602	Afonso Miguel
603	Afonso Sousa
604	Afonso Taira
605	Afrani
606	Afrifa
607	Afrim
608	Afriyie
609	Afroze
610	Aftab
611	Afua
612	Agafitei
613	Agahanowa
614	Agajanian
615	Agalliu
616	Aganović
617	Aganovic
618	Agardius
619	Agarwal
620	Agata
621	Agay
622	Agayew
623	Agbadou
624	Agbala
625	Agbeko
626	Agboola
627	Agca
628	Ager
629	Aggarwal
630	Agha
631	Aghamirov
632	Aghatise
633	Agim
634	Agirrezabala
635	Agliardi
636	Agnew
637	Agnieszka
638	Agnouni
639	Ago
640	Agolli
641	Agon
642	Agopian
643	Agostinho
644	Agostinho Henriques
645	Agostino
646	Agosto Ramírez
647	Agoume
648	Agouzoul
649	Agraval
650	Agrawal
651	Agrela Ferreira
652	Agron
653	Agrón
654	Agu
655	Aguado
656	Aguado Méndez
657	Aguayo
658	Agudelo
659	Agudo Durán
660	Aguek
661	Aguemon
662	Aguerd
663	Aguerre
664	Aguiar
665	Aguiar Oliveira
666	Aguibou
667	Aguilar
668	Aguilera
669	Aguilera Núñez
670	Aguirre
671	Aguirre de Céspedes
672	Aguirregabiria
673	Aguirregaray
674	Agus
675	Agus Medina
676	Agusalim
677	Agustin
678	Agustín
679	Aguza
680	Aguza Santiago
681	Agyei
682	Agyemang
683	Agüero
684	Ahčin
685	Ahadme
686	Ahamad
687	Ahamada
688	Ahenafi
689	Ahijado Quintana
690	Ahire
691	Ahlblad
692	Ahlin
693	Ahlinvi
694	Ahlmann
695	Ahlstrand
696	Ahmad
697	Ahmad Toure
698	Ahmadi
699	Ahmadou Bamba
700	Ahmadov
701	Ahman
702	Ahmed
703	Ahmed.A
704	Ahmed.B
705	Ahmedhodzic
706	Ahmedhodžić
707	Ahmet
708	Ahmet Eyüp
709	Ahmet Oğuz
710	Ahmet Said
711	Ahmet Çalık
712	Ahmeti
713	Ahmetoğlu
714	Ahmetović
715	Ahmose
716	Ahn
717	Ahn Chang Min
718	Ahn Gi Hun
719	Ahn Kyung Chan
720	Ahn Yong Woo
721	Ahn Young Kyu
722	Aholou
723	Ahonen
724	Ahti
725	Ahumada
726	Ahusan
727	Ai
728	Ai K.S.
729	Ai Kesen
730	Aiban
731	Aibanbha
732	Aicha
733	Aidan
734	Aidara
735	Aiden
736	Aidi
737	Aidi Fulangxisi
738	Aidomo
739	Aidonis
740	Aidoo
741	Aidoo Jr.
742	Aidy
743	Aiesh
744	Aigner
745	Aiham
746	Aihen
747	Aihen Muñoz
748	Aija
749	Ailtio Coelho
750	Ailton Cardenhas
751	Ailton Diogo
752	Ailton Jonas
753	Ailton Nuno
754	Ailton Valpaços
755	Aimar
756	Aimar Oroz
757	Aimee
758	Aimen
759	Aimol
760	Aimson
761	Aina
762	Ainhoa
763	Ainhoa Moraza
764	Ainize
765	Ainley
766	Ainsley
767	Aioani
768	Airam
769	Airam C.
770	Airam Cabrera
771	Aish
772	Ait El Hadj
773	Aitana
774	Aitana Bonmatí
775	Aitchison
776	Aitken
777	Aitmatov
778	Aitor
779	Aitor Arregi
780	Aitor Buñuel
781	Aitor Fdez.
782	Aitor G.
783	Aitor García
784	Aitor González
785	Aitor Paredes
786	Aitor R.
787	Aitor Ruibal
788	Aitor Sanz
789	Aitu
790	Aivaliotis
791	Aivi
792	Aiwu
793	Aiyegun
794	Aizpuru Aizbitarte
795	Ajak
796	Ajani
797	Ajantha
798	Ajay
799	Ajaya
800	Ajayi
801	Ajdin
802	Ajdini
803	Ajenjo Hyjek
804	Ajer
805	Ajeti
806	Ajibola
807	Ajiboye
808	Ajit
809	Ajith
810	Ajlec
811	Ajnur
812	Ajorque
813	Aka
814	Akahito
815	Akaki
816	Akalanka
817	Akamu
818	Akande
819	Akane
820	Akanji
821	Akanyirige
822	Akapo
823	Akapo Martínez
824	Akararu
825	Akari
826	Akas
827	Akasaki
828	Akash
829	Akaydin
830	Akayev
831	Akbaba
832	Akbari
833	Akbulut
834	Akbunar
835	Akdağ
836	Ake Loba
837	Akehurst
838	Akenzua
839	Akerele
840	Aketxe
841	Aketxe Barrutia
842	Akgün
843	Akhand
844	Akhilesh
845	Akhmedov
846	Akhmetov
847	Akhmetova
848	Akhtar
849	Akhter
850	Aki
851	Akichi
852	Akieme
853	Akieme Rodríguez
854	Akihiro
855	Akil
856	Akim
857	Akimi
858	Akimoto
859	Akin
860	Akinde
861	Akindele
862	Akinfeev
863	Akinfenwa
864	Akinjide
865	Akinkunmi
866	Akinlabi Park
867	Akinola
868	Akinori
869	Akins
870	Akintola
871	Akintunde
872	Akinyemi
873	Akira
874	Akira Silvano
875	Akita
876	Akito
877	Akiyama
878	Akkan
879	Akmal
880	Akman
881	Akmetzhan
882	Akmurzin
883	Akolo
884	Akomadi
885	Akoni
886	Akono
887	Akosua
888	Akoto
889	Akoua
890	Akouayn
891	Akouokou
892	Akpınar
893	Akpa Akpro
894	Akpabio
895	Akpan
896	Akpeyi
897	Akpoguma
898	Akpom
899	Akram
900	Aksel
901	Akshay
902	Akshit
903	Aksoy
904	Aktaş
905	Aktürkoğlu
906	Akua
907	Akujobi
908	Akumu Agay
909	Akurugu
910	Akwal
911	Akwenye
912	Akyol
913	Akça
914	Aké
915	Al Abbas
916	Al Abdan
917	Al Abdellah
918	Al Abdulmunem
919	Al Abed
920	Al Absi
921	Al Ahbabi
922	Al Ahmed
923	Al Aida
924	Al Alam
925	Al Alawi
926	Al Ali
927	Al Ammar
928	Al Amri
929	Al Anazi
930	Al Aqel
931	Al Aqidi
932	Al Areefi
933	Al Aryani
934	Al Asmari
935	Al Azmi
936	Al Badaoui
937	Al Bahrani
938	Al Bahri
939	Al Bakr
940	Al Baqawi
941	Al Barakah
942	Al Bawardi
943	Al Birekan
944	Al Bishi
945	Al Blooshi
946	Al Bloushi
947	Al Bulayhi
948	Al Buraik
949	Al Burayh
950	Al Dahami
951	Al Dakheel
952	Al Dalharni
953	Al Dawsari
954	Al Daye
955	Al Dhafeeri
956	Al Dheyabi
957	Al Dhulayfi
958	Al Dohaim
959	Al Dossadi
960	Al Dossari
961	Al Dubaysh
962	Al Eissa
963	Al Enazi
964	Al Enezi
965	Al Fahad
966	Al Faraj
967	Al Farran
968	Al Farshan
969	Al Fatil
970	Al Fehaid
971	Al Furayj
972	Al Garzae
973	Al Geaidy
974	Al Geed
975	Al Ghaddioui
976	Al Ghamdi
977	Al Ghannam
978	Al Habash
979	Al Habib
980	Al Haeti
981	Al Haidari
982	Al Haider
983	Al Haizan
984	Al Hajj
985	Al Hajouj
986	Al Halou
987	Al Hamad
988	Al Hamdan
989	Al Hammad
990	Al Hamsal
991	Al Harajin
992	Al Harbi
993	Al Hardi
994	Al Harthi
995	Al Hassan
996	Al Hassawi
997	Al Hazaa
998	Al Hejaili
999	Al Hurabi
1000	Al Hurayji
1001	Al Jaber
1002	Al Jadani
1003	Al Jahni
1004	Al Jaman
1005	Al Jari
1006	Al Jebreen
1007	Al Johani
1008	Al Joui
1009	Al Jowayed
1010	Al Jubairi
1011	Al Juwair
1012	Al Kaabi
1013	Al Kassar
1014	Al Khadrawi
1015	Al Khaibari
1016	Al Khalaf
1017	Al Khathlan
1018	Al Khatib
1019	Al Khayri
1020	Al Khlaiwi
1021	Al Kunaydiri
1022	Al Kuwaykibi
1023	Al Mahasna
1024	Al Mahmoud
1025	Al Mahous
1026	Al Majhad
1027	Al Malki
1028	Al Mansoor
1029	Al Mansour
1030	Al Manthari
1031	Al Mawalhad
1032	Al Mayoof
1033	Al Mazaidi
1034	Al Mehalel
1035	Al Meqran
1036	Al Mohammed
1037	Al Moqahwi
1038	Al Mosailem
1039	Al Mousa
1040	Al Mowaled
1041	Al Mozairib
1042	Al Mubi
1043	Al Mufarrij
1044	Al Mukhtar
1045	Al Musrati
1046	Al Mutadee
1047	Al Mutairi
1048	Al Mutlaq
1049	Al Muwainea
1050	Al Muwalid
1051	Al Muwallad
1052	Al Nabit
1053	Al Nahedh
1054	Al Najai
1055	Al Najeeb
1056	Al Najjar
1057	Al Najrani
1058	Al Nakhilan
1059	Al Nakhli
1060	Al Naser
1061	Al Nashmi
1062	Al Nashri
1063	Al Nasser
1064	Al Nemer
1065	Al Nubi
1066	Al Obaid
1067	Al Obud
1068	Al Olayan
1069	Al Omari
1070	Al Omran
1071	Al Otaibi
1072	Al Othman
1073	Al Oufi
1074	Al Owais
1075	Al Owdah
1076	Al Qahtani
1077	Al Qarni
1078	Al Qaydhi
1079	Al Qumayzi
1080	Al Radeef
1081	Al Rahman
1082	Al Rashidi
1083	Al Rashoudi
1084	Al Rehaily
1085	Al Riou
1086	Al Rubaie
1087	Al Ruhaili
1088	Al Ruwaili
1089	Al Saad
1090	Al Saadi
1091	Al Sabah
1092	Al Saeed
1093	Al Safri
1094	Al Sagour
1095	Al Sahabi
1096	Al Sahaf
1097	Al Sahafi
1098	Al Sahli
1099	Al Saiari
1100	Al Saleem
1101	Al Saleh
1102	Al Salem
1103	Al Samiri
1104	Al Samtai
1105	Al Sanbi
1106	Al Sayali
1107	Al Selouli
1108	Al Shahrani
1109	Al Shaie
1110	Al Shamekh
1111	Al Shamlan
1112	Al Shammari
1113	Al Shamrani
1114	Al Shamsi
1115	Al Shanqeeti
1116	Al Sharari
1117	Al Sharid
1118	Al Shehri
1119	Al Showaiqi
1120	Al Shuwaysh
1121	Al Sibyani
1122	Al Slais
1123	Al Somah
1124	Al Subaie
1125	Al Subhi
1126	Al Sulayhim
1127	Al Suwat
1128	Al Thani
1129	Al Tryes
1130	Al Turk
1131	Al Wakid
1132	Al Watyan
1133	Al Wehimid
1134	Al Yami
1135	Al Yousef
1136	Al Yousif
1137	Al Zahrani
1138	Al Zain
1139	Al Zaqan
1140	Al Zoaed
1141	Al Zori
1142	Al Zubaidi
1143	Al-Ajlani
1144	Al-Amin
1145	Al-Ammari
1146	Al-Balawi
1147	Al-Dakhil
1148	Al-Dosari
1149	Al-Enezi
1150	Al-Fayyoumi
1151	Al-Hazaimeh
1152	Al-Hussaini
1153	Al-Jaber
1154	Al-Jahani
1155	Al-Jurr
1156	Al-Masaari
1157	Al-Razi
1158	Al-Saed
1159	Al-Sahhah
1160	Al-Sharani
1161	Al-Sultan
1162	Al-Taay
1163	Al-Tamari
1164	Al.Ghannam
1165	Alıcı
1166	Alaa
1167	Alaba
1168	Alabi
1169	Alagie
1170	Alain
1171	Alakouch
1172	Alam
1173	Alam Araújo
1174	Alam Basteirinho
1175	Alam Cristian
1176	Alam Lindeiro
1177	Alami
1178	Alan
1179	Alan Besseiro
1180	Alan Costa
1181	Alan Empereur
1182	Alan Godoy
1183	Alan Henrique
1184	Alan Jonathan
1185	Alan Kardec
1186	Alana
1187	Alanis
1188	Alanna
1189	Alano Nascimento
1190	Alanís
1191	Alaníz
1192	Alarcón
1193	Alarcón González
1194	Alarcón Suárez
1195	Alario
1196	Alasana
1197	Alassana
1198	Alassane
1199	Alastair
1200	Alaverdyan
1201	Alazar
1202	Alba
1203	Alba Fernández
1204	Alba Ramos
1205	Alba Redondo
1206	Alban
1207	Albanis
1208	Albarracín
1209	Albayrak
1210	Alberk
1211	Albers
1212	Albert
1213	Albert G.
1214	Albertengo
1215	Alberth
1216	Albertinho Dutra
1217	Alberto
1218	Alberto Angel
1219	Alberto M.
1220	Alberto Marcelo
1221	Alberto Miguel
1222	Alberto Moreno
1223	Alberto Perea
1224	Alberto Soro
1225	Alberto Toril
1226	Albian
1227	Albiar Serrano
1228	Albie
1229	Albin
1230	Albina
1231	Albino
1232	Albiol Tortajada
1233	Albion
1234	Alborno
1235	Albornoz
1236	Albrecht
1237	Albrighton
1238	Albu
1239	Albulayhi
1240	Albuquerque Bruno
1241	Alburayk
1242	Albæk
1243	Alcalá
1244	Alcalá Guirado
1245	Alcaraz
1246	Alcaraz Jiménez
1247	Alceus
1248	Alchevskiy
1249	Alcácer García
1250	Alcáraz
1251	Alcântara
1252	Alcívar
1253	Alcócer
1254	Aldair
1255	Aldair Leal
1256	Aldair Porto
1257	Aldair Rochela
1258	Aldalur
1259	Aldalur Agirrezabal
1260	Aldasoro
1261	Aldasoro Sarriegi
1262	Alden
1263	Alderete
1264	Alderweireld
1265	Aldin
1266	Aldo
1267	Aldo Rocha
1268	Aldred
1269	Aldrete
1270	Aldrix
1271	Ale
1272	Ale Díez
1273	Ale Llamas
1274	Aleš
1275	Alebiosu
1276	Alec
1277	Aleesami
1278	Alegria
1279	Alegría Moreno
1280	Aleix
1281	Aleix Febas
1282	Aleix García
1283	Aleixandri
1284	Aleixandri López
1285	Aleixo Leite
1286	Alejandra
1287	Alejandro
1288	Alejandro Iturbe
1289	Alejandro José
1290	Alejandro P.
1291	Alejandro Pérez
1292	Alejo
1293	Alejo Peralta
1294	Alekos
1295	Aleks
1296	Aleksa
1297	Aleksandar
1298	Aleksander
1299	Aleksander B.
1300	Aleksandr
1301	Aleksandra
1302	Aleksandru
1303	Aleksi
1304	Aleksić
1305	Aleksic
1306	Aleksio
1307	Aleksiu
1308	Alem
1309	Alemdar
1310	Alemán
1311	Alen
1312	Alende López
1313	Alesandro
1314	Alese
1315	Alessandra
1316	Alessandrini
1317	Alessandro
1318	Alessia
1319	Alessio
1320	Alex
1321	Alex Alegría
1322	Alex Alessandro
1323	Alex B.
1324	Alex Baena
1325	Alex Craninx
1326	Alex Gorrín
1327	Alex López
1328	Alex Martin
1329	Alex Millán
1330	Alex Muñoz
1331	Alex Pozo
1332	Alex Rodríguez
1333	Alex Sandro
1334	Alex Suárez
1335	Alex Teixeira
1336	Alex Telles
1337	Alex Vallejo
1338	Alex das Freitas
1339	Alexandar
1340	Alexander
1341	Alexander Juel
1342	Alexander Ruud
1343	Alexander-Arnold
1344	Alexandersson
1345	Alexandr
1346	Alexandra
1347	Alexandra Norton
1348	Alexandras
1349	Alexandre
1350	Alexandre Frandeira
1351	Alexandre Guedes
1352	Alexandre Jonas
1353	Alexandre Pato
1354	Alexandre Pimenta
1355	Alexandro
1356	Alexandro Marco
1357	Alexandropoulos
1358	Alexandros
1359	Alexandru
1360	Alexei
1361	Alexey
1362	Alexeyeva
1363	Alexi
1364	Alexi GG
1365	Alexia
1366	Alexia Putellas
1367	Alexios
1368	Alexiou
1369	Alexis
1370	Alexis Sleiter
1371	Alexo Baia
1372	Alexopolous
1373	Aleñá
1374	Aleñá Castillo
1375	Alfa
1376	Alfa Semedo
1377	Alfageme
1378	Alfahad
1379	Alfani
1380	Alfarela
1381	Alfaro
1382	Alfaro Azevedo
1383	Alfaro Soares
1384	Alfie
1385	Alfon
1386	Alfons
1387	Alfonsi
1388	Alfonso
1389	Alfonso Gzz.
1390	Alfonso Herrero
1391	Alfonso Pastor
1392	Alfred
1393	Alfredo
1394	Alfreð
1395	Algarañaz
1396	Algassime
1397	Algimas
1398	Algobia
1399	Algobia Esteves
1400	Alhaji
1401	Alharilla
1402	Alhassan
1403	Alho
1404	Ali
1405	Ali Ateş
1406	Ali Sardar
1407	Ali Yavuz
1408	Ali Şaşal
1409	Alibec
1410	Alibek
1411	Alibeyova
1412	Alican
1413	Alice
1414	Alicia
1415	Alicja
1416	Alidu
1417	Alidu Seidu
1418	Aliendro
1419	Alieu
1420	Alievi
1421	Alif
1422	Alik
1423	Alikhan
1424	Alim
1425	Alimami
1426	Alimu
1427	Alin
1428	Alina
1429	Alioski
1430	Aliou
1431	Alioui
1432	Alioune
1433	Alipour
1434	Alireza
1435	Aliseda
1436	Alison
1437	Alisson
1438	Alistair
1439	Aliti
1440	Aliu
1441	Alix
1442	Aliyev
1443	Aliyeva
1444	Aljaž
1445	Aljedaani
1446	Aljoša
1447	Alka
1448	Alkain
1449	Alkain Mitxelena
1450	Alkassar
1451	Alkurt
1452	Alla
1453	Allaberdiýew
1454	Allagbe
1455	Allagbé
1456	Allain
1457	Allamagan
1458	Allan
1459	Allan Ardaújo
1460	Allan Bardinho
1461	Allan Norberto
1462	Allan Sousa
1463	Allan-Roméo
1464	Allano
1465	Allano Brendon
1466	Allansson
1467	Allard
1468	Allemeersch
1469	Allen
1470	Allende
1471	Allevinah
1472	Alli
1473	Allison
1474	Allison Alan
1475	Allison Sireo
1476	Allou
1477	Allsop
1478	Allysha
1479	Alm
1480	Almada
1481	Almajhad
1482	Almamy
1483	Almas
1484	Almaz
1485	Almebäck
1486	Almeida
1487	Almeida Costa
1488	Almeida Ilori
1489	Almeida Júnior
1490	Almeida Machado
1491	Almeida Mendes
1492	Almeida Reis
1493	Almeida Santos
1494	Almeida da Cunha
1495	Almendra
1496	Almin
1497	Alminho Boas
1498	Almir
1499	Almirón
1500	Almosailem
1501	Almuaiouf
1502	Almuth
1503	Alnaji
1504	Alnwick
1505	Alok
1506	Alomerović
1507	Alon
1508	Alonso
1509	Alonso Bello
1510	Alonso Expósito
1511	Alonso Lara
1512	Alonso Mendoza
1513	Alou
1514	Alounga
1515	Alowais
1516	Aloys
1517	Aloé
1518	Alparslan
1519	Alpaslan
1520	Alper
1521	Alper Potuk
1522	Alperen
1523	Alpha
1524	Alphand
1525	Alphonse
1526	Alphonso
1527	Alpsoy
1528	Alsefri
1529	Alshamekh
1530	Alson Botelho
1531	Altınay
1532	Altıntaş
1533	Altair
1534	Altamirano
1535	Altan
1536	Altare
1537	Altay
1538	Althaf
1539	Althea
1540	Altidore
1541	Altin
1542	Altube
1543	Altube Suárez
1544	Altunbaş
1545	Altuntas
1546	Alujevič
1547	Aluko
1548	Aluísio Chaves
1549	Alvarado
1550	Alvares
1551	Alvarez
1552	Alvaro
1553	Alvaro Rodríguez
1554	Alvas
1555	Alves
1556	Alves Bastos
1557	Alves Chú
1558	Alves Coelho
1559	Alves Correia
1560	Alves Morais
1561	Alves Santos
1562	Alves Soares
1563	Alves da Silva
1564	Alves de Araujo
1565	Alves de Barros
1566	Alves de Lima
1567	Alvildo Sousa
1568	Alvin Severino
1569	Alvino
1570	Alvyn Antonio
1571	Alvyn Sanches
1572	Alwin
1573	Aly
1574	Aly Abeid
1575	Alysha
1576	Alyssa
1577	Alzate
1578	Alzeshi
1579	Alzouma
1580	Alzubaidi
1581	Alán
1582	Alícia
1583	Alícia Correia
1584	Amaar
1585	Amad
1586	Amade
1587	Amadi-Holloway
1588	Amado
1589	Amador
1590	Amador Silos
1591	Amadou
1592	Amadé
1593	Amaechi
1594	Amahle
1595	Amaiur
1596	Amaiur Sarriegi
1597	Amal
1598	Amalfitano
1599	Amalie
1600	Amallah
1601	Amaluzor
1602	Aman
1603	Amanda
1604	Amanda Cecília
1605	Amanda Sampedro
1606	Amandine
1607	Amani
1608	Amankwaa
1609	Amankwah
1610	Amano
1611	Amanuel
1612	Amar
1613	Amara
1614	Amaral
1615	Amaral Borduchi
1616	Amaral Mendes
1617	Amare
1618	Amari
1619	Amari'i
1620	Amarilla
1621	Amarjit
1622	Amaro
1623	Amartey
1624	Amat
1625	Amat Maas
1626	Amath
1627	Amato
1628	Amaury
1629	Amavi
1630	Amaya
1631	Amber
1632	Ambri
1633	Ambrogio
1634	Ambroise
1635	Ambrose
1636	Ambrosius
1637	Ambrož
1638	Ambríz
1639	Amdouni
1640	Ame
1641	Amedej
1642	Amedick
1643	Ameen
1644	Amel
1645	Amenyido
1646	Ameobi
1647	Amer
1648	Ametov
1649	Amey
1650	Ameyaw
1651	Amian
1652	Amid
1653	Amidou
1654	Amilton
1655	Amin
1656	Amina
1657	Aminata
1658	Amine
1659	Aminu
1660	Amir
1661	Amira
1662	Amiran
1663	Amiri
1664	Amissi
1665	Amit
1666	Amjad
1667	Amjhad
1668	Amma
1669	Ammar
1670	Ammar.A
1671	Ammitzbøll
1672	Amo
1673	Amo Torres
1674	Amoah
1675	Amodako
1676	Amol
1677	Amon
1678	Amond
1679	Amoo
1680	Amor
1681	Amorim Silva
1682	Amorrortu
1683	Amorrortu Andrinúa
1684	Amos
1685	Ampadu
1686	Ampomah
1687	Amponsah
1688	Ampuero
1689	Amr
1690	Amrabat
1691	Amrani
1692	Amrinder
1693	Amrit
1694	Amro
1695	Amro Tarek
1696	Amukusana
1697	Amund
1698	Amundsen
1699	Amura
1700	Amuzu
1701	Amy
1702	Amyn
1703	Amzar
1704	Amzine
1705	Amélia
1706	Amélie
1707	Amîr
1708	An
1709	An Chan Gi
1710	An Hyeon Beom
1711	An Jin Beom
1712	An-yan
1713	Anıl
1714	Ana
1715	Ana Borges
1716	Ana Capeta
1717	Ana Catarina
1718	Ana Cristina
1719	Ana Dias
1720	Ana Inês
1721	Ana Iris
1722	Ana Leite
1723	Ana Marina
1724	Ana Rita
1725	Ana Rute
1726	Ana Seiça
1727	Anahita
1728	Anaitz
1729	Analu
1730	Anami
1731	Anamul
1732	Anand
1733	Ananda
1734	Anang
1735	Anani
1736	Anania
1737	Ananou
1738	Anantasu
1739	Anar
1740	Anas
1741	Anass
1742	Anastasio
1743	Anastasios
1744	Anastasiya
1745	Anatoliy
1746	Anatoly
1747	Anaïs
1748	Ancheta
1749	Ander
1750	Ander Guevara
1751	Ander Herrera
1752	Ander Martín
1753	Ander Zoilo
1754	Andereggen
1755	Anders
1756	Anders K.
1757	Andersen
1758	Anderson
1759	Anderson J.
1760	Anderson José
1761	Anderson Lopes
1762	Anderson Oliveira
1763	Anderson Patric
1764	Anderson Talisca
1765	Andersson
1766	Anderton
1767	Andeson Jaime
1768	Andeson Trigo
1769	Andi
1770	Andimba
1771	Andjaba
1772	Ando
1773	Andoh
1774	Andolšek
1775	Andon
1776	Andone
1777	Andoni
1778	Andonov
1779	Andrada
1780	Andrade
1781	Andrade Silva
1782	Andrade Simões
1783	Andrade Zanon
1784	Andrade da Costa
1785	Andrade dos Santos
1786	Andranik
1787	Andraž
1788	Andre
1789	Andre Shinyashiki
1790	Andrea
1791	Andrea Pereira
1792	Andreaš
1793	Andreas
1794	Andreas Eines
1795	Andreas Hugo
1796	Andreas Pereira
1797	Andreas Skov
1798	Andreasen
1799	Andreassen
1800	Andreasson
1801	Andreaw
1802	Andreea
1803	Andreev
1804	Andrei
1805	Andrei Girotto
1806	Andreia
1807	Andreia Faria
1808	Andreia Jacinto
1809	Andreia Norton
1810	Andrej
1811	Andrejević
1812	Andrenacci
1813	Andreou
1814	Andres
1815	Andresen
1816	Andresson
1817	Andreu
1818	Andreu Ruiz
1819	Andrevaldo
1820	Andrew
1821	Andrews
1822	Andrey
1823	Andri
1824	Andrić
1825	Andri Fannar
1826	Andria
1827	Andriamihaja
1828	Andrianirina
1829	Andric
1830	Andrich
1831	Andries
1832	Andrieu
1833	Andrieux
1834	Andrievskyi
1835	Andrija
1836	Andrija.R
1837	Andriopoulos
1838	Andriy
1839	Andronache
1840	Andros
1841	Androutsos
1842	Andrus
1843	Andry
1844	Andrzej
1845	András
1846	André
1847	André A.
1848	André Almeida
1849	André Amaro
1850	André Anderson
1851	André André
1852	André Antonio
1853	André Barbosa
1854	André Campos
1855	André Clóvis
1856	André David
1857	André F.
1858	André Ferreira
1859	André Filipe
1860	André Fonseca
1861	André Franco
1862	André Gomes
1863	André Horta
1864	André Luís
1865	André Martins
1866	André Mendes
1867	André Miguel
1868	André Mikael
1869	André Milazisco
1870	André Moreira
1871	André Paulo
1872	André Ramalho
1873	André Renato
1874	André Ribeiro
1875	André Santos
1876	André Silva
1877	André Simões
1878	André Vidigal
1879	André-Franck
1880	André-Pierre
1881	Andréas
1882	Andrés
1883	Andrés Borge
1884	Andrés Carlos
1885	Andrés Caro
1886	Andrés Eduardo
1887	Andrés Fdez.
1888	Andrés Felipe
1889	Andrés Fernández
1890	Andrés Martín
1891	Andrés Sanz
1892	Andrésson
1893	Andueza
1894	Andujar
1895	Andy
1896	Andy Rios
1897	Andújar
1898	Andújar Jiménez
1899	Andújar Moreno
1900	Aneke
1901	Anel
1902	Anes
1903	Anestis
1904	Aneta
1905	Anette
1906	Anfernee
1907	Ang
1908	Angarita
1909	Angel
1910	Angel M.
1911	Angela
1912	Angeldahl
1913	Angeldal
1914	Angeliño
1915	Angello
1916	Angelo
1917	Angelos
1918	Angelotti
1919	Angelov
1920	Anggoon
1921	Angha
1922	Angielski
1923	Angileri
1924	Anglada
1925	Anglada Gutiérrez
1926	Angol
1927	Angou
1928	Angousana
1929	Angresola Jiménez
1930	Anguissa
1931	Angula
1932	Angulho Fancini
1933	Angulo
1934	Angulo Albóniga
1935	Angus
1936	Aničić
1937	Ania
1938	Anibaba
1939	Anibal
1940	Aniceta
1941	Aniek
1942	Aniket
1943	Anil
1944	Anima
1945	Anirudh
1946	Anis
1947	Anisimov
1948	Anita
1949	Anja
1950	Anjali
1951	Anjana
1952	Anjelika
1953	Anjorin
1954	Anjos Rochedo
1955	Anjos Rosan
1956	Anju
1957	Ankele
1958	Ankersen
1959	Ankhbayar
1960	Ankinian
1961	Ankit
1962	Ankrah
1963	Ann-Katrin
1964	Anna
1965	Anna Torrodà
1966	Annagul
1967	Annalie
1968	Anne
1969	Anne-Marie
1970	Annesley
1971	Annika
1972	Annumanian
1973	Annyong
1974	Anoh
1975	Anosike
1976	Anouar
1977	Anouk
1978	Anri
1979	Ansaldi
1980	Ansari
1981	Ansarifard
1982	Ansel Barni
1983	Ansell
1984	Anselm
1985	Anselmi
1986	Anselmo
1987	Anselmo Meirás
1988	Anselmo Túlio
1989	Ansgar
1990	Anshuman
1991	Anssi
1992	Anssumane
1993	Ansu
1994	Ansu Fati
1995	Ansumane Biai
1996	Antal
1997	Antalyalı
1998	Antanas
1999	Ante
2000	Anteneh
2001	Anthes
2002	Anthony
2003	Anthony Michel
2004	Anthonys
2005	Antilef
2006	Antiste
2007	Antman
2008	Anto
2009	Antoine
2010	Antolić
2011	Antolín
2012	Anton
2013	Antonaldinho
2014	Antonaldo David
2015	Antonaldo Laforte
2016	Antonaldo Luiz
2017	Antonaldo V.
2018	Antonaldo Vaz
2019	Antonatos
2020	Antonay
2021	Antonee
2022	Antoni
2023	Antonia
2024	Antonin
2025	Antonini
2026	Antonino
2027	Antonio
2028	Antonio C.
2029	Antonio David
2030	Antonio Jesús
2031	Antonio José
2032	Antonio Sánchez
2033	Antonios
2034	Antonis
2035	Antonitsch
2036	Antoniu
2037	Antoniu Roca
2038	Antonopoulos
2039	Antonov
2040	Antonova
2041	Antonsen
2042	Antonsson
2043	Antonucci
2044	Antony
2045	Antonín
2046	Antovski
2047	Antoñin
2048	Antoñito
2049	Antoñín
2050	Antti
2051	Antun
2052	Antuna
2053	Antunes
2054	Antunes Carvalho
2055	Antunes Eustáquio
2056	Antunes da Silva
2057	Antwi
2058	Antwi-Adjei
2059	Antwoine
2060	Antyukh
2061	Antón
2062	António Manuel
2063	Antônio Carlos
2064	Antônio Chiamuloira
2065	Antônio Felipe
2066	Anu
2067	Anuar
2068	Anudaan
2069	Anuj
2070	Anunga
2071	Anup
2072	Anuradha
2073	Anuvinda
2074	Anvegård
2075	Anwar
2076	Anyembe
2077	Anzai
2078	Anzinger
2079	Aníbal
2080	Aníbal Dias
2081	Aníbal Rangel
2082	Ao
2083	Aodh
2084	Aokai
2085	Aoki
2086	Aom
2087	Aouacheria
2088	Aouar
2089	Aouchiche
2090	Aoyama
2091	Aoás Corrêa
2092	Apa
2093	Apache
2094	Apaolaza
2095	Aparecido Silva
2096	Aparicio Gómez
2097	Aparna
2098	Apeh
2099	Api
2100	Apibal
2101	Apkarian
2102	Apna Embaló
2103	Apolinário de Lira
2104	Apollo
2105	Apostolakis
2106	Apostolopoulos
2107	Apostolos
2108	Apostolov
2109	Appelkamp
2110	Appelt Pires
2111	Appiah
2112	Appiah Tawiah
2113	Appiah-Forson
2114	Appin
2115	Appindangoye
2116	Appéré
2117	Apter
2118	Apuia
2119	Aqeel
2120	Aqib
2121	Aquiles
2122	Aquilina
2123	Aquilino
2124	Aquino
2125	Aquino Cossa
2126	Ara
2127	Arab
2128	Arabe
2129	Arace
2130	Arafat
2131	Arai
2132	Arajuuri
2133	Arak
2134	Arakelian
2135	Araki
2136	Aral
2137	Aram
2138	Arambarri
2139	Arambarri Murua
2140	Aramburu
2141	Aramu
2142	Arancibia
2143	Aranda
2144	Arango
2145	Arano
2146	Arantes Maximiano
2147	Arantes Nascimento
2148	Arape
2149	Araruna
2150	Araruna Hoffmann
2151	Aras
2152	Arase
2153	Arata
2154	Arati
2155	Aratz
2156	Araujo
2157	Aravena
2158	Aravind
2159	Aravinda Romesh
2160	Araya
2161	Araz
2162	Araújo
2163	Araújo Chaves Jr.
2164	Araújo Ferreira
2165	Araújo Martins
2166	Araújo Morais
2167	Araújo Soares
2168	Araújo dos Santos
2169	Araúz
2170	Arbelet
2171	Arbenit
2172	Arbilla
2173	Arbilla Zabala
2174	Arbnor
2175	Arbën
2176	Arbër
2177	Arcanjo
2178	Arce
2179	Archana
2180	Archbold
2181	Archer
2182	Archibald
2183	Archie
2184	Arconte
2185	Arctander Moe
2186	Arcus
2187	Arda
2188	Ardaújo Alves
2189	Ardeleanu
2190	Ardi
2191	Ardian
2192	Ardit
2193	Areddy
2194	Aref
2195	Areg
2196	Aremana
2197	Aremu
2198	Aren
2199	Arends
2200	Areola
2201	Areshi
2202	Areso
2203	Areso Blanco
2204	Aresti
2205	Arfield
2206	Argachá
2207	Argañaraz
2208	Argenis
2209	Argos
2210	Argus
2211	Argyris
2212	Argüelles Álvarez
2213	Argüello
2214	Arh
2215	Arhar
2216	Arhin
2217	Ari
2218	Ari'i
2219	Arial
2220	Arian
2221	Arianit
2222	Arias
2223	Arias Copete
2224	Arib
2225	Aribi
2226	Aribo
2227	Aridane
2228	Ariel
2229	Arietaleanizbeaskoa
2230	Arigoni
2231	Arijan
2232	Arijanet
2233	Arild
2234	Arindam
2235	Arismendi
2236	Aristeguieta
2237	Aristeo
2238	Aristides
2239	Aristote
2240	Aristoteles
2241	Aristotle
2242	Aristóteles
2243	Aritz
2244	Aritz Elustondo
2245	Aritz de Miguel
2246	Ariunbold
2247	Arjan
2248	Arjen
2249	Arjun
2250	Arkadiusz
2251	Arkadiy
2252	Arkenberg
2253	Arla
2254	Arlauskis
2255	Arli
2256	Arlind
2257	Arlindo
2258	Arlo
2259	Arlés
2260	Armaș
2261	Arman
2262	Armand
2263	Armando
2264	Armando de Abreu
2265	Armani
2266	Armas
2267	Armel
2268	Armellino
2269	Armen
2270	Armend
2271	Armer
2272	Armiento
2273	Armin
2274	Armindo
2275	Armini
2276	Armoa
2277	Armougom
2278	Armson
2279	Armstrong
2280	Arnaldo
2281	Arnar
2282	Arnardóttir
2283	Arnarson
2284	Arnau
2285	Arnau Martínez
2286	Arnau Puigmal
2287	Arnau Tenas
2288	Arnaud
2289	Arnaut
2290	Arnautović
2291	Arnautovic
2292	Arne
2293	Arnejc
2294	Arnesen
2295	Arno
2296	Arnoia Sepa
2297	Arnold
2298	Arnos
2299	Arnot
2300	Arnott
2301	Arnould
2302	Arnstad
2303	Arnáiz
2304	Arnáiz Díaz
2305	Arnór
2306	Arnór Ingvi
2307	Arokodare
2308	Aron
2309	Aron Elís
2310	Arona
2311	Arora
2312	Arouna
2313	Arp
2314	Arquimides
2315	Arquímedes
2316	Arraiza Otazu
2317	Arrascaita
2318	Arratia
2319	Arratia Lechosa
2320	Arreaga
2321	Arregi Arrieta
2322	Arribas
2323	Arribas Calvo
2324	Arribas Garrido
2325	Arribas Pasero
2326	Arrieta
2327	Arriola
2328	Arrizabalaga
2329	Arron
2330	Arroyo
2331	Arroé
2332	Arrua
2333	Arsamazov
2334	Arsen
2335	Arseni
2336	Arsenić
2337	Arsh
2338	Arsh Banwait
2339	Arshakuni
2340	Arshdeep
2341	Arsim
2342	Arslan
2343	Arslanagic
2344	Arsène
2345	Arsénio
2346	Arsénio Martins
2347	Arta
2348	Artamonov
2349	Artan
2350	Arteaga
2351	Artean
2352	Artem
2353	Arter
2354	Arthur
2355	Arthur Cabral
2356	Arthur Caike
2357	Arthur Henrique
2358	Arthur Kevin
2359	Arthur Silbeira
2360	Arthur Silva
2361	Arti
2362	Artiles Cedrés
2363	Artjom
2364	Artur
2365	Artur Jorge
2366	Arturo
2367	Arturo Adolfo
2368	Arturo Inálcio
2369	Arturo Jonaldo
2370	Artyom
2371	Aruktai
2372	Aruladd
2373	Arun
2374	Aruna
2375	Arveladze
2376	Arvid
2377	Arvidsson
2378	Arvin
2379	Arvind
2380	Ary
2381	Aryan
2382	Arzamendia
2383	Arzan
2384	Arzani
2385	Arziani
2386	Arzumanian
2387	Aránguiz
2388	Arón
2389	Asa
2390	Asad
2391	Asaf
2392	Asahi
2393	Asamoah
2394	Asan
2395	Asano
2396	Asante
2397	Asbjørn
2398	Ascacibar
2399	Ascacíbar
2400	Aschraf
2401	Ascone
2402	Asdghig
2403	Asen
2404	Asenjo
2405	Asenjo Andrés
2406	Asensio
2407	Asensio Willemsen
2408	Aseri
2409	Asger
2410	Ash
2411	Asha
2412	Ashby
2413	Ashby-Hammond
2414	Ashcroft
2415	Ashebir
2416	Ashenafi
2417	Ashford
2418	Ashimeru
2419	Ashin
2420	Ashique
2421	Ashish
2422	Ashkenazi
2423	Ashley
2424	Ashley-Seal
2425	Ashlyn
2426	Ashok
2427	Ashot
2428	Ashraf
2429	Ashraful
2430	Ashton
2431	Ashtone
2432	Ashurmatov
2433	Ashutosh
2434	Ashworth
2435	Asier
2436	Asier Córdoba
2437	Asif
2438	Asir
2439	Asiri
2440	Asish
2441	Askar
2442	Aske
2443	Asker
2444	Askildsen
2445	Askovski
2446	Aslak
2447	Aslak Fonn
2448	Aslan
2449	Aslanian
2450	Asllani
2451	Aslonov
2452	Asmir
2453	Asoka
2454	Asomani
2455	Asoro
2456	Aspas Juncal
2457	Asprilla
2458	Aspropotamitis
2459	Assadourian
2460	Assal
2461	Assalé
2462	Assamoi
2463	Assan
2464	Assane
2465	Assehnoun
2466	Asselah
2467	Asseyi
2468	Assi
2469	Assibey-Mensah
2470	Assifuah
2471	Assignon
2472	Assiri
2473	Assié
2474	Assmann
2475	Assogba
2476	Assombalonga
2477	Assunção da Silva
2478	Asta
2479	Asta-Buruaga
2480	Aster
2481	Astley
2482	Aston
2483	Astrid
2484	Astrit
2485	Asumah
2486	Asumah Abubakar
2487	Asís
2488	Atınç
2489	Atınç Nukan
2490	Atabey
2491	Atakan
2492	Atal
2493	Atalay
2494	Atanase
2495	Atanasov
2496	Atanga
2497	Atangana
2498	Ataru
2499	Atasuke
2500	Ataúlfo Anjos
2501	Ataúlfo Heitor
2502	Atchabahian
2503	Atdhe
2504	Ateş
2505	Ateef
2506	Atef
2507	Atencio
2508	Athanasakopoulos
2509	Athanasios
2510	Atheba
2511	Athenea
2512	Athina
2513	Athula
2514	Ati
2515	Atiba
2516	Atienza
2517	Atienza Villa
2518	Atik
2519	Atilla
2520	Atkins
2521	Atkinson
2522	Atmaca
2523	Atmadja
2524	Atnan
2525	Atom
2526	Atomu
2527	Atouchi
2528	Atsu
2529	Atsuki
2530	Atsushi
2531	Atsé
2532	Atta
2533	Attah
2534	Attamah
2535	Attard
2536	Attati
2537	Attila
2538	Attinella
2539	Attiyah
2540	Atubolu
2541	Atuesta
2542	Atul
2543	Atupele
2544	Auassar
2545	Aubameyang
2546	Aubert
2547	Aubry
2548	Aude
2549	Audero
2550	Aued
2551	Auer
2552	Aufstranzoffer
2553	Augello
2554	Auger
2555	August
2556	Auguste
2557	Augustijns
2558	Augustin
2559	Augustine
2560	Augustinsson
2561	Augusto
2562	Augusts
2563	Augustus
2564	Augustyn
2565	Augustyniak
2566	Augustín
2567	Auli
2568	Auli'i
2569	Aun
2570	Aune
2571	Aune Selland
2572	Aurel
2573	Aurelian
2574	Aurelio
2575	Aurier
2576	Auro
2577	Auro Alvaro
2578	Auro Jr.
2579	Aurora
2580	Aursnes
2581	Aurélien
2582	Aurélio Buta
2583	Aurélio Gabriel
2584	Austbø
2585	Austen
2586	Austerfield
2587	Austin
2588	Auston
2589	Autonne
2590	Autret
2591	Auzqui
2592	Ava
2593	Avadhesh
2594	Avakian
2595	Avalos
2596	Avan
2597	Avatar Test
2598	Avci
2599	Avdić
2600	Avdo
2601	Avedisian
2602	Avelino
2603	Avelino Teixeira
2604	Avenatti
2605	Avene
2606	Avet
2607	Avevor
2608	Avigail
2609	Avila
2610	Avilash
2611	Avilés
2612	Avilés Cortés
2613	Avinash
2614	Avinel
2615	Avionne
2616	Avishka
2617	Avión R.
2618	Avni
2619	Avotra
2620	Avraam
2621	Avraham
2622	Avram
2623	Avramovski
2624	Avsec
2625	Avsenik
2626	Aw
2627	Awaale
2628	Awad
2629	Awadh
2630	Awaji
2631	Awaka
2632	Awate
2633	Awazie
2634	Awaziem
2635	Awe
2636	Awel
2637	Awer
2638	Awere
2639	Awn
2640	Awoniyi
2641	Awoudja
2642	Awuku
2643	Awushi
2644	Axel
2645	Axelle
2646	Axelos
2647	Axelsson
2648	Axmed
2649	Ay
2650	Aya
2651	Ayaka
2652	Ayala
2653	Ayalew
2654	Ayan
2655	Ayanda
2656	Ayanna
2657	Ayari
2658	Ayase
2659	Ayasha
2660	Ayassou
2661	Ayaz
2662	Aydın
2663	Aydin
2664	Aydoğan
2665	Aydoğdu
2666	Ayensa
2667	Ayer
2668	Ayesa
2669	Ayesa Burgui
2670	Ayesha
2671	Ayew
2672	Aygün
2673	Ayhan
2674	Ayina
2675	Ayité
2676	Aylan
2677	Ayling
2678	Aylton
2679	Aylton Boa Morte
2680	Aylton Filipe
2681	Ayman
2682	Aymane
2683	Aymen
2684	Aymeric
2685	Aynsley
2686	Ayo
2687	Ayo Simon
2688	Ayodeji
2689	Ayom
2690	Ayomo
2691	Ayoub
2692	Ayoví
2693	Ayoze
2694	Ayoze Pérez
2695	Ayrton
2696	Ayrton Lucas
2697	Aytaç
2698	Aytaç Kara
2699	Ayub Timbe
2700	Ayukawa
2701	Ayumu
2702	Ayunga
2703	Ayush
2704	Azad
2705	Azadouhi
2706	Azamoum
2707	Azaro
2708	Azat
2709	Azaz
2710	Azcona
2711	Azeez
2712	Azem
2713	Azemi
2714	Azer
2715	Azevedo
2716	Azevedo Júnior
2717	Azevedo Lima
2718	Azhil
2719	Aziel
2720	Aziikiwe
2721	Azikiwe
2722	Aziz
2723	Aziz.J
2724	Azizi
2725	Azogue
2726	Azola
2727	Azor
2728	Azpilicueta
2729	Azpilicueta Tanco
2730	Azra
2731	Azubuike
2732	Azulai
2733	Azumi
2734	Azur
2735	Azzaoui
2736	Azzedine
2737	Azón Monzón
2738	Aïssa
2739	Aïssatou
2740	Aït Nouri
2741	Aït-Nouri
2742	Añez
2743	Bălașa
2744	Bălan
2745	Bălgrădean
2746	Băluță
2747	Bărbuț
2748	Bąk
2749	Bērziņš
2750	B Bodo
2751	B. Al Ahbabi
2752	B. Alcocer
2753	B. Angulo
2754	B. Ayala
2755	B. Balat
2756	B. Caicedo
2757	B. Castillo
2758	B. Castro
2759	B. Cevahir
2760	B. Garnica
2761	B. Henrique
2762	B. Hórreo
2763	B. Iglesias
2764	B. J. Nazinho
2765	B. Johnsen
2766	B. Lamas
2767	B. Lasso
2768	B. Lourenço
2769	B. Lozano
2770	B. Mayoral
2771	B. McNamee
2772	B. Medina
2773	B. Mendes
2774	B. Morais
2775	B. Méndez
2776	B. Nsimba
2777	B. Oliván
2778	B. Palmezano
2779	B. Paton
2780	B. Perlaza
2781	B. Pitton
2782	B. Piñatares
2783	B. Ramírez
2784	B. Rivera
2785	B. Romero
2786	B. Rusu
2787	B. Sierra
2788	B. Sánchez
2789	B. Toma
2790	B. Valdez
2791	B. Varela
2792	B. Velarde
2793	B. Verstraete
2794	B. Vázquez
2795	B. Wilson
2796	B. de Melo Tomás
2797	B.Alanazi
2798	B.Angulo
2799	B.Badiashile
2800	B.Cyrille
2801	B.Fernandes
2802	B.Gaspar
2803	B.Kutlu
2804	B.Mendy
2805	B.Murphy
2806	B.Nasser
2807	B.Ndour
2808	B.Sivertsen
2809	B.Soumare
2810	B.Toure
2811	B.Williams
2812	B.Öztürk
2813	Błachewicz
2814	Błaszczyk
2815	Błaszczykowski
2816	Błażej
2817	Břečka
2818	Ba
2819	Bačar
2820	Bačič
2821	Bağ
2822	Ba D.
2823	Ba Dun
2824	Ba Loua
2825	Ba Masoud
2826	Ba-Muaka
2827	Baş
2828	Başaçıkoğlu
2829	Başsan
2830	Baack
2831	Baah
2832	Baš
2833	Baša
2834	Bašić
2835	Baba
2836	Baba Fernandes
2837	Babacan
2838	Babacar
2839	Babajide David
2840	Babangida
2841	Babayaro
2842	Babayev
2843	Babel
2844	Babić
2845	Babin
2846	Babita
2847	Babkin
2848	Bablu
2849	Baboescu
2850	Baboucarr
2851	Babu
2852	Babulal
2853	Babuscu
2854	Baby
2855	Baca
2856	Bacca
2857	Baccay
2858	Bacchia
2859	Baccus
2860	Bacelar Martins
2861	Bach
2862	Bacher
2863	Bachirou
2864	Bachmann
2865	Back
2866	Backman
2867	Bacon
2868	Bacuna
2869	Bada
2870	Badaloni
2871	Badamosi
2872	Badan
2873	Badelj
2874	Baden
2875	Baden Frederiksen
2876	Bader
2877	Badia Guardiola
2878	Badiane
2879	Badiashile
2880	Badile
2881	Badji
2882	Badjie
2883	Badley-Morgan
2884	Badr
2885	Badstuber
2886	Badé
2887	Badía
2888	Bae
2889	Bae Jae Woo
2890	Bae Jong
2891	BaeJong
2892	Baek
2893	Baek Jong Beom
2894	Baena
2895	Baena Pérez
2896	Baena Rodríguez
2897	Baert
2898	Baeten
2899	Baeza
2900	Baeza Pérez
2901	Baffo
2902	Bafode Baldé
2903	Bafodé
2904	Bafounta
2905	Bafétimbi
2906	Bag
2907	Bagan
2908	Bagar
2909	Bagayoko
2910	Bagdasarian
2911	Bagdi
2912	Bager
2913	Baggley
2914	Baggott
2915	Baghdadi
2916	Baghirov
2917	Bagner
2918	Bagus
2919	Bagüí
2920	Bah
2921	Bah-Traoré
2922	Bahachille
2923	Bahadır
2924	Bahadir
2925	Bahadur
2926	Bahamboula
2927	Bahamdan
2928	Bahari
2929	Bahassa
2930	Bahebri
2931	Bahir
2932	Bahn
2933	Bahoken
2934	Bahoui
2935	Bahtiyar
2936	Bahtiyar Pezila
2937	Bai
2938	Bai J.J.
2939	Bai Jiajun
2940	Bai X.S.
2941	Bai Xuesong
2942	Bai Y.
2943	Bai Y.F.
2944	Bai Yang
2945	Bai Yuefeng
2946	Baia Marques
2947	Baia Paneira
2948	Baiaram
2949	Baidoo
2950	Baidya
2951	Baihetiyaer
2952	Bailey
2953	Baillie
2954	Bailly
2955	Baily
2956	Bain
2957	Bainović
2958	Bair
2959	Bairamov
2960	Baird
2961	Baisya
2962	Baitha
2963	Baiye
2964	Bajamich
2965	Bajandouh
2966	Bajic
2967	Bajram
2968	Bajrami
2969	Bajselmani
2970	Bajwa
2971	Bak
2972	Bakıs
2973	Bakaev
2974	Bakaev Z.
2975	Bakakis
2976	Bakalorz
2977	Bakambu
2978	Bakare
2979	Bakari
2980	Bakarić
2981	Bakary
2982	Bakasetas
2983	Bakaye
2984	Bakayoko
2985	Bakboord
2986	Bakenga
2987	Baker
2988	Baker-Richardson
2989	Bakery
2990	Bakhat
2991	Bakhit
2992	Bakinson
2993	Bakir
2994	Bakis
2995	Bakiyev
2996	Bakiz
2997	Bakke
2998	Bakken
2999	Bakker
3000	Baktiyar
3001	Baku
3002	Bakwa
3003	Bakyt
3004	Bala
3005	Balaban
3006	Balaguer
3007	Balaj
3008	Balaji
3009	Balan
3010	Balanta
3011	Balaram
3012	Balard
3013	Balasa
3014	Balaska
3015	Balat
3016	Balaur
3017	Balauru
3018	Balcı
3019	Balchunas
3020	Balcombe
3021	Balda
3022	Baldasarra
3023	Balde
3024	Balde Martínez
3025	Baldeh
3026	Baldeiro Lopes
3027	Balderrama
3028	Baldisimo
3029	Baldock
3030	Baldomero
3031	Baldursson
3032	Baldwin
3033	Baldé
3034	Bale
3035	Balen
3036	Balentina
3037	Balenziaga
3038	Balerdi
3039	Balgimbayev
3040	Balgradean
3041	Bali
3042	Balić
3043	Balian
3044	Balic
3045	Balik
3046	Balikwisha
3047	Baljinder
3048	Baljit
3049	Balk
3050	Balker
3051	Balkera
3052	Balkovec
3053	Ball
3054	Ballack
3055	Ballantyne
3056	Ballard
3057	Ballas
3058	Ballesteros
3059	Balliu
3060	Ballivián
3061	Ballmert
3062	Ballo
3063	Ballo-Touré
3064	Ballou
3065	Balobaid
3066	Balodis
3067	Balogh
3068	Balogun
3069	Balongo
3070	Balotelli
3071	Balta
3072	Baltabek
3073	Baltazar
3074	Baltimore
3075	Balu
3076	Baluta
3077	Balwant
3078	Balwinder
3079	Balzan
3080	Balzi
3081	Balázs
3082	Bamba
3083	Bambu
3084	Bamenye
3085	Bamert
3086	Bamford
3087	Bampis
3088	Bamrungthin
3089	Ban Suk
3090	BanSuk
3091	Banach
3092	Banaszak
3093	Bancu
3094	Banda
3095	Bandar
3096	Bandara
3097	Bandeira Fonseca
3098	Bandi
3099	Bandiera
3100	Bandile
3101	Bandinelli
3102	Bandiougou
3103	Bandura
3104	Bane
3105	Banega
3106	Banegas
3107	Banerjee
3108	Bang
3109	Bange
3110	Banggaard
3111	Bangoura
3112	Bangré
3113	Bangsow
3114	Banguera
3115	Banguero
3116	Bangunagande
3117	Bangura
3118	Bani
3119	Baningime
3120	Banis
3121	Bankole
3122	Banks
3123	Bannan
3124	Banner
3125	Bannis
3126	Bano
3127	Bansais
3128	Bansal
3129	Bansal-Mcnulty
3130	Banthao
3131	Banu
3132	Banza
3133	Banzer
3134	Bao
3135	Bao Y.X.
3136	Bao Yaxiong
3137	Baojie
3138	Baoringdao
3139	Bapaga
3140	Bapoh
3141	Baptista Franco
3142	Baptistao
3143	Baptiste
3144	Barış
3145	Barış Alper
3146	Barack
3147	Barada
3148	Baraiy
3149	Barak
3150	Barakah
3151	Barakat
3152	Baran
3153	Baraniq
3154	Baranowski
3155	Baratashvili
3156	Baravykas
3157	Barba
3158	Barba Castillo
3159	Barbara
3160	Barbarouses
3161	Barbe
3162	Barber
3163	Barberis
3164	Barbero
3165	Barbery
3166	Barberá
3167	Barbet
3168	Barbier
3169	Barbieri
3170	Barbona
3171	Barbosa
3172	Barbosa Avelino
3173	Barbosa Ferreira
3174	Barbosa Moreira
3175	Barbosa Pereira
3176	Barbosa Prazeres
3177	Barbosa Vieites
3178	Barbosa da Silva
3179	Barbosa de Oliveira
3180	Barboza
3181	Barbu
3182	Barbut
3183	Barceló
3184	Barcia Larenxeira
3185	Barclay
3186	Barco
3187	Barcola
3188	Bard
3189	Bardakcı
3190	Bardeira Cunha
3191	Bardell
3192	Barden
3193	Bardh
3194	Bardhi
3195	Bardhyl
3196	Bardi
3197	Bardini Paneira
3198	Bardini Reis
3199	Bardsley
3200	Bardy
3201	Bare
3202	Barea Núñez
3203	Bareiro
3204	Barella
3205	Baresi
3206	Bargiel
3207	Bari
3208	Baria
3209	Bariagher
3210	Barišić
3211	Baribo
3212	Barik
3213	Barillà
3214	Barinaga
3215	Barinov
3216	Bariy
3217	Barja Afonso
3218	Barkas
3219	Barker
3220	Barkers
3221	Barkhuizen
3222	Barkisu
3223	Barkley
3224	Barkok
3225	Barlaser
3226	Barlasina
3227	Barlow
3228	Barman
3229	Barmen
3230	Barnabás
3231	Barnard
3232	Barnawi
3233	Barne
3234	Barnee
3235	Barnes
3236	Barnett
3237	Barni Barros
3238	Barnutiu
3239	Baron
3240	Barona
3241	Barone
3242	Barotov
3243	Barovero
3244	Barovič
3245	Barr
3246	Barradas Novais
3247	Barragán
3248	Barragán Fernández
3249	Barrat
3250	Barraza
3251	Barre
3252	Barreal
3253	Barreau
3254	Barreca
3255	Barredo
3256	Barredo Calvo
3257	Barreiro
3258	Barreiro Bustelo
3259	Barreiro Martins
3260	Barrenetxea
3261	Barrera
3262	Barret
3263	Barreto
3264	Barreto Gesser
3265	Barrett
3266	Barretto
3267	Barri Paytuvi
3268	Barrio Álvarez
3269	Barrios
3270	Barros
3271	Barros Soares
3272	Barros de Almeida
3273	Barrow
3274	Barrozo Rodrigues
3275	Barry
3276	Barry Arévalo
3277	Barsamian
3278	Barsukov
3279	Bart
3280	Bartłomiej
3281	Barta
3282	Bartek
3283	Bartels
3284	Barthelemy
3285	Barthelmé
3286	Bartholomew
3287	Barticciotto
3288	Bartkowski
3289	Bartl
3290	Bartlett
3291	Bartley
3292	Bartlow
3293	Bartoš
3294	Bartol
3295	Bartolewski
3296	Bartomeús
3297	Barton
3298	Bartosz
3299	Bartoszek
3300	Bartouche-Selbonne
3301	Bartra
3302	Bartra Aregall
3303	Baruah
3304	Baruti
3305	Barylla
3306	Barák
3307	Barès
3308	Baró Ortiz
3309	Bas
3310	Basak
3311	Basanta
3312	Basanti
3313	Baselli
3314	Basham
3315	Bashandi
3316	Bashir
3317	Bashkim
3318	Bashkirov
3319	Basil
3320	Basila
3321	Basile
3322	Basilio
3323	Basim
3324	Basinyi
3325	Basit
3326	Bass
3327	Bassala
3328	Bassas
3329	Bassekou
3330	Bassem
3331	Bassett
3332	Bassey
3333	Bassi
3334	Bassim
3335	Basso
3336	Bassogog
3337	Bassong
3338	Bastida
3339	Bastida Moya
3340	Bastien
3341	Bastián
3342	Bastião Dias
3343	Bastoni
3344	Bastos
3345	Bastos Domingues
3346	Bastos Oliveira
3347	Basu
3348	Basumatary
3349	Bataille
3350	Batalha Martins
3351	Batalla
3352	Batallini
3353	Bate
3354	Bateau
3355	Bateman
3356	Bates
3357	Batha
3358	Batioja
3359	Batisse
3360	Batista
3361	Batista Caetano
3362	Batista Meier
3363	Batlle Pascual
3364	Batmaz
3365	Batna
3366	Batshuayi
3367	Battaglia
3368	Batth
3369	Battocchio
3370	Batty
3371	Batubinsika
3372	Batukhan
3373	Batur
3374	Baturina
3375	Batz
3376	Bau
3377	Bau Min
3378	Bau Sa
3379	Baudry
3380	Bauer
3381	Bauman
3382	Baumann
3383	Baumer Negrão
3384	Baumer Trigo
3385	Baumgart
3386	Baumgartl
3387	Baumgartlinger
3388	Baumgartner
3389	Baumont
3390	Bauri
3391	Bautista
3392	Bautista Orgilles
3393	Bauwens
3394	Bauza
3395	Bava Shinyashiki
3396	Bavec
3397	Bawuah
3398	Baxevanos
3399	Baxter
3400	Bay
3401	Bayındır
3402	Bayır
3403	Bayagud
3404	Bayala
3405	Bayarmaa
3406	Bayere Junior
3407	Bayew
3408	Bayiha
3409	Baykurt
3410	Bayle
3411	Bayliss
3412	Bayo
3413	Bayoumi
3414	Bayrakdar
3415	Bayram
3416	Bayron
3417	Baysse
3418	Bazdrigiannis
3419	Bazin
3420	Bazoer
3421	Bazunu
3422	Bazzana
3423	Baúque
3424	Baýramow
3425	Bea
3426	Beadle
3427	Beadling
3428	Bean
3429	Beard
3430	Beason
3431	Beata
3432	Beaton
3433	Beatrice
3434	Beatriz
3435	Beattie
3436	Beau
3437	Beauguel
3438	Beaumont
3439	Beautyman
3440	Beauvais
3441	Beaven
3442	Bešter
3443	Bebeto
3444	Bebi
3445	Bebou
3446	Bebé
3447	Beccari
3448	Becerra
3449	Bech
3450	Becir
3451	Beck
3452	Beckemeyer
3453	Becker
3454	Beckers
3455	Beckett
3456	Beckham
3457	Beckie
3458	Beckles
3459	Beckwith
3460	Becky
3461	Becky Redela
3462	Becky Saudera
3463	Beddoe
3464	Bedeau
3465	Beder
3466	Bedia
3467	Bedia Peláez
3468	Bednarczyk
3469	Bednarek
3470	Bednář
3471	Bedoya
3472	Bedrosian
3473	Bee
3474	Beedles
3475	Beekman
3476	Beerensteyn
3477	Beermann
3478	Beernaert
3479	Beesley
3480	Beestin
3481	Beevers
3482	Beg
3483	Begaliev
3484	Begam
3485	Began
3486	Begench
3487	Begom
3488	Begović
3489	Begraoui
3490	Begum
3491	Behar
3492	Behera
3493	Behich
3494	Behounek
3495	Behrami
3496	Behrendt
3497	Behrens
3498	Behruz
3499	Beier
3500	Beifus
3501	Beijmo
3502	Beiranvand
3503	Beiroa
3504	Beister
3505	Beitashour
3506	Beitia Cardos
3507	Bejarano
3508	Bejger
3509	Bejic
3510	Beka
3511	Beka Beka
3512	Bekar
3513	Bekele
3514	Bekim
3515	Bekiroglu
3516	Bekkema
3517	Bel Hassani
3518	Bela
3519	Belaj
3520	Belak
3521	Belakovic
3522	Belaouf
3523	Belar
3524	Belaud
3525	Belbase
3526	Belcour
3527	Belec
3528	Belehouan
3529	Belfodil
3530	Belghazi
3531	Belhadji
3532	Belhanda
3533	Belic
3534	Belina Orsi
3535	Belinda Bianca
3536	Belkahia
3537	Belkebla
3538	Belkorchia
3539	Bell
3540	Bell Bell
3541	Bella Kotchap
3542	Bellagambi
3543	Bellanova
3544	Bellarabi
3545	Bellegarde
3546	Bellerin
3547	Bellerín Moruno
3548	Bellia
3549	Bellingham
3550	Bellini
3551	Bellman
3552	Bello
3553	Belloch
3554	Belloso
3555	Belluschi
3556	Bellusci
3557	Bellvís
3558	Bellvís Llorens
3559	Belman
3560	Belman Calvo
3561	Belmin
3562	Belmonte
3563	Belotti
3564	Belshaw
3565	Beltram
3566	Beltrame
3567	Beltrán
3568	Beltrán Peinado
3569	Belu
3570	Belu-Iordache
3571	Belushi
3572	Belutse
3573	Belén
3574	Bemanga
3575	Bemposta Dimas
3576	Ben
3577	Ben Balla
3578	Ben Fredj
3579	Ben Hamed
3580	Ben Kantie
3581	Ben Lhassine
3582	Ben Mohamed
3583	Ben Ouanes
3584	Ben Saada
3585	Ben Seghir
3586	Ben Yedder
3587	Ben-David
3588	Bena
3589	Benaissa
3590	Benali
3591	Benamar
3592	Benarbia
3593	Benard
3594	Benas
3595	Benassi
3596	Benatelli
3597	Benatia
3598	Benavídez
3599	Bence
3600	Benchaib
3601	Benchamma
3602	Benchimol Tavares
3603	Benda
3604	Bendebka
3605	Bendegúz
3606	Bender
3607	Bendik
3608	Bendiks
3609	Bendini Giusti
3610	Beneš
3611	Benedetta
3612	Benedetti
3613	Benedetto
3614	Benedict
3615	Benedikt
3616	Benedyczak
3617	Benezet
3618	Benga
3619	Bengali-Fodé
3620	Benger
3621	Bengono
3622	Bengtsson
3623	Benhamou
3624	Beni
3625	Benik
3626	Benincasa
3627	Benitez
3628	Benito
3629	Benito Crujera
3630	Benito Sánchez
3631	Benjamin
3632	Benjamin Chris
3633	Benjamin Meseira
3634	Benjamín
3635	Benji
3636	Benkarth
3637	Benkhedim
3638	Benkhemassa
3639	Benko
3640	Benković
3641	Benmuyal Reis
3642	Bennacer
3643	Bennett
3644	Bennetts
3645	Benning
3646	Bennison
3647	Benno
3648	Benny
3649	Benoist
3650	Benoit
3651	Benoni
3652	Benoît
3653	Benrahma
3654	Benrahou
3655	Benrandy
3656	Bensebaini
3657	Benson
3658	Bent
3659	Bentancourt
3660	Bentancur
3661	Benteke
3662	Bentil
3663	Bentley
3664	Bentley Baxter
3665	Bento
3666	Bento Oleques
3667	Benyamina
3668	Benzai
3669	Benzar
3670	Benzekri
3671	Benzema
3672	Benzia
3673	Benítes
3674	Benítez
3675	Benítez Palomero
3676	Beom Kyung
3677	Beom Seok
3678	BeomKyung
3679	BeomSeok
3680	Beqir
3681	Beqiri
3682	Bera
3683	Berahino
3684	Berardi
3685	Berardo
3686	Berat
3687	Berchiche Izeta
3688	Berden
3689	Berdugo
3690	Bereitta Cortejo
3691	Berenguer
3692	Berenguer Remiro
3693	Bereszyński
3694	Beretta Barbosa
3695	Berezovsky
3696	Berg
3697	Berge
3698	Bergen
3699	Berger
3700	Bergessio
3701	Berget
3702	Berggreen
3703	Berggren
3704	Berghuis
3705	Bergier
3706	Berglund
3707	Bergman
3708	Bergmann
3709	Bergmark
3710	Bergqvist
3711	Bergstrom
3712	Bergström
3713	Bergum
3714	Bergwijn
3715	Berhalter
3716	Berić
3717	Beridze
3718	Berin
3719	Berisha
3720	Berit
3721	Berjouhi
3722	Berjón Pérez
3723	Berk
3724	Berkan
3725	Berkan Emir
3726	Berkay
3727	Berke
3728	Berko
3729	Berkoe
3730	Berlinski
3731	Bermejo
3732	Bermejo Escribano
3733	Bermejo Lillo
3734	Bermingham
3735	Bermudez
3736	Bernabei
3737	Bernal
3738	Bernard
3739	Bernard Alemão
3740	Bernard Gabriel
3741	Bernardes Santos
3742	Bernardeschi
3743	Bernardi
3744	Bernardo
3745	Bernardo Inácio
3746	Bernardo Joshua
3747	Bernardo Maria
3748	Bernardo Mota
3749	Bernardo Motinho
3750	Bernardo Rosa
3751	Bernardo Silva
3752	Bernardo Vilar
3753	Bernardo Vital
3754	Bernardoni
3755	Bernasconi
3756	Bernat
3757	Bernat Velasco
3758	Bernauer
3759	Bernd
3760	Berndsen
3761	Bernede
3762	Bernedo
3763	Bernhard
3764	Bernhardsson
3765	Bernhardy
3766	Bernie
3767	Bernier
3768	Bernik
3769	Berntsen
3770	Berntsson
3771	Bero
3772	Berriz
3773	Berrocal
3774	Berrocal González
3775	Berry
3776	Bersano
3777	Bersant
3778	Bertaud
3779	Berte
3780	Bertelli
3781	Bertelsen
3782	Bertelsmann
3783	Berterame
3784	Berthelot
3785	Berthelsen
3786	Berthier
3787	Berthomier
3788	Bertilsson
3789	Bertin
3790	Berto
3791	Berto Cayarga
3792	Berto Hórreo
3793	Bertok
3794	Bertolacci
3795	Bertolo
3796	Bertram
3797	Bertrand
3798	Berté
3799	Bervar
3800	Beryly
3801	Besara
3802	Besart
3803	Bese
3804	Besedin
3805	Besian
3806	Besim
3807	Besio
3808	Besler
3809	Besmir
3810	Besnard
3811	Besnik
3812	Besong
3813	Besozzi
3814	Bespayeva
3815	Bessa
3816	Bessa Acuna
3817	Bessam
3818	Besse
3819	Besseiro Rosa
3820	Bessile
3821	Bessilé
3822	Besson
3823	Best
3824	Beste
3825	Besuschkow
3826	Betancor Sánchez
3827	Betancourt
3828	Beth
3829	Bethan
3830	Bethany
3831	Betim
3832	Beto
3833	Betsiel
3834	Betsy
3835	Bettache
3836	Bettella
3837	Bettinelli
3838	Bettini
3839	Bettocchi
3840	Betts
3841	Beugelsdijk
3842	Beugré
3843	Beukema
3844	Beusnard
3845	Bevan
3846	Bevans
3847	Beveridge
3848	Bevic
3849	Bevis
3850	Bewa
3851	Beya
3852	Beyaz
3853	Beybarys
3854	Beye
3855	Beyer
3856	Beyhan
3857	Beykan
3858	Beynon
3859	Beyreuther
3860	Bezerra M. Júnior
3861	Bezpalec
3862	Bezus
3863	Bežan
3864	Bežek
3865	Beñat
3866	Beñat Garro
3867	Beñat Prados
3868	Bguir
3869	Bhagat
3870	Bhagwan
3871	Bhalerao
3872	Bhandari
3873	Bharat
3874	Bharatabhai
3875	Bharati
3876	Bharavad
3877	Bharti
3878	Bhaskar
3879	Bhat
3880	Bhatt
3881	Bhattacharya
3882	Bhatti
3883	Bhekimpi
3884	Bhembe
3885	Bhil
3886	Bhila
3887	Bhoi
3888	Bhola
3889	Bhosle
3890	Bhowmick
3891	Bhuiya
3892	Bhuiyan
3893	Bhumij
3894	Bhupender
3895	Bhuri
3896	Bhutia
3897	Bhuwan
3898	Bhuyan
3899	Bi
3900	Bičakčić
3901	Bi J.H.
3902	Bi Jinhao
3903	Bi X. L.
3904	Bi Xiaolin
3905	Białek
3906	Białkowski
3907	Biada
3908	Biagio
3909	Biaka Jongte
3910	Bialek
3911	Bialkowski
3912	Bianca
3913	Bianca Rebeca
3914	Bianca Revelia
3915	Biancardi
3916	Bianchi
3917	Bianco
3918	Biancone
3919	Biancu
3920	Bianda
3921	Biangbo
3922	Biankadi
3923	Bibi
3924	Bicanić
3925	Bicentini
3926	Bicfalvi
3927	Bickerstaff
3928	Bida
3929	Bidstrup
3930	Bidwell
3931	Bidyananda
3932	Bidyashagar
3933	Biebauw
3934	Biedrzycki
3935	Biegański
3936	Bielica
3937	Bielik
3938	Bieri
3939	Bierschenk
3940	Biesiedin
3941	Biesmans
3942	Bieszczad
3943	Bigas
3944	Bigas Rigo
3945	Biggins
3946	Biglia
3947	Bigot
3948	Bijay
3949	Bijker
3950	Bijlow
3951	Bijol
3952	Bikash
3953	Bikel
3954	Bikila
3955	Bilal
3956	Bilali
3957	Bilazer
3958	Bilbao Arteta
3959	Bilbao Mendiguren
3960	Bilbault
3961	Bilbija
3962	Bile
3963	Bilel
3964	Bilel A.
3965	Bilen
3966	Biler
3967	Bilgin
3968	Bilguun
3969	Bilh
3970	Bilingi
3971	Bility
3972	Bill
3973	Billah
3974	Billal
3975	Billard
3976	Billel
3977	Billiat
3978	Billing
3979	Billingsley
3980	Billong
3981	Billson
3982	Billu
3983	Billy
3984	Bilokapic
3985	Bin Haji
3986	Bin Jamayah
3987	Bina
3988	Binaku
3989	Binbin
3990	Binder
3991	Bindhammer
3992	Bindu
3993	Bing-de
3994	Bingourou
3995	Bingwen
3996	Bingwor
3997	Bingöl
3998	Binh
3999	Binhan
4000	Binici
4001	Binks
4002	Bipin
4003	Biradar
4004	Biraghi
4005	Birama
4006	Biraschi
4007	Birch
4008	Bird
4009	Birger
4010	Birgir
4011	Birgit
4012	Birighitti
4013	Birir
4014	Birk
4015	Birkan
4016	Birkeland
4017	Birkfeldt
4018	Birkir
4019	Birkir Már
4020	Birksø
4021	Birmančević
4022	Birmancevic
4023	Birnbaum
4024	Birniçan
4025	Biron
4026	Biruk
4027	Bischof
4028	Biseswar
4029	Bishop
4030	Bishwash
4031	Bisiligitwa
4032	Biskup
4033	Bismar
4034	Bisseck
4035	Bissouma
4036	Bistrović
4037	Bistrovic
4038	Biswajit
4039	Biswal
4040	Biswanath
4041	Biswas
4042	Bit Garam
4043	BitGaram
4044	Bitok
4045	Bitsche
4046	Bittencourt
4047	Bitton
4048	Bittroff
4049	Bitumazala
4050	Biuk
4051	Bivala
4052	Bizjak
4053	Bizos
4054	Bizot
4055	Bjarkason
4056	Bjarke
4057	Bjarki
4058	Bjarki Steinn
4059	Bjarnason
4060	Bjarne
4061	Bjerke
4062	Bjorn
4063	Bjur
4064	Bjärsmyr
4065	Björk
4066	Björkander
4067	Björkengren
4068	Björklund
4069	Björkqvist
4070	Björkström
4071	Björn
4072	Björn Bergmann
4073	Björnquist
4074	Bjørdal
4075	Bjørg
4076	Bjørkan
4077	Bjørn
4078	Bjørn Inge
4079	Bjørnbak
4080	Bjørshol
4081	Bjørtuft
4082	Blănaru
4083	Blacha
4084	Black
4085	Blackburn
4086	Blackett
4087	Blackmon
4088	Blackmore
4089	Blackstenius
4090	Blackwood
4091	Blagoj
4092	Blagoje
4093	Blagun
4094	Blaine
4095	Blair
4096	Blaise
4097	Blake
4098	Blake-Tracy
4099	Blanc
4100	Blanchard
4101	Blanchet
4102	Blanco
4103	Blanco Conde
4104	Blanco Gómez
4105	Blanco Juncal
4106	Blanco Leschuk
4107	Blanco Sánchez
4108	Blanco Veiga
4109	Blandi
4110	Blaney
4111	Blarke
4112	Blas
4113	Blasco
4114	Blaser
4115	Blasi
4116	Blaswich
4117	Blatnik
4118	Blauensteiner
4119	Blaznik
4120	Blaž
4121	Blažej
4122	Blažek
4123	Blažević
4124	Blažič
4125	Bled
4126	Bledar
4127	Bledian
4128	Blendi
4129	Blerim
4130	Blerinca
4131	Bleron
4132	Blesa Pina
4133	Blessing
4134	Bleve
4135	Blidar
4136	Blin
4137	Blind
4138	Bliska
4139	Blissfell
4140	Bloch
4141	Blom
4142	Blomberg
4143	Blomqvist
4144	Blondeau
4145	Blondel
4146	Blondy
4147	Bloomfield
4148	Blot
4149	Bloxham
4150	Blum
4151	Blumberger
4152	Blume
4153	Blyth
4154	Blythe
4155	Bláha
4156	Blás
4157	Blázquez
4158	Blöndal
4159	Bnou Marzouk
4160	Bnou-Marzouk
4161	Bo
4162	Bo Kyung
4163	Bo Min
4164	Bo Sang
4165	Bo Seop
4166	BoKyung
4167	BoMin
4168	BoSang
4169	BoSeop
4170	Bořek
4171	Bořil
4172	Boa Morte
4173	Boadu
4174	Boakye
4175	Boas Anjos
4176	Boas Macedo
4177	Boateng
4178	Boškin
4179	Boško
4180	Bošnjak
4181	Bobang
4182	Bobby
4183	Bobek
4184	Bobichon
4185	Boboc
4186	Bobó Djaló
4187	Bobô
4188	Bocalon
4189	Bocanegra
4190	Bochi
4191	Bochniewicz
4192	Bockhorn
4193	Bockus
4194	Bocognano
4195	Bocquet
4196	Bodart
4197	Bode
4198	Bodișteanu
4199	Bodie
4200	Bodiger
4201	Bodily
4202	Bodin
4203	Bodisteanu
4204	Bodnar
4205	Bodo
4206	Bodritskaja
4207	Bodvarsson
4208	Bodzek
4209	Bodzioch
4210	Boe
4211	Boehmer
4212	Boekhoudt
4213	Boer
4214	Boere
4215	Boey
4216	Boffin
4217	Boga
4218	Bogado
4219	Bogaert
4220	Bogaerts
4221	Boganda
4222	Bogarde
4223	Bogarín
4224	Bogdan
4225	Bogdani
4226	Bogdanov
4227	Bogdanova
4228	Bogdanović
4229	Bogdán
4230	Bogen
4231	Boghossian
4232	Bogle
4233	Bogusz
4234	Bohan
4235	Bohinen
4236	Bohm
4237	Bohoussou
4238	Bohra
4239	Boialvo Gaspar
4240	Boiko
4241	Boilesen
4242	Boisgard
4243	Boissey
4244	Boissier
4245	Boissy
4246	Boitumelo
4247	Bojan
4248	Bojang
4249	Bojanić
4250	Bojaxhiu
4251	Bojić
4252	Bojing
4253	Bokadi
4254	Bokake
4255	Bokal
4256	Bokassa
4257	Bokšić
4258	Bokele
4259	Bokeo
4260	Bokov
4261	Bola
4262	Bolat
4263	Bolaño
4264	Bolaños
4265	Boldewijn
4266	Boldor
4267	Boldrin
4268	Bole
4269	Boleslav
4270	Bolger
4271	Boli
4272	Bolingi
4273	Bolingoli
4274	Bolivar
4275	Boljević
4276	Boljevic
4277	Bolkvadze
4278	Bolla
4279	Boller
4280	Bolly
4281	Bologna
4282	Bolormaa
4283	Bolou
4284	Bolton
4285	Boly
4286	Bolívar
4287	Boma
4288	Bomami
4289	Boman
4290	Bombo
4291	Bon Chul
4292	BonChul
4293	Bonansea
4294	Bonaventura
4295	Bonazzoli
4296	Bond
4297	Bondar
4298	Bondarchuk
4299	Bondarenko
4300	Bonde
4301	Bondo
4302	Bonds
4303	Bondswell
4304	Bone
4305	Bonecki
4306	Bonelli
4307	Bonet
4308	Bonfrère
4309	Bong
4310	Bong Hun
4311	Bong Jin
4312	Bong Soo
4313	BongHun
4314	BongJin
4315	Bonga
4316	Bongani
4317	Bongard
4318	Bongiovanni
4319	Bongonda
4320	Bongone
4321	Bongsoo
4322	Bonham
4323	Bonhomme
4324	Boni
4325	Boniek
4326	Boniface
4327	Bonilla
4328	Bonke
4329	Bonmann
4330	Bonmatí Conca
4331	Bonne
4332	Bonneau
4333	Bonnet
4334	Bonnin
4335	Bono
4336	Bonsu
4337	Bonucci
4338	Boné
4339	Boogaard
4340	Boogman
4341	Booi
4342	Boon-Nam
4343	Boonen
4344	Boore
4345	Booth
4346	Boottayothee
4347	Bope
4348	Bopha
4349	Bopolo
4350	Bora
4351	Borah
4352	Boral
4353	Boranijašević
4354	Borasi
4355	Borba Ferreira Jr.
4356	Borcea
4357	Borchgrevink
4358	Bordacahar
4359	Bordin
4360	Bordușanu
4361	Bordusanu
4362	Borello
4363	Borevković
4364	Borg
4365	Borge Martín
4366	Borges
4367	Borges Cabral
4368	Borges Fernandes
4369	Borges Guedes
4370	Borges Rodrigues
4371	Borges Semedo
4372	Borges Tavares
4373	Borges da Costa
4374	Borges da Silva
4375	Borghes Caeiro
4376	Borgnino
4377	Borgogno
4378	Borini
4379	Boris
4380	Borisenko
4381	Borislav
4382	Borisov
4383	Borja
4384	Borja Bastón
4385	Borja Garcés
4386	Borja García
4387	Borja Iglesias
4388	Borja Lasso
4389	Borja Lopez
4390	Borja López
4391	Borja Mayoral
4392	Borja S.
4393	Borja Sainz
4394	Borja Sánchez
4395	Borjan
4396	Borkowski
4397	Bormuth
4398	Borna
4399	Bornauw
4400	Bornemann
4401	Bornstein
4402	Boro
4403	Borowski
4404	Borrello
4405	Borré
4406	Borthwick-Jackson
4407	Boruń
4408	Boruc
4409	Borys
4410	Borysiuk
4411	Bos
4412	Boscagli
4413	Bosch
4414	Bose
4415	Boselli
4416	Boshoff
4417	Bosko
4418	Bosman
4419	Bosmans
4420	Boss
4421	Bossut
4422	Bostock
4423	Bostwick
4424	Bostyn
4425	Bosworth
4426	Botelhinonsa
4427	Botelho Maia
4428	Botelho Rios
4429	Botha
4430	Botheim
4431	Bothroyd
4432	Botic
4433	Botka
4434	Botman
4435	Boto
4436	Botond
4437	Botorok
4438	Botos
4439	Bott
4440	Bottani
4441	Bottinelli
4442	Bottomley
4443	Botué
4444	Bou
4445	Boua
4446	Bouah
4447	Bouallak
4448	Bouanga
4449	Bouba
4450	Boubacar
4451	Boubacar Hanne
4452	Boubacar Rafael
4453	Boubakar
4454	Boubakary
4455	Bouchalakis
4456	Bouchard
4457	Boucher
4458	Bouchet
4459	Boudaoui
4460	Boudaud
4461	Boudebouz
4462	Boudiaf
4463	Boudjemaa
4464	Boudouani
4465	Boufal
4466	Bouhaddi
4467	Bouhaddouz
4468	Bouhenna
4469	Bouillon
4470	Boujellab
4471	Boukhalfa
4472	Boukteb
4473	Boulami
4474	Boulanger
4475	Boulay
4476	Boulaya
4477	Boulaye
4478	Bouldini
4479	Boulenger
4480	Boulet
4481	Boulhendi
4482	Bouman
4483	Boumous
4484	Boun
4485	Bouna
4486	Bound
4487	Bounou
4488	Boupendza
4489	Bouquet
4490	Boura
4491	Bourabia
4492	Bourdelle
4493	Bourdin
4494	Bourdon
4495	Bourgeois
4496	Bourhane
4497	Bourigeaud
4498	Bourlès
4499	Bourne
4500	Boushal
4501	Bousquet
4502	Boussaid
4503	Boussefiane
4504	Boutaïb
4505	Boutin
4506	Boutobba
4507	Boutoutaou
4508	Bouvet
4509	Bouvier
4510	Bouzanis
4511	Bouzar
4512	Bouzat
4513	Bouzoukis
4514	Bove
4515	Bowden
4516	Bowei
4517	Bowen
4518	Bowery
4519	Bowie
4520	Bowler
4521	Bowman
4522	Boxall
4523	Boxi
4524	Boxuan
4525	Boya
4526	Boyamba
4527	Boyan
4528	Boyata
4529	Boyce
4530	Boyce-Clarke
4531	Boyd
4532	Boyd-Munce
4533	Boyde
4534	Boye
4535	Boyer
4536	Boyes
4537	Boyko
4538	Boyle
4539	Boyu
4540	Boyé
4541	Bozan
4542	Bozanic
4543	Bozdoğan
4544	Bozdogan
4545	Bozenik
4546	Bozhidar
4547	Bozinovski
4548	Bozok
4549	Bożena
4550	Boženík
4551	Božić
4552	Božic
4553	Boé-Kane
4554	Boëtius
4555	Brănescu
4556	Braaf
4557	Braat
4558	Brašanac
4559	Brabec
4560	Bracali
4561	Bracik
4562	Brad
4563	Bradarić
4564	Bradbury
4565	Bradley
4566	Bradley Lucas
4567	Bradley-Walsh
4568	Bradonjić
4569	Bradshaw
4570	Brady
4571	Braga
4572	Braga Rebocho
4573	Bragança Moutinho
4574	Brage
4575	Braghieri
4576	Brahian
4577	Brahim
4578	Brahima
4579	Brahimi
4580	Brahma
4581	Braian
4582	Braida
4583	Brais
4584	Brais Méndez
4585	Braithwaite
4586	Brajković
4587	Bram
4588	Brama
4589	Bramall
4590	Brambach
4591	Branco
4592	Branco Julião
4593	Brancolini
4594	Brand
4595	Brandan
4596	Brandao
4597	Branden
4598	Branderhorst
4599	Brandhof
4600	Brando
4601	Brandon
4602	Brandon Thomas
4603	Brandstatter
4604	Brandt
4605	Brandáriz Movilla
4606	Branimir
4607	Branislav
4608	Branko
4609	Branković
4610	Brannagan
4611	Brannan
4612	Branthwaite
4613	Brasil
4614	Brassier
4615	Bratianu
4616	Brattan
4617	Brattberg
4618	Bratveit
4619	Brault
4620	Brault-Guillard
4621	Braun
4622	Braun-Schumacher
4623	Braunöder
4624	Braut-Brunes
4625	Brauti
4626	Bravo
4627	Bravo Alcántara
4628	Bravo Castro
4629	Bravo Jiménez
4630	Bray
4631	Brayan
4632	Braydon
4633	Brayford
4634	Brayton
4635	Brazil
4636	Brazão Teixeira
4637	Brecher
4638	Brecht
4639	Brecka
4640	Bredahl
4641	Brede Mathias
4642	Bredlow
4643	Bree
4644	Breel
4645	Breen
4646	Breese
4647	Breeze
4648	Breier
4649	Breij
4650	Breinburg
4651	Breitenbruch
4652	Breithaupt
4653	Breitkreuz
4654	Breivik
4655	Brek
4656	Brekalo
4657	Brekke
4658	Bremang
4659	Bremer
4660	Bremner
4661	Brems
4662	Brendan
4663	Brenden
4664	Brenet
4665	Brenito Duarte
4666	Brennan
4667	Brenner
4668	Breno
4669	Breno Bemposta
4670	Breno Evandro
4671	Breno Laranjeiro
4672	Breno Ronaldo
4673	Breno Vicente
4674	Brent
4675	Brereton Diaz
4676	Brereton Díaz
4677	Brescianini
4678	Breslin
4679	Bressan
4680	Bret
4681	Breton
4682	Bretschneider
4683	Brett
4684	Breunig
4685	Breunig L.
4686	Breunig M.
4687	Brewer
4688	Brewster
4689	Breza
4690	Bri Carrazoni
4691	Brian
4692	Brian Araújo
4693	Brian Oliván
4694	Briand
4695	Briançon
4696	Briasco
4697	Brice
4698	Briceag
4699	Brick
4700	Bridcutt
4701	Bridge
4702	Bridget
4703	Briem
4704	Brierley
4705	Briggs
4706	Bright
4707	Brignani
4708	Brignola
4709	Brignoli
4710	Brillant
4711	Brillante
4712	Brimmer
4713	Brindal
4714	Brindell-South
4715	Brink
4716	Brinkies
4717	Briones
4718	Briseño
4719	Brisley
4720	Bristow
4721	Brito
4722	Britt
4723	Brittain
4724	Britto
4725	Britto PM
4726	Britton
4727	Brizard
4728	Brizuela
4729	Broadbent
4730	Broadhead
4731	Brobbey
4732	Broberg
4733	Brochero
4734	Brock-Madsen
4735	Brockbank
4736	Broderick
4737	Brodersen
4738	Brodie
4739	Brodrick
4740	Brody
4741	Brogan
4742	Broja
4743	Brojigin
4744	Brolin
4745	Broll
4746	Broman
4747	Brondeel
4748	Bronkhorst
4749	Bronn
4750	Bronze
4751	Brook
4752	Brooke
4753	Brookes
4754	Brooking
4755	Brooklyn
4756	Brooks
4757	Brookwell
4758	Broom
4759	Brophy
4760	Bror
4761	Brorsson
4762	Broschinski
4763	Brosinski
4764	Brou
4765	Brough
4766	Broun
4767	Brouwer
4768	Brouwers
4769	Brown
4770	Brown Forbes
4771	Browne
4772	Brownhill
4773	Broxham
4774	Brozović
4775	Brož
4776	Bruce
4777	Brugger
4778	Brugman
4779	Bruguera
4780	Brugui
4781	Brugué Ayguade
4782	Bruijn
4783	Bruin
4784	Bruinheira Salvador
4785	Bruma
4786	Brumme
4787	Brun
4788	Bruneau
4789	Bruneel
4790	Brunel
4791	Brunet
4792	Brunetta
4793	Brunner
4794	Bruno
4795	Bruno Alexandre
4796	Bruno André
4797	Bruno Bertinato
4798	Bruno Costa
4799	Bruno Duarte
4800	Bruno Fagundeiro
4801	Bruno Fernandes
4802	Bruno Fuchs
4803	Bruno G.
4804	Bruno Gaspar
4805	Bruno Guimarães
4806	Bruno Henrique
4807	Bruno Iglesias
4808	Bruno Jordão
4809	Bruno José
4810	Bruno Lamas
4811	Bruno Lourenço
4812	Bruno Luiz
4813	Bruno Mendes
4814	Bruno Miguel
4815	Bruno Morais
4816	Bruno Pascua
4817	Bruno Paz
4818	Bruno Peres
4819	Bruno R.
4820	Bruno Rafael
4821	Bruno Ricardo
4822	Bruno Rodrigues
4823	Bruno Tabata
4824	Bruno Uvini
4825	Bruno Varela
4826	Bruno Vinícius
4827	Bruno Wilson
4828	Bruno Xadas
4829	Bruno Xavier
4830	Bruno. Barti
4831	Bruns
4832	Brunst
4833	Brunt
4834	Bruny
4835	Brunão
4836	Brush
4837	Brustad
4838	Bruun
4839	Bruun Larsen
4840	Bruus
4841	Bruyn
4842	Bruzzese
4843	Bryan
4844	Bryan Gil
4845	Bryang
4846	Bryant
4847	Bryce
4848	Bryn
4849	Brynhildsen
4850	Brynjar
4851	Brynjar Ingi
4852	Brynjólfur
4853	Brynn
4854	Bryson
4855	Brás André
4856	Bråtveit
4857	Brítez
4858	Brüls
4859	Brünker
4860	Brüseke
4861	Buș
4862	Buștea
4863	Bușu
4864	Buğra
4865	Bu Haymid
4866	Bu Sanda
4867	Bułka
4868	Bua
4869	Buades
4870	Buam
4871	Buatu
4872	Buatu M.
4873	Buatu Mananga
4874	Bubacar Boi
4875	Bubacar D.
4876	Bubacar Djaló
4877	Buballa
4878	Bucancil Nabian
4879	Buch
4880	Bucha
4881	Buchalik
4882	Buchan
4883	Buchanan
4884	Buchanelli Holz
4885	Bucher
4886	Buchta
4887	Buchtmann
4888	Bucker
4889	Buckley
4890	Bucuane
4891	Budescu
4892	Budiman
4893	Budimir
4894	Budziłek
4895	Budziński
4896	Buendía
4897	Buengo
4898	Bueno
4899	Bueno Couto
4900	Bueno López
4901	Bueno Áñez
4902	Buffarini
4903	Buffon
4904	Bugas
4905	Bugeja
4906	Bughail-Mellor
4907	Bughrahan
4908	Bugiel
4909	Buhagiar
4910	Buhler
4911	Buialskyi
4912	Buisson
4913	Buitink
4914	Bujar
4915	Bukari
4916	Bukayo
4917	Bukha
4918	Bukhari
4919	Bukia
4920	Buksa
4921	Bukta
4922	Bukusu
4923	Bulat
4924	Bulić
4925	Bulic
4926	Bull
4927	Bullaude
4928	Bullock
4929	Bulthuis
4930	Bulut
4931	Bum Keun
4932	Bum Soo
4933	Bum Young
4934	BumKeun
4935	BumSoo
4936	BumYoung
4937	Bumberger
4938	Bunbury
4939	Bundgaard
4940	Bundu
4941	Buner
4942	Bunge
4943	Buni Jorge
4944	Bunjaku
4945	Bunk
4946	Bunmathan
4947	Bunn
4948	Buntić
4949	Bunyan
4950	Buonanotte
4951	Buongiorno
4952	Burak
4953	Burak Can
4954	Burakgazi
4955	Burbano
4956	Burcă
4957	Burch
4958	Burchert
4959	Burda
4960	Burdisso
4961	Burduli
4962	Bureš
4963	Bureković
4964	Burey
4965	Burge
4966	Burger
4967	Burgess
4968	Burgoa
4969	Burgos
4970	Burgoyne
4971	Burgstaller
4972	Burgzorg
4973	Burhaan
4974	Burim
4975	Burián
4976	Burja
4977	Burkardt
4978	Burkart
4979	Burke
4980	Burkitbayev
4981	Burlacu
4982	Burlamaqui
4983	Burley
4984	Burman
4985	Burn
4986	Burnea
4987	Burner
4988	Burnett
4989	Burnić
4990	Burns
4991	Burrai
4992	Burrell
4993	Burri
4994	Burris
4995	Burrito
4996	Burroughs
4997	Burrows
4998	Bursik
4999	Bursztyn
5000	Burt
5001	Burton
5002	Bury
5003	Burón
5004	Bus
5005	Busch
5006	Buschman
5007	Buschman-Dormond
5008	Bush
5009	Bushaj
5010	Bushati
5011	Bushchan
5012	Bushiri
5013	Bushra
5014	Busi
5015	Busia
5016	Busio
5017	Busk
5018	Busquets Burgos
5019	Bussmann
5020	Bustamante
5021	Busti
5022	Bustillo
5023	Bustinza
5024	Bustinza M.
5025	Bustinza Martínez
5026	Bustos
5027	Busu
5028	Buta
5029	Butcher
5030	Butez
5031	Buthelezi
5032	Butkus
5033	Butland
5034	Butler
5035	Butoiu
5036	Butrus
5037	Butterworth
5038	Buttigieg
5039	Button
5040	Butzen
5041	Buya Turay
5042	Buyalskyi
5043	Buzbuchi
5044	Buziuc
5045	Buzurbayev
5046	Buñuel Redrado
5047	Bvuma
5048	Bwalya
5049	Bwana
5050	By
5051	Byambadorj
5052	Bycroft
5053	Bye
5054	Byeom Yong
5055	ByeomYong
5056	Byeong Geun
5057	Byeong Wook
5058	ByeongGeun
5059	Byeongwook
5060	Byers
5061	Bykov
5062	Byram
5063	Byrne
5064	Byron
5065	Bytyqi
5066	Byun
5067	Byun Gyeong Jun
5068	Byung Hyun
5069	Byung Kwon
5070	ByungHyun
5071	Báez
5072	Bálint
5073	Bárbara
5074	Bárbara Latorre
5075	Bárcenas
5076	Bárta
5077	Bär
5078	Bärkroth
5079	Bätzner
5080	Bård
5081	Bækken
5082	Bénes
5083	Béni
5084	Bénie
5085	Bíttolo
5086	Böhm
5087	Bördner
5088	Börner
5089	Bösel
5090	Böðvarsson
5091	Bøe Risa
5092	Børkeeiet
5093	Børresen
5094	Børsting
5095	Børven
5096	Bøving
5097	Büchel
5098	Bühl
5099	Bülent
5100	Bülter
5101	Bünning
5102	Bünyamin
5103	Bürgy
5104	Bürki
5105	Büttner
5106	Büyük
5107	Căbuz
5108	Călin
5109	Căpățînă
5110	Căpușă
5111	Cătălin
5112	Çukur
5113	C. A. Cuero
5114	C. Arrua
5115	C. Awaziem
5116	C. Bellvis
5117	C. Bonilla
5118	C. Borja
5119	C. Bustea
5120	C. Calderon
5121	C. Cedrés
5122	C. Cermeño
5123	C. Cisneros
5124	C. Clerc
5125	C. De La Hoz
5126	C. Espinola
5127	C. Espinoza
5128	C. García
5129	C. González
5130	C. Gutiérrez
5131	C. Gülselam
5132	C. Jaramillo
5133	C. Joel
5134	C. Kouame
5135	C. Löwe
5136	C. Martins
5137	C. Martínez
5138	C. Mayada
5139	C. Medina
5140	C. Mendes
5141	C. Montes
5142	C. Montiel
5143	C. Moros
5144	C. Murray
5145	C. Ndiaye
5146	C. Neva
5147	C. Nuñez
5148	C. Oliva
5149	C. Olses
5150	C. Ortiz
5151	C. Pita
5152	C. Pombo
5153	C. Pérez
5154	C. Richards
5155	C. Rivera
5156	C. Riveros
5157	C. Rodríguez
5158	C. Roldan
5159	C. Rolon
5160	C. Ronaldo
5161	C. Salcedo
5162	C. Santiago
5163	C. Sepúlveda
5164	C. Soler
5165	C. Sosa
5166	C. Tassano
5167	C. Tello
5168	C. Trejo
5169	C. Vargas
5170	C. Zapata
5171	C. da Silva
5172	C.Acevedo
5173	C.Akolo
5174	C.Bravo
5175	C.Diedhiou
5176	C.Gonzalez
5177	C.Henrique
5178	C.Hüseyin
5179	C.Isaac
5180	C.Karayel
5181	C.McLaughlin
5182	C.Rodriguez
5183	C.Salvador
5184	C.Schiavone
5185	C.Smith
5186	C.Tabó
5187	CJ
5188	CP Aimol
5189	Ca
5190	Cabaco
5191	Cabal
5192	Caballero
5193	Cabango
5194	Cabanillas
5195	Cabel
5196	Cabeza
5197	Cabezas
5198	Cabezudo
5199	Cabit
5200	Cabot
5201	Cabrais Petri
5202	Cabral
5203	Cabral Barbosa
5204	Cabral Bardini
5205	Cabral Semedo
5206	Cabrera
5207	Cabrera López
5208	Cabri
5209	Cacace
5210	Cacciabue
5211	Caceres
5212	Cachbach
5213	Cacheira Sá
5214	Cachicote Castro
5215	Cachoira Rebelo
5216	Cachorro
5217	Caci
5218	Caco Garcia
5219	Cacutalua
5220	Cacá
5221	Cadden
5222	Caddy
5223	Cade
5224	Caden
5225	Cadete Teixeira
5226	Cadogan
5227	Cadri Conté
5228	Caeiro
5229	Caeiro Hoffman
5230	Caeiro Meireles
5231	Caetano Moura
5232	Cafaro
5233	Cafu
5234	Cafú
5235	Cagliares
5236	Cahill
5237	Cahn
5238	Cahuzac
5239	Cahyadi
5240	Cai
5241	Cai H.K.
5242	Cai Huikang
5243	Caia
5244	Caiado Dutra
5245	Caiado Vaz Dias
5246	Caicedo
5247	Caicedo Verdú
5248	Caillard
5249	Cain
5250	Caine
5251	Caio
5252	Caio Alexandre
5253	Caio Bruno
5254	Caio Chissano
5255	Caio Henrique
5256	Caio Hugo
5257	Caio Milaçar
5258	Caio Nunson
5259	Caio Padricio
5260	Caio Rodrigo
5261	Caio Tafarell
5262	Caio Welson
5263	Cairinho Monteiro
5264	Cairney
5265	Cairns
5266	Caitlin
5267	Cajuste
5268	Caktaš
5269	Cal
5270	Calabresi
5271	Calabria
5272	Calado Dimas
5273	Calafiori
5274	Calata
5275	Calavera Espinach
5276	Calcaterra
5277	Caldara
5278	Caldeira
5279	Caldeira Andrade
5280	Caldentey Oliver
5281	Calder
5282	Calderón
5283	Calderón Gómez
5284	Calderón Portillo
5285	Caldirola
5286	Caldwell
5287	Caleb
5288	Calegarcinho
5289	Calegario Pitta
5290	Calem
5291	Calero
5292	Calero Ruiz
5293	Calero Villa
5294	Caletti
5295	Caligiuri
5296	Calisir
5297	Caliskaner
5298	Callachan
5299	Callaghan
5300	Callan
5301	Callegari
5302	Callejón
5303	Callejón Bueno
5304	Callejón Segura
5305	Callender
5306	Callens
5307	Callum
5308	Callus
5309	Calmon
5310	Calogero
5311	Calsede Caiado
5312	Calum
5313	Calut
5314	Calver
5315	Calvert-Lewin
5316	Calvet
5317	Calvin
5318	Calvo
5319	Calvo Sanromán
5320	Calzadilla
5321	Calò
5322	Camacho
5323	Camara
5324	Camarasa
5325	Camarasa Ferrando
5326	Camará
5327	Camavinga
5328	Cambeses
5329	Cambiaso
5330	Camello
5331	Camello Pérez
5332	Cameron
5333	Cami
5334	Camil
5335	Camila
5336	Camilla
5337	Camille
5338	Camillieri
5339	Camilo
5340	Camilo Sanvezzo
5341	Cammy
5342	Camora
5343	Camp
5344	Campabadal
5345	Campabadal Claros
5346	Campagna
5347	Campana
5348	Campanini
5349	Campaz
5350	Campaña
5351	Campbell
5352	Campo
5353	Campos
5354	Campos Bahillo
5355	Campos Costa
5356	Campos-Ansó
5357	Camps
5358	Campuzano
5359	Campuzano Bonilla
5360	Camran
5361	Camus
5362	Camus Perojo
5363	Can
5364	Canadi
5365	Canale
5366	Canales
5367	Canales Madrazo
5368	Canavan
5369	Cancellieri
5370	Cancino
5371	Cancio
5372	Cancola
5373	Candeias
5374	Candeira Inácio
5375	Candelo
5376	Canderio
5377	Candia
5378	Candreva
5379	Candé
5380	Canedo Corrêa
5381	Canella
5382	Canella Suárez
5383	Canelo
5384	Caner
5385	Caner Hüseyin
5386	Cangiano
5387	Caniggia
5388	Cann
5389	Cannavaro
5390	Cannavò
5391	Cannon
5392	Cano
5393	Canobbio
5394	Canos
5395	Canouse
5396	Canpolat
5397	Cansev
5398	Cantalapiedra
5399	Cantave
5400	Cantera
5401	Cantero
5402	Cantero Armendariz
5403	Cantero Sánchez
5404	Canteros
5405	Canti
5406	Canto
5407	Cantona
5408	Cantoro
5409	Cantwell
5410	Cantú
5411	Canós Tenés
5412	Cao
5413	Cao Y.D.
5414	Cao Y.J.
5415	Cao Yongjing
5416	Cao Yunding
5417	Caoimhin
5418	Caolan
5419	Caolán
5420	Capa
5421	Capa Rodríguez
5422	Capaldo
5423	Capanni
5424	Capanni Dias
5425	Capasso
5426	Capatina
5427	Capelle
5428	Capellini
5429	Capeta
5430	Capezzi
5431	Capon
5432	Capoue
5433	Cappis
5434	Capradossi
5435	Caprari
5436	Caprice
5437	Capusa
5438	Caputo
5439	Caqueret
5440	Carabajal
5441	Carabalí
5442	Caraglio
5443	Carayol
5444	Carazo
5445	Carballo
5446	Carbelho Inácio
5447	Carbone
5448	Carbonell
5449	Carbonell Artajona
5450	Carbonell Vallés
5451	Carbonero
5452	Carboni
5453	Carcela
5454	Carcela-González
5455	Carcelos
5456	Carcelén
5457	Carcelén Valencia
5458	Carco
5459	Cardenas
5460	Cardenha Caeiro
5461	Cardenhas Macedo
5462	Cardona
5463	Cardona Bermúdez
5464	Cardona Rovira
5465	Cardona de Miguel
5466	Cardoso
5467	Cardoso Miranda
5468	Cardoso Vital
5469	Cardoso dos Santos
5470	Cardouso Pombal
5471	Cardoza
5472	Cardozo
5473	Cardozo Lucena
5474	Carel
5475	Carey
5476	Cargill
5477	Carides
5478	Carillo
5479	Carina
5480	Carl
5481	Carla
5482	Carlens
5483	Carles
5484	Carles Gil
5485	Carles Pérez
5486	Carles Soria
5487	Carleto Adilson
5488	Carleto Costinha
5489	Carlgren
5490	Carli
5491	Carlier
5492	Carlin
5493	Carlinhos
5494	Carlinhos Jr
5495	Carlinhos Junior
5496	Carlitos
5497	Carlius
5498	Carljohan
5499	Carlo
5500	Carlo Adriano
5501	Carlos
5502	Carlos Adilson
5503	Carlos Alberto
5504	Carlos Antonio
5505	Carlos Augusto
5506	Carlos Beitia
5507	Carlos D.
5508	Carlos Daniel
5509	Carlos Dias
5510	Carlos Dionisio
5511	Carlos Domínguez
5512	Carlos Eduardo
5513	Carlos Embaló
5514	Carlos Fdez
5515	Carlos Fernández
5516	Carlos Gutiérrez
5517	Carlos Hdez.
5518	Carlos Henrique
5519	Carlos Hernández
5520	Carlos Isaac
5521	Carlos Joel
5522	Carlos Jr.
5523	Carlos Júnior
5524	Carlos Kevin
5525	Carlos López
5526	Carlos Mateo
5527	Carlos Mendes Gomes
5528	Carlos Miguel
5529	Carlos Neva
5530	Carlos Nieto
5531	Carlos Niño
5532	Carlos Ponck
5533	Carlos Ruiz
5534	Carlos Soler
5535	Carlos Travisso
5536	Carlos Vinícius
5537	Carls
5538	Carlsen
5539	Carlson
5540	Carlsson
5541	Carlton
5542	Carluccio
5543	Carly
5544	Carlyle
5545	Carlyon
5546	Carlén
5547	Carme
5548	Carmelo
5549	Carmichael
5550	Carmine
5551	Carmo Vieira
5552	Carmona
5553	Carmona García
5554	Carmona Navarro
5555	Carmona Álamo
5556	Carnat
5557	Carneiro
5558	Carneiro Da Cunha
5559	Carneiro Nunes
5560	Carney
5561	Carnot
5562	Caro
5563	Caro Díaz
5564	Caro Serrano
5565	Carol
5566	Carole
5567	Carole Costa
5568	Carolin
5569	Carolina
5570	Carolina Ana
5571	Carolina Mendes
5572	Caroline
5573	Caroline Graham
5574	Caron
5575	Carpenter
5576	Carpentier
5577	Carr
5578	Carranza
5579	Carrascal
5580	Carrasco
5581	Carrasco Acosta
5582	Carrasco González
5583	Carrasquilla
5584	Carraça
5585	Carreira
5586	Carreira Vilariño
5587	Carrera
5588	Carreras
5589	Carreras Pagès
5590	Carrilho Baptistão
5591	Carrillo
5592	Carrillo Casamayor
5593	Carrillo D.
5594	Carrizo
5595	Carro Fandiño
5596	Carroll
5597	Carruthers
5598	Carré
5599	Carson
5600	Carstens
5601	Carstensen
5602	Carter
5603	Carter-Vickers
5604	Cartier
5605	Cartwright
5606	Carty
5607	Caruso
5608	Carvajal
5609	Carvajal Ramos
5610	Carvalhal Lima
5611	Carvalhal Neves
5612	Carvalheira Peixoto
5613	Carvalho
5614	Carvalho Fernandes
5615	Carvalho Melo
5616	Carvalho Oliveira
5617	Carvalho Silva Jr.
5618	Carvalho Vieira
5619	Carvalho e Silva
5620	Carvallo
5621	Carvamelinho
5622	Cas
5623	Casadei
5624	Casado Conde
5625	Casado Morente
5626	Casale
5627	Casali
5628	Casanova
5629	Casap
5630	Casas
5631	Casas Casado
5632	Casas Jr.
5633	Casasola
5634	Cascante
5635	Cascarino
5636	Caschili
5637	Cascini
5638	Casco
5639	Casemiro
5640	Casey
5641	Cash
5642	Cashin
5643	Cashman
5644	Casilla
5645	Casilla Cortés
5646	Casimir
5647	Caso
5648	Casper
5649	Casquete
5650	Cass
5651	Cassaert
5652	Cassar
5653	Cassata
5654	Casseres Jr.
5655	Cassiano
5656	Cassidy
5657	Cassierra
5658	Cassubie
5659	Castagne
5660	Castanheira
5661	Castañeda
5662	Castañeda Macho
5663	Castaño
5664	Casteels
5665	Castegren
5666	Castel
5667	Castel Martínez
5668	Castella
5669	Castellani
5670	Castellano Cobacho
5671	Castellanos
5672	Castelletto
5673	Castelli
5674	Castello
5675	Castello JR
5676	Castelló
5677	Castellón
5678	Castelo Podence
5679	Castelo Santos
5680	Castet
5681	Castiello
5682	Castilla
5683	Castillejo Azuaga
5684	Castillo
5685	Castillo Grau
5686	Castillo Jiménez
5687	Castrelo Rios
5688	Castrillón
5689	Castro
5690	Castro Ferreira
5691	Castro M.
5692	Castro Martín
5693	Castro Oliveira
5694	Castro Otto
5695	Castro Pereira
5696	Castro Rodrigues
5697	Castro Urdín
5698	Castro de Sousa
5699	Castro-Montes
5700	Castrovilli
5701	Cataldi
5702	Catalin
5703	Catalán
5704	Catargiu
5705	Catarina Amado
5706	Catarina Isabel
5707	Catarino Fagundes
5708	Catarozzi
5709	Cataño
5710	Catena
5711	Catena Marugán
5712	Cathal
5713	Cathalina
5714	Cathcart
5715	Catherine
5716	Cathline
5717	Catley
5718	Caton
5719	Catrin
5720	Cattaneo
5721	Caudhari
5722	Caufriez
5723	Cauhan
5724	Cauley
5725	Caulker
5726	Caute
5727	Cauteruccio
5728	Cavaco Cancelo
5729	Cavaco Dorta
5730	Cavaco Jordão
5731	Cavad
5732	Cavadini
5733	Cavadov
5734	Cavafe
5735	Cavaleiro
5736	Cavalleri
5737	Cavallini
5738	Cavallo
5739	Cavanagh
5740	Cavani
5741	Cavaré
5742	Caves
5743	Cavion
5744	Cawley
5745	Cayarga
5746	Cayarga Fernández
5747	Caye
5748	Caye Quintana
5749	Cayetano
5750	Cayman
5751	Cañete
5752	Cañizares
5753	Cañizares Conchello
5754	Ceballos Fernández
5755	Cebio
5756	Cebrail
5757	Cebula
5758	Ceccaroni
5759	Ceccherini
5760	Cecchini
5761	Cecil Sendela
5762	Cecilia
5763	Cecilie H.
5764	Cecilie Redisch
5765	Cecilio
5766	Cederick
5767	Cedomir
5768	Cedric
5769	Cedric Diomandè
5770	Cedric Teguía
5771	Cedric Wilfred
5772	Ceesay
5773	Ceide
5774	Cejas
5775	Ceka
5776	Celanova Vieira
5777	Celar
5778	Celaya
5779	Cele
5780	Celea
5781	Celesia
5782	Celestin
5783	Celestino
5784	Celia
5785	Celia Jiménez
5786	Celic
5787	Celina
5788	Celis
5789	Celorrio
5790	Celorrio Yécora
5791	Celso
5792	Celtik
5793	Celton
5794	Celton Biai
5795	Cem
5796	Cemal
5797	Cemali
5798	Cengiz
5799	Cengizhan
5800	Cenk
5801	Cenk Tosun
5802	Cenk Şahin
5803	Centelles
5804	Centelles Plaza
5805	Centonze
5806	Centurión
5807	Cephas
5808	Ceppelini
5809	Ceppitelli
5810	Ceran
5811	Cereghetti
5812	Cerezo
5813	Cerjak
5814	Cermeño
5815	Cernat
5816	Cernea
5817	Cerofolini
5818	Cerqueira Paim
5819	Cerri
5820	Cerrillo
5821	Cerro
5822	Cerutti
5823	Cervantes
5824	Cervera
5825	Cervi
5826	Cerys
5827	Cerântula Fuzato
5828	Cerén
5829	Cesar
5830	Cesar Fernando
5831	Cesar Jardim
5832	Cesc Fàbregas
5833	Cesinha
5834	Cespedes
5835	Cestor
5836	Ceter
5837	Cetiner
5838	Cetré
5839	Ceulemans
5840	Cevahir
5841	Cevallos
5842	Ceyhun
5843	Ceylan
5844	Cezary
5845	Ceïde
5846	Ch. Aránguiz
5847	Cha
5848	Cha Oh Yeon
5849	Chabane
5850	Chabbi
5851	Chabot
5852	Chabrolle
5853	Chaby Mangas
5854	Chacón
5855	Chad
5856	Chada
5857	Chadad
5858	Chadi
5859	Chadli
5860	Chadrac
5861	Chadwick
5862	Chae Woon
5863	Chae-won
5864	Chaewoon
5865	Chafai
5866	Chafaï
5867	Chagas Estevão
5868	Chagas Matos
5869	Chahiri
5870	Chai Min
5871	ChaiMin
5872	Chair
5873	Chaira
5874	Chairon
5875	Chaji
5876	Chajima
5877	Chakla
5878	Chakladar
5879	Chakrabarti
5880	Chakraborty
5881	Chakroun
5882	Chakvetadze
5883	Chalmers
5884	Chalobah
5885	Chalov
5886	Chalupniczak
5887	Chalá
5888	Chamara
5889	Chambaere
5890	Chamberlain
5891	Chambers
5892	Chambers-Parillon
5893	Chambon
5894	Chambost
5895	Chamed
5896	Chaminda
5897	Chamleesat
5898	Chamorro
5899	Champa
5900	Champang
5901	Champness
5902	Chan
5903	Chan Dong
5904	Chan Gi
5905	ChanDong
5906	ChanGi
5907	Chanathip
5908	Chancalay
5909	Chance
5910	Chancel
5911	Chand
5912	Chanda
5913	Chandan
5914	Chandana
5915	Chandarith
5916	Chandarov
5917	Chandler
5918	Chandra
5919	Chandrakala
5920	Chandrakant
5921	Chang
5922	Chang F.Y.
5923	Chang Feiya
5924	Chang Geun
5925	Chang Hoon
5926	Chang Hwan
5927	Chang Jin
5928	Chang Min
5929	Chang Moo
5930	Chang Soo
5931	Chang Woo
5932	Chang Yong
5933	ChangGeun
5934	ChangJin
5935	ChangMin
5936	ChangMoo
5937	ChangSoo
5938	ChangWoo
5939	ChangYong
5940	Changa
5941	Changas Tramontino
5942	Changcheng
5943	Changhoon
5944	Changhwan
5945	Chanka
5946	Channary
5947	Chano
5948	Chanot
5949	Chansungnoen
5950	Chanthou
5951	Chantrea
5952	Chanvatey
5953	Chanza Zapata
5954	Chao
5955	Chaosheng
5956	Chaouki
5957	Chapela
5958	Chapela López
5959	Chapelle
5960	Chapito
5961	Chaplin
5962	Chapman
5963	Chapuis
5964	Character
5965	Charalambos
5966	Charalampos
5967	Charbel
5968	Charbonnier
5969	Chardi
5970	Chardonnet
5971	Charis
5972	Charles
5973	Charles Dênis
5974	Charles Marcelo
5975	Charles de Breito
5976	Charles-Cook
5977	Charles-Jesaja
5978	Charlie
5979	Charlier
5980	Charlis
5981	Charlon
5982	Charlotta
5983	Charlotte
5984	Charlton
5985	Charly
5986	Charpentier
5987	Charrier
5988	Charsley
5989	Charters
5990	Chartier
5991	Chartpong
5992	Chará
5993	Chase
5994	Chatelain
5995	Chato
5996	Chatri
5997	Chatterjee
5998	Chatziemmanouil
5999	Chatzigavriel
6000	Chatzigiannakis
6001	Chatzigiovanis
6002	Chatzitheodoridis
6003	Chaudhari
6004	Chaudhary
6005	Chaudhri
6006	Chauhan
6007	Chauke
6008	Chausiku
6009	Chauveau
6010	Chauvet
6011	Chauvin
6012	Chaux
6013	Chavalerin
6014	Chavango Júnior
6015	Chavarría
6016	Chavarría Pérez
6017	Chaves
6018	Chaves de la Torre
6019	Chavez
6020	Chawan
6021	Chaya
6022	Chazan
6023	Che
6024	Chebake
6025	Chebake.K
6026	Check Oumar
6027	Ched
6028	Chee
6029	Cheick
6030	Cheick.T
6031	Cheik
6032	Cheikh
6033	Cheikh Kane
6034	Cheikhou
6035	Cheiku
6036	Chekhemani
6037	Chekhov
6038	Chelo Díaz
6039	Chem
6040	Chema R.
6041	Chema Rodríguez
6042	Chen
6043	Chen B.B.
6044	Chen Binbin
6045	Chen CH.X.
6046	Chen Chunxin
6047	Chen G.L.
6048	Chen Guoliang
6049	Chen H.
6050	Chen Hao
6051	Chen J.
6052	Chen Jie
6053	Chen K.Q.
6054	Chen K.R.
6055	Chen Keqiang
6056	Chen Kerui
6057	Chen P.
6058	Chen P.L.
6059	Chen Po-Liang
6060	Chen Pu
6061	Chen W.
6062	Chen Wei
6063	Chen X.
6064	Chen X.Y.
6065	Chen Xiangyu
6066	Chen Xiao
6067	Chen Y.H.
6068	Chen Yuhao
6069	Chen Yunhua
6070	Chen Z.F.
6071	Chen ZH.
6072	Chen ZH.ZH.
6073	Chen Zh.Ch.
6074	Chen Zh.L.
6075	Chen Zhao
6076	Chen Zhechao
6077	Chen Zhengfeng
6078	Chen Zhizhao
6079	Chen Zhongliu
6080	Chenda
6081	Cheng
6082	Cheng Ch.Ch.
6083	Cheng Changcheng
6084	Cheng Y.
6085	Cheng Y.L.
6086	Cheng Yuan
6087	Cheng Yuelei
6088	Chengdong
6089	Chengjian
6090	Chenglong
6091	Chenjie
6092	Cheon
6093	Cheon Seong Hoon
6094	Cherchez
6095	Cherdabaev
6096	Chergui
6097	Cherif
6098	Cherki
6099	Cherno
6100	Chernov
6101	Cherny
6102	Cherrie
6103	Cherta Clara
6104	Cheruene
6105	Cheryshev
6106	Chester
6107	Chetri
6108	Chevalier
6109	Chey
6110	Cheye
6111	Chhangte
6112	Chhara
6113	Chhaya
6114	Chhetri
6115	Chi
6116	Chițu
6117	Chi Hu
6118	Chi In
6119	Chi Minh
6120	Chi W.Y.
6121	Chi Wenyi
6122	Chi ZH.G.
6123	Chi Zhongguo
6124	Chi-young
6125	Chiacig
6126	Chiamulera Vaz
6127	Chiamuloira Paes
6128	Chianese
6129	Chiappetta
6130	Chiara
6131	Chiba
6132	Chibambo
6133	Chibsah
6134	Chicco
6135	Chicharito
6136	Chico
6137	Chidera
6138	Chidi
6139	Chidiac
6140	Chidike
6141	Chidozie
6142	Chidzero
6143	Chie
6144	Chiedozie
6145	Chiellini
6146	Chien
6147	Chiesa
6148	Chihiro
6149	Chiin
6150	Chikarev
6151	Chikau
6152	Chikeluba
6153	Chileshe
6154	Chilili
6155	Chiluba
6156	Chilufya
6157	Chilvers
6158	Chilwell
6159	Chima
6160	Chimane
6161	Chimusasa
6162	Chimy Ávila
6163	Chin
6164	China
6165	Chinara
6166	Chinbat
6167	Chinbatyn
6168	Chindriș
6169	Chindris
6170	Chinedu
6171	Chinen
6172	Chingiz
6173	Chinglensana
6174	Chinonso
6175	Chinta
6176	Chipako
6177	Chipambere
6178	Chipciu
6179	Chipela Gomes
6180	Chipenda
6181	Chiquinho
6182	Chiricheș
6183	Chiriches
6184	Chirino
6185	Chirivella
6186	Chirivella Burgos
6187	Chirombo
6188	Chirwa
6189	Chisholm
6190	Chisiza
6191	Chislett
6192	Chissano Baia
6193	Chissano Dourado
6194	Chitolina Carniel
6195	Chitu
6196	Chituru
6197	Chiume
6198	Chloe
6199	Chloé
6200	Cho
6201	Cho Jae Wan
6202	Cho Sang Jun
6203	Cho Soo Hyuk
6204	Cho Suk Young
6205	Cho Sung hoon
6206	Cho Yoon Sung
6207	Cho Young Wook
6208	Cho Yu Min
6209	Cho-yun
6210	Chocobar
6211	Chodyna
6212	Chofis
6213	Choi
6214	Choi Beom Kyung
6215	Choi Bo Kyung
6216	Choi Bong Jin
6217	Choi Chul Soon
6218	Choi Do Yun
6219	Choi Hee Won
6220	Choi Ji Moog
6221	Choi Jimoog
6222	Choi Jong Hoan
6223	Choi Jung Won
6224	Choi Kyoung Rok
6225	Choi Min Ki
6226	Choi Sung Geun
6227	Choi Won Chang
6228	Choi Young Eun
6229	Choi Young Joon
6230	Choinière
6231	Chokayev
6232	Chol
6233	Chola
6234	Cholakian
6235	Cholewiak
6236	Chomba
6237	Chong
6238	Chongkun
6239	Chongqiu
6240	Choo
6241	Chopra
6242	Chorbadzhiyski
6243	Chore
6244	Chorushij
6245	Chorý
6246	Chotard
6247	Chothe
6248	Choudhary
6249	Choudhury
6250	Chougrani
6251	Chouiar
6252	Choupo-Moting
6253	Chouralian
6254	Chow
6255	Chowdhuri
6256	Chowdhury
6257	Chrapek
6258	Chretien
6259	Chrima
6260	Chris
6261	Chris Antônio
6262	Chris Farminhão
6263	Chris Ramos
6264	Chris-Vianney
6265	Chrisene
6266	Chrislain
6267	Christakos
6268	Christen
6269	Christensen
6270	Christiaan
6271	Christiaens
6272	Christian
6273	Christian Abel
6274	Christian Dahle
6275	Christian Marques
6276	Christian Rivera
6277	Christiansen
6278	Christie
6279	Christie-Davies
6280	Christine
6281	Christián
6282	Christofer
6283	Christoffer
6284	Christogeorgos
6285	Christoph
6286	Christophe
6287	Christopher
6288	Christopoulos
6289	Christos
6290	Christy
6291	Chu Young
6292	ChuYoung
6293	Chuang
6294	Chuangyi
6295	Chuba
6296	Chugui
6297	Chuks
6298	Chukwu
6299	Chukwuani
6300	Chukwuemeka
6301	Chukwueze
6302	Chul
6303	Chul Soon
6304	ChulSoon
6305	Chumi
6306	Chun
6307	Chun Lok
6308	Chun So
6309	Chunchukov
6310	Chung Geun
6311	Chung Yong
6312	ChungYong
6313	Chunggeun
6314	Chungu
6315	Chunxin
6316	Chunyu
6317	Chura
6318	Churandy
6319	Churlinov
6320	Churry
6321	Chus
6322	Chust García
6323	Chuy
6324	Chyornyi
6325	Cháves
6326	Chávez
6327	Ché
6328	Ci
6329	Ciğerci
6330	Ci H.L
6331	Ci Henglong
6332	Cian
6333	Ciaran
6334	Ciaron
6335	Ciarán
6336	Cibois
6337	Cican
6338	Cicek
6339	Cicerelli
6340	Cichocki
6341	Cicâldău
6342	Cieślak
6343	Ciel
6344	Cielemęcki
6345	Cierpka
6346	Ciftci
6347	Cifu
6348	Cifuentes
6349	Cigerci
6350	Cihan
6351	Cijntje
6352	Cildinho Conradi
6353	Cillessen
6354	Cillian
6355	Cimignani
6356	Cimirot
6357	Cingolani
6358	Cintra Torres
6359	Ciobanu
6360	Ciobotariu
6361	Ciobotaru
6362	Ciocan
6363	Cioiu
6364	Ciprian
6365	Cipriano
6366	Ciranni
6367	Cirigliano
6368	Cirino
6369	Cirkin
6370	Ciro
6371	Cisco
6372	Cisneros
6373	Ciss
6374	Cisse
6375	Cissokho
6376	Cissoko
6377	Cissé
6378	Ciucureanu
6379	Ciurria
6380	Civeja
6381	Civelek
6382	Claes
6383	Claessens
6384	Claesson
6385	Claeys
6386	Claire
6387	Clampin
6388	Clancy
6389	Clar
6390	Clara
6391	Clara Elisa
6392	Clare
6393	Clarence
6394	Clarissa Camila
6395	Clark
6396	Clarke
6397	Clarke-Harris
6398	Clarke-Salter
6399	Clarkson
6400	Claros
6401	Clasie
6402	Clau Mendes
6403	Claud
6404	Claude
6405	Claude-Maurice
6406	Claudemir
6407	Claudette
6408	Claudia
6409	Claudia Pina
6410	Claudiano G.
6411	Claudiano Igor
6412	Claudiano Sobrino
6413	Claudine
6414	Claudio
6415	Claudio Coíntra
6416	Claudio Ever
6417	Claudio Igor
6418	Claudio Medina
6419	Claudio Mouria
6420	Claudio Nuno
6421	Claudio Silbeiro
6422	Claudiosa Paes
6423	Claudiu
6424	Claure
6425	Clausen
6426	Clauss
6427	Clavería
6428	Clavería Herraíz
6429	Clavijo
6430	Clay
6431	Clayden
6432	Claytinho Branco
6433	Clayton
6434	Clayton Fildeiras
6435	Clayton Fábio
6436	Cleary
6437	Cleaves
6438	Clecildo Rafael
6439	Cleilton
6440	Cleiton
6441	Cleiton Augusto
6442	Cleiton Silva
6443	Clelland
6444	Clemaron
6445	Clemens
6446	Clement
6447	Clemente
6448	Clemente Maza
6449	Clemente Mues
6450	Clementia
6451	Clements
6452	Clerc
6453	Clerc Martínez
6454	Clerez Farias
6455	Clesio
6456	Cleveland
6457	Cleverley
6458	Cleworth
6459	Clichy
6460	Cliff
6461	Clifford
6462	Clifton
6463	Climax
6464	Clint
6465	Clinton
6466	Clinton Mata
6467	Clinton Mukoni
6468	Clirim
6469	Clisby
6470	Clive
6471	Close
6472	Clough
6473	Clucas
6474	Clyde
6475	Clyne
6476	Cláudia Neto
6477	Cláudia Teresa
6478	Cláudio
6479	Cláudio Pires
6480	Cláudio R.
6481	Cláudio Ramos
6482	Cláudio Winck
6483	Cléber
6484	Clémaron
6485	Clémence
6486	Clément
6487	Clésio
6488	Co
6489	Coșereanu
6490	Coşkun
6491	Coady
6492	Coates
6493	Cobbald
6494	Cobbaut
6495	Cobos
6496	Coburn
6497	Coby
6498	Cochet
6499	Cochrane
6500	Cocic
6501	Cocimano
6502	Cockburn
6503	Coco
6504	Coda
6505	Codreanu
6506	Cody
6507	Coeff
6508	Coelho
6509	Coelho Barbosa
6510	Coelho Teixeira
6511	Coelho de Lima
6512	Coengo Barbosa
6513	Coentrão Marafona
6514	Coetzee
6515	Coffey
6516	Coffie
6517	Cofie
6518	Cognat
6519	Cohen
6520	Coimbra
6521	Cojocaru
6522	Coke
6523	Coker
6524	Colaco
6525	Colak
6526	Colakovski
6527	Colassin
6528	Colazo
6529	Colback
6530	Colby
6531	Cole
6532	Coleman
6533	Coles
6534	Coley
6535	Colidio
6536	Colin
6537	Colina
6538	Colkett
6539	Coll
6540	Collado
6541	Collado Gutiérrez
6542	Collander
6543	Collao
6544	Collard
6545	Collen
6546	Collet
6547	Colley
6548	Colli
6549	Collier
6550	Collin
6551	Collins
6552	Colm
6553	Colmenarez
6554	Colmán
6555	Coloccini
6556	Colombatto
6557	Colombi
6558	Colombo
6559	Colorado
6560	Colpani
6561	Colula
6562	Colvin
6563	Colwill
6564	Coly
6565	Coman
6566	Comaneci
6567	Comas
6568	Comba
6569	Combe
6570	Combes
6571	Comesaña Veiga
6572	Comley
6573	Compagno
6574	Compagnucci
6575	Comte
6576	Conan
6577	Conceicão
6578	Conceição
6579	Conceição Paes
6580	Concepción
6581	Conde
6582	Conde Alcolado
6583	Condé
6584	Cone
6585	Cong
6586	Cong ZH.
6587	Cong Zhen
6588	Congré
6589	Congyao
6590	Coniah
6591	Conlon
6592	Connal
6593	Conneely
6594	Connell
6595	Connelly
6596	Connick
6597	Connolly
6598	Connor
6599	Conor
6600	Conrad
6601	Conradi Andrade
6602	Conrado
6603	Conroy
6604	Consbruch
6605	Considine
6606	Consigli
6607	Constance
6608	Constant
6609	Constantin
6610	Constantinos
6611	Conte
6612	Conteh
6613	Conti
6614	Contin
6615	Contini
6616	Contra
6617	Contreras
6618	Contreras Ferreira
6619	Conté
6620	Conway
6621	Coogan
6622	Cook
6623	Cooke
6624	Cooley
6625	Cools
6626	Cooney
6627	Cooney-Cross
6628	Cooper
6629	Cooper-Love
6630	Coopman
6631	Coordes
6632	Coosemans
6633	Coote
6634	Copete
6635	Copetti
6636	Coppens
6637	Coppola
6638	Coque
6639	Coquelin
6640	Corbally
6641	Corbeanu
6642	Corbett
6643	Corbo
6644	Corboz
6645	Corbu
6646	Corbyn
6647	Corchia
6648	Corcoran
6649	Cordano
6650	Cordaz
6651	Cordea
6652	Cordeia Damasco
6653	Cordeiro Costa
6654	Cordeiro dos Santos
6655	Cordero
6656	Cordier
6657	Cordova
6658	Coremans
6659	Corentin
6660	Corey
6661	Cork
6662	Corlu
6663	Cornago
6664	Cornago Lázaro
6665	Cornejo
6666	Cornel
6667	Cornelis
6668	Cornelisse
6669	Cornelissen
6670	Corneliu
6671	Cornelius
6672	Cornell
6673	Cornet
6674	Cornette
6675	Cornic
6676	Cornick
6677	Cornish
6678	Cornu
6679	Cornud
6680	Cornwall
6681	Corona
6682	Coronado
6683	Coronel
6684	Corozo
6685	Corpas
6686	Corpas Serna
6687	Corral
6688	Corral García
6689	Corral Tapia
6690	Corraldo Santoso
6691	Correa
6692	Correa Silva
6693	Corredera Alardi
6694	Corredera Rueda
6695	Corredor
6696	Correia
6697	Correia Pitta
6698	Correia dos Santos
6699	Corrie
6700	Corrigan
6701	Corry
6702	Corryn
6703	Corrêa dos Santos
6704	Corsie
6705	Corsini
6706	Cortave
6707	Cortez
6708	Cortizo
6709	Cortés
6710	Cortés García
6711	Cortés Heredia
6712	Cortéz
6713	Coruche Mendes
6714	Corujo
6715	Corvalán
6716	Cory
6717	Corzo
6718	Cosereanu
6719	Cosgrove
6720	Coskun
6721	Cosmescu
6722	Cosmin
6723	Cosse
6724	Costa
6725	Costa Baixinho
6726	Costa França
6727	Costa Jordá
6728	Costa Marques
6729	Costa Mendes Dias
6730	Costa Morais
6731	Costa Pereira
6732	Costa Santos
6733	Costa Silva
6734	Costa da Rosa
6735	Costa da Silva
6736	Costa do Nascimento
6737	Costache
6738	Costas Cordal
6739	Coste
6740	Costea
6741	Costello
6742	Costi
6743	Costil
6744	Costin
6745	Costinha
6746	Costinha Caldeira
6747	Costinho Ribeiro
6748	Costly
6749	Cota
6750	Cote
6751	Cottrell
6752	Coucke
6753	Coudert
6754	Coufal
6755	Coughlan
6756	Coughlin
6757	Cougo
6758	Coulibaly
6759	Coulon
6760	Coulson
6761	Coulton
6762	Couprins Acuna
6763	Courbet
6764	Court
6765	Courtet
6766	Courtney
6767	Courtney-Perkins
6768	Courtois
6769	Cousin
6770	Cousin-Dawson
6771	Cousins
6772	Coutadeur
6773	Couteira Baía
6774	Couteira Machado
6775	Coutereels
6776	Coutinho
6777	Coutinho Correia
6778	Couto
6779	Coutts
6780	Couturier
6781	Cova
6782	Covea
6783	Coventry
6784	Covil
6785	Covolan
6786	Covolan Cavagnari
6787	Cowan
6788	Cowell
6789	Cowie
6790	Cox
6791	Coxe
6792	Coyle
6793	Coyne
6794	Cozza
6795	Coíntra Calegari
6796	Cracknell
6797	Cragno
6798	Craig
6799	Crama
6800	Craninx
6801	Craninx Joostens
6802	Crankshaw
6803	Cravati
6804	Crawford
6805	Crețu
6806	Creanga
6807	Crellin
6808	Crepulja
6809	Crespo
6810	Crespo García
6811	Crespo Prieto
6812	Crespo Rincón
6813	Crespo da Silva
6814	Cresswell
6815	Crettaz
6816	Cretu
6817	Crichlow
6818	Crichton
6819	Cris
6820	Cris Laranjeiros
6821	Cris Salvador
6822	Criscito
6823	Crisostomo
6824	Crispim
6825	Cristaldo
6826	Cristante
6827	Cristea
6828	Cristhian
6829	Cristi
6830	Cristian
6831	Cristian Also
6832	Cristian Cedrés
6833	Cristian Enzo
6834	Cristian Herrera
6835	Cristian Josué
6836	Cristian Lodeira
6837	Cristian Rivero
6838	Cristian Tello
6839	Cristiano
6840	Cristiano Evaristo
6841	Cristiano Ronaldo
6842	Cristina
6843	Cristián
6844	Cristo
6845	Cristo González
6846	Cristo Romero
6847	Cristobal
6848	Cristopher
6849	Cristóbal
6850	Crivac
6851	Crivellaro
6852	Crivelli
6853	Crociata
6854	Crocombe
6855	Croditier
6856	Croes
6857	Croitoru
6858	Croitoru Jr.
6859	Crona
6860	Cronin
6861	Crook
6862	Crooks
6863	Cropper
6864	Cros
6865	Cross
6866	Croux
6867	Crowther
6868	Cruceiro Muscato
6869	Cruickshank
6870	Crusso Mutto
6871	Cruz
6872	Crysencio
6873	Crystal
6874	Cryzan
6875	Crépeau
6876	Csaba
6877	Cseri
6878	Csiszér
6879	Csoka
6880	Csontos
6881	Császár
6882	Csóka
6883	Cuadra
6884	Cuadrado
6885	Cuba Correia
6886	Cubas
6887	Cubero
6888	Cubero Ezcurra
6889	Cubo
6890	Cucchi
6891	Cucurella
6892	Cucurella Saseta
6893	Cuellar
6894	Cuenca Barreno
6895	Cuero
6896	Cuesta
6897	Cueto
6898	Cueto Suárez
6899	Cueva
6900	Cuevas
6901	Cuffaut
6902	Cuffy
6903	Cufré
6904	Cui
6905	Cui L.
6906	Cui Lin
6907	Cui M.A.
6908	Cui Ming'an
6909	Cui Q.
6910	Cui Qi
6911	Cuisance
6912	Cukur
6913	Culebra
6914	Cullen
6915	Cumani
6916	Cumaná
6917	Cumming
6918	Cummings
6919	Cundle
6920	Cundy
6921	Cunha
6922	Cunha Capocasali Jr
6923	Cunha Sousa
6924	Cunha Sá
6925	Cunha Vidigal
6926	Cunningham
6927	Cuomo
6928	Cupido Gonçalves
6929	Cuqui
6930	Curbelo de la Fe
6931	Cure
6932	Curescu
6933	Curiel
6934	Curran
6935	Curri
6936	Currie
6937	Curro
6938	Curro Sánchez
6939	Curruhinca
6940	Curry
6941	Curtis
6942	Curuchet
6943	Custodio
6944	Custom Player 40030
6945	Custom Player 40031
6946	Custom Player 40033
6947	Custom Player 40034
6948	Custom Player 40035
6949	Custom Player 40036
6950	Custom Player 40037
6951	Custom Player 40040
6952	Custom Player 40043
6953	Custom Player 40045
6954	Custom Player 40047
6955	Custom Player 40051
6956	Custom Player 40052
6957	Custom Player 40053
6958	Custom Player 40054
6959	Custom Player 40055
6960	Custom Player 40056
6961	Custom Player 40058
6962	Custom Player 40059
6963	Custom Player 40060
6964	Custom Player 40061
6965	Custom Player 40062
6966	Custom Player 40063
6967	Custom Player 40064
6968	Custom Player 40065
6969	Custom Player 40066
6970	Custom Player 40068
6971	Custom Player 40070
6972	Custom Player 40071
6973	Custom Player 40072
6974	Custom Player 40073
6975	Custom Player 40074
6976	Custom Player 40075
6977	Custom Player 40076
6978	Custom Player 40077
6979	Custom Player 40078
6980	Custom Player 40079
6981	Custom Player 40080
6982	Custom Player 40081
6983	Custom Player 40082
6984	Custom Player 40083
6985	Custom Player 40084
6986	Custom Player 40085
6987	Custom Player 40086
6988	Custom Player 40087
6989	Custom Player 40088
6990	Custom Player 40089
6991	Custovic
6992	Cuthbert
6993	Cutrone
6994	Cuypers
6995	Cuéllar
6996	Cuéllar Mendoza
6997	Cvek
6998	Cvetaš
6999	Cvetinović
7000	Cvetko
7001	Cvetkov
7002	Cvetkovic
7003	Cvitanich
7004	Cvitanović
7005	Cvjetinovic
7006	Cy
7007	Cyle
7008	Cynthia
7009	Cyprien
7010	Cyriel
7011	Cyril
7012	Cyrill
7013	Cyrille
7014	Cyrus
7015	Cywińska
7016	Czajkowski
7017	Czarnowski
7018	Czerwiński
7019	Czichos
7020	Czudzińska
7021	Czyborra
7022	Czyż
7023	Czyżycki
7024	Cáceda
7025	Cáceres
7026	Cáceres Rodríguez
7027	Cádiz
7028	Cándido
7029	Cárdenas
7030	Cárdenas Líndez
7031	Cáseres
7032	Cásseres Jr
7033	Cédric
7034	Cédric Ricardo
7035	Célestine
7036	Célia
7037	Céline
7038	César
7039	César Fernando
7040	César García
7041	César Gelabert
7042	César Moreno
7043	César Sousa
7044	Césario Limberg
7045	Césario Marco
7046	Céspedes
7047	Cîmpanu
7048	Cîrjan
7049	Cóccaro
7050	Córdoba
7051	Córdoba Kerejeta
7052	Córdoba Querejeta
7053	Córdova
7054	Cõembra Laforte
7055	Cömert
7056	Dănuleasă
7057	Dąbrowski
7058	D'Agostino
7059	D'Alberto
7060	D'Alessandro
7061	D'Almeida
7062	D'Ambrosio
7063	D'Amico
7064	D'Angelo
7065	D'Arpino
7066	D'Arrigo
7067	D'Asaro
7068	D'Cunha
7069	D'Haene
7070	D'Haese
7071	D'Mani
7072	D'Margio
7073	D'Onofrio
7074	D'Silva
7075	D. Aguilar
7076	D. Alqarni
7077	D. Ayala
7078	D. Azcona
7079	D. Bragança
7080	D. Cascarino
7081	D. Cataño
7082	D. Ceballos
7083	D. Chara
7084	D. Costa
7085	D. De Buen
7086	D. Enriquez
7087	D. Fernandez
7088	D. Figueiras
7089	D. Fleitas
7090	D. Fornies
7091	D. Frascarelli
7092	D. Gonzalez
7093	D. Gonçalves
7094	D. Guindo
7095	D. Jiménez
7096	D. Le Tallec
7097	D. Lizio
7098	D. Machis
7099	D. Malrechauffe
7100	D. Martín
7101	D. Mayoral
7102	D. Mina
7103	D. Nussbaumer
7104	D. Okereke
7105	D. Oliveira
7106	D. Palacios
7107	D. Parra
7108	D. Pérez
7109	D. Quintana
7110	D. Rebollo
7111	D. Reyes
7112	D. Romera
7113	D. Rubio
7114	D. Rusu
7115	D. Sappa
7116	D. St-Louis
7117	D. Tavares
7118	D. Toma
7119	D. Torres
7120	D. Vergara
7121	D.Andrade
7122	D.Blanco
7123	D.Bouanga
7124	D.Carriço
7125	D.Celea
7126	D.Emeksiz
7127	D.Farias
7128	D.Florea
7129	D.Ganesh
7130	D.Gonzalez
7131	D.Jones
7132	D.Lainez
7133	D.M. Karlsson
7134	D.Magaña
7135	D.Mariño
7136	D.Mendieta
7137	D.Moreno
7138	D.Mosquera
7139	D.Murphy
7140	D.Negut
7141	D.P. Ulvestad
7142	D.Popa
7143	D.Power
7144	D.Segbe
7145	D.Tangri
7146	D.Tchamba
7147	D.Valdés
7148	D.Van Lam
7149	D.Velkovski
7150	Długosz
7151	DJ
7152	DJ Snake
7153	Da
7154	Da Costa
7155	Da Cruz
7156	Da Cunha
7157	Da Luz Junior
7158	Da Luz Pereira
7159	Da Rosa
7160	Da Silva
7161	Da Silva Barbosa
7162	Da Silva Cabral
7163	Da Silva Cafumana
7164	Da Silva Mendes
7165	Da Silva Vieira
7166	Da Silva de Jesus
7167	Da Silva dos Anjos
7168	Da Silva dos Santos
7169	Da Silveira
7170	Da Souza Oliveira
7171	Daam
7172	Daan
7173	Dabanlı
7174	Dabao
7175	Dabbur
7176	Dabhi
7177	Dabila
7178	Dabira
7179	Dabo
7180	Dabogo
7181	Dabolins
7182	Dabre
7183	Dacey
7184	Daci
7185	Dack
7186	Dacko
7187	Dacosta
7188	Dacres-Cogley
7189	Dadashov
7190	Dadashow
7191	Dadie
7192	Dadjo
7193	Dadok
7194	Dadoo
7195	Dadoune
7196	Dae Gyeong
7197	Dae Jung
7198	Dae Won
7199	Dae Woo
7200	Dae Young
7201	DaeGyeong
7202	DaeJung
7203	DaeWon
7204	DaeYoung
7205	Daedlow
7206	Dael
7207	Daems
7208	Daewoo
7209	Dafa Gomes
7210	Daferner
7211	Dagba
7212	Dagnogo
7213	Dago
7214	Dago Filipe
7215	Dagoberto Esteiro
7216	Dagoberto Josué
7217	Dagriri
7218	Daguinho Parrela
7219	Dah
7220	Dahan
7221	Dahl
7222	Dahlberg
7223	Dahlin
7224	Dahlkemper
7225	Dahlqvist
7226	Dahlström
7227	Dahmen
7228	Dahoud
7229	Dai
7230	Dai L.
7231	Dai Lin
7232	Dai Nam
7233	Dai W.J.
7234	Dai Wai-Tsun
7235	Daichi
7236	Daigo
7237	Daihachi
7238	Daijiro
7239	Daiju
7240	Daiki
7241	Dailly
7242	Daina Facchini
7243	Daina Natália
7244	Daineiro Cruz
7245	Daire
7246	Dairon
7247	Daisei
7248	Daishawn
7249	Daisuke
7250	Daisy
7251	Daiya
7252	Daizen
7253	Dajaku
7254	Daka
7255	Dakarai
7256	Dakir
7257	Dakonam
7258	Dal Hende
7259	Daland
7260	Dalberson
7261	Dalbert
7262	Dale
7263	Daleho
7264	Dalei
7265	Daler
7266	Daley
7267	Daley-Campbell
7268	Dalglish
7269	Dali
7270	Dalibor
7271	Dallas
7272	Dalle Mura
7273	Dallison
7274	Dallmann
7275	Dalmat
7276	Dalmau
7277	Dalmau Vaquer
7278	Dalmr
7279	Dalot
7280	Dalot Teixeira
7281	Dalsgaard
7282	Dalton
7283	Dalui
7284	Dalun
7285	Dalvi
7286	Daly
7287	Dam
7288	Dama
7289	Damany
7290	Damascan
7291	Damasto Orsi
7292	Damdam
7293	Damen
7294	Damesio Figueiras
7295	Damian
7296	Damiani
7297	Damiano
7298	Damianos
7299	Damien
7300	Damijan
7301	Damil
7302	Damir
7303	Damián
7304	Damjan
7305	Damjanović
7306	Damlu
7307	Damm
7308	Dammerer
7309	Dammers
7310	Damnjanovic Nilsson
7311	Damon
7312	Damor
7313	Dams
7314	Damsgaard
7315	Dan
7316	Dan Manh
7317	Dan Peter
7318	Dan-Axel
7319	Danchenko
7320	Dandea
7321	Dane
7322	Daneels
7323	Danel
7324	Danesi
7325	Dangbo
7326	Danger
7327	Dangprakon
7328	Dangubić
7329	Dangubic
7330	Danh
7331	Dani
7332	Dani Albiar
7333	Dani Barrio
7334	Dani Calvo
7335	Dani Ceballos
7336	Dani Cárdenas
7337	Dani Escriche
7338	Dani García
7339	Dani Garrido
7340	Dani Gómez
7341	Dani H.
7342	Dani Jiménez
7343	Dani Martín
7344	Dani Morer
7345	Dani Ojeda
7346	Dani Olmo
7347	Dani Plomer
7348	Dani Quintana
7349	Dani Raba
7350	Dani Ramírez
7351	Dani Rochelinhas
7352	Dani Rodríguez
7353	Dani Romera
7354	Dani Vidal
7355	Dani Vivian
7356	Daniar
7357	Daniel
7358	Daniel Alexis
7359	Daniel Ayala
7360	Daniel Bragança
7361	Daniel Candeias
7362	Daniel Carriço
7363	Daniel Clayton
7364	Daniel Eduardo
7365	Daniel F.
7366	Daniel Figueira
7367	Daniel Filipe
7368	Daniel Fuzato
7369	Daniel João
7370	Daniel Mestrança
7371	Daniel Podence
7372	Daniel Rebollo
7373	Daniel dos Anjos
7374	Daniel-Kofi
7375	Daniela
7376	Daniele
7377	Danielle
7378	Daniels
7379	Danielsen
7380	Danielson
7381	Danielsson
7382	Daniil
7383	Danijel
7384	Danila
7385	Danilho
7386	Daniliuc
7387	Danilo
7388	Danilo Luiz
7389	Danilo Luís
7390	Danilo Manuel
7391	Danilo Pereira
7392	Danilo Sacrio
7393	Danilo Teodoro
7394	Danin
7395	Danique
7396	Danis
7397	Danisco Fachini
7398	Danish
7399	Daniël
7400	Danjalsson
7401	Danjuma
7402	Danjuro
7403	Dankerlui
7404	Danladi
7405	Danny
7406	Danny Henriques
7407	Dano Nascimento
7408	Danovis
7409	Danquah
7410	Danso
7411	Dantas
7412	Dantas da Silva
7413	Dantas de Medeiros
7414	Dante
7415	Dante Bonfim
7416	Dantouma
7417	Danu
7418	Danuta
7419	Dany
7420	Dany Mota
7421	Danylo
7422	Danzaki
7423	Daníel Leó
7424	Dao
7425	Daogang
7426	Daophongsa
7427	Daouda
7428	Daouda Karamoko
7429	Daphne
7430	Dapo
7431	Daprelà
7432	Dar
7433	Dara
7434	Darab
7435	Daramy
7436	Darasri
7437	Darboe
7438	Darcy
7439	Dardan
7440	Darder Moll
7441	Dardo
7442	Darek
7443	Darfalou
7444	Dargis
7445	Darhad
7446	Darian
7447	Darida
7448	Darijan
7449	Darijo
7450	Darikwa
7451	Dario
7452	Daris
7453	Darisi
7454	Darius
7455	Dariusz
7456	Dariya
7457	Darko
7458	Darlin
7459	Darling
7460	Darlington
7461	Darlow
7462	Darmali
7463	Darmanin
7464	Darmian
7465	Darnell
7466	Darragh
7467	Darrel
7468	Darren
7469	Darryl
7470	Darsha
7471	Darshan
7472	Darshana
7473	Darwin
7474	Darwin Jr
7475	Darwish
7476	Daryl
7477	Darío
7478	Darío Poveda
7479	Darío Ramos
7480	Das
7481	Dasa
7482	Dasari
7483	Daschner
7484	Dash
7485	Dasha
7486	Dasilva
7487	Dassy
7488	Dat
7489	Datković
7490	Datta
7491	Daubin
7492	Dauda
7493	Daugavina
7494	Daushvili
7495	Dauti
7496	Dave
7497	Davenport
7498	Davey
7499	Davi Alexandre
7500	Davi Parrela
7501	David
7502	David Alba
7503	David Argüelles
7504	David Bruno
7505	David Carmo
7506	David Costa
7507	David Costas
7508	David Datro
7509	David Fdez.
7510	David Fernández
7511	David Ferreiro
7512	David García
7513	David Gil
7514	David Goldar
7515	David Jason
7516	David Jefferson
7517	David Josué
7518	David José
7519	David Juncà
7520	David Justin
7521	David Lopez
7522	David López
7523	David Martins
7524	David Mateos
7525	David Mota
7526	David Møller
7527	David Neres
7528	David Raya
7529	David Rodríguez
7530	David Seijalbo
7531	David Sena
7532	David Silva
7533	David Simao
7534	David Simão
7535	David Simón
7536	David Soria
7537	David Sousa
7538	David Sualehe
7539	David Tavares
7540	David Wang
7541	Davide
7542	Davide Eustáquio
7543	Davide Maurício
7544	Davidian
7545	Davidovich
7546	Davidsen
7547	Davidson
7548	Davie
7549	Davies
7550	Davina
7551	Davinder
7552	Davinia
7553	Davinson
7554	Davis
7555	Davison
7556	Davit
7557	Davo
7558	Davor
7559	Davoud
7560	Davud
7561	Davy
7562	Daw
7563	Dawid
7564	Dawidowicz
7565	Dawit
7566	Dawood
7567	Dawson
7568	Dax
7569	Day
7570	Dayal
7571	Daylam
7572	Dayne
7573	Dayot
7574	De
7575	De Almeida
7576	De Amo Pérez
7577	De Amores
7578	De Angelis
7579	De Backer
7580	De Barr
7581	De Baunbag
7582	De Blasis
7583	De Bock
7584	De Bruyn
7585	De Bruyne
7586	De Buyser
7587	De Caigny
7588	De Carvalho
7589	De Clercq
7590	De Coninck
7591	De Coster
7592	De Erjiaduo
7593	De Frutos
7594	De Gea
7595	De Gea Quintana
7596	De Groote
7597	De Jesus Santos
7598	De John
7599	De Jonghe
7600	De Ketelaere
7601	De La Fuente
7602	De La Hoz
7603	De La Hoz López
7604	De La Torre
7605	De Laet
7606	De Leonco
7607	De Luca
7608	De Maio
7609	De Marco
7610	De Marcos
7611	De Marcos Arana
7612	De Marino
7613	De Medina
7614	De Menezes Júnior
7615	De Menses
7616	De Mesquites
7617	De Meyer
7618	De Neve
7619	De Nitti
7620	De Norre
7621	De Oliveira Moura
7622	De Olivera
7623	De Paul
7624	De Pauw
7625	De Percin
7626	De Poorter
7627	De R.J.D.
7628	De Ridder
7629	De Rosa
7630	De Santis
7631	De Sart
7632	De Schrevel
7633	De Sciglio
7634	De Silva
7635	De Silvestri
7636	De Smedt
7637	De Smet
7638	De Sousa
7639	De Sousa Lameiras
7640	De Sousa Pereira
7641	De Souza Figueiredo
7642	De Souza Junior
7643	De Souza Trevisan
7644	De Tomás
7645	De Tomás Gómez
7646	De Vanna
7647	De Vincenti
7648	De Vita
7649	De Vos
7650	De Vries
7651	De Wilde
7652	De Winter
7653	De Witte
7654	De Wolf
7655	De la Bella
7656	De la Cruz
7657	De la Vega
7658	De-wei
7659	DeAndre
7660	DeJuan
7661	DeLaGarza
7662	DeLeon
7663	DePuy
7664	DeShields
7665	DeZart
7666	Deac
7667	Deaconu
7668	Dean
7669	Deana
7670	Deanne
7671	Dearnley
7672	Deaux
7673	Deb
7674	Debast
7675	Debbarma
7676	Debeljuh
7677	Debes
7678	Debever
7679	Debi
7680	Debjit
7681	Debnath
7682	Decarli
7683	Decebal
7684	Declan
7685	Declercq
7686	Decordova-Reid
7687	Decostere
7688	Deddy
7689	Dedić
7690	Dedos
7691	Dedryck
7692	Dee
7693	Deeba
7694	Deegan
7695	Deeney
7696	Deepak
7697	Defoe
7698	Defreitas-Hansen
7699	Defrel
7700	Defu
7701	Degenek
7702	Deguara
7703	Dehai
7704	Dehl
7705	Dehm
7706	Dehmie
7707	Dehuri
7708	Dei
7709	Deian
7710	Deiber
7711	Deichmann
7712	Deijl
7713	Deiola
7714	Deisenberger
7715	Deiver
7716	Deiverson Breno
7717	Deiverson Kaio
7718	Deivoon
7719	Deivson Rogério
7720	Dejaegere
7721	Dejan
7722	Deji
7723	Deka
7724	Dekker
7725	Deklan
7726	Dekoke
7727	Dekoké
7728	Del Campo
7729	Del Castillo
7730	Del Fabro
7731	Del Piero
7732	Del Prete
7733	Del Río
7734	Del Sole
7735	Dela
7736	Delacauw
7737	Delage
7738	Delahaye
7739	Delaine
7740	Delaney
7741	Delanghe
7742	Delannoy
7743	Delano
7744	Delap
7745	Delatour
7746	Delattre
7747	Delaunay
7748	Delaveris
7749	Delaye
7750	Delbridge
7751	Delcroix
7752	Dele
7753	Dele-Bashiru
7754	Delem
7755	Delemović
7756	Delfouneso
7757	Delgadillo
7758	Delgado
7759	Delgado Guerrero
7760	Delgado Lloria
7761	Delgado López
7762	Delgado Rojano
7763	Delgado Saverio
7764	Delgermaa
7765	Deli
7766	Delić
7767	Delianov
7768	Deligiannis
7769	Delin
7770	Dell'Orco
7771	Delle
7772	Dellova
7773	Delluc
7774	Delmas
7775	Delmino da Silva
7776	Delmás
7777	Delmás Germán
7778	Deloose
7779	Delorme
7780	Delort
7781	Delos
7782	Delpech
7783	Delph
7784	Delphine
7785	Delphis
7786	Delvalle
7787	Delvaux
7788	Delvina
7789	Delzad
7790	Demaku
7791	Deman
7792	Demarai
7793	Demarconnay
7794	Demartini
7795	Demba
7796	Dembe
7797	Dembele
7798	Dembélé
7799	Deme
7800	Demery
7801	Demetri
7802	Demetriou
7803	Demhasaj
7804	Demi
7805	Demici
7806	Deminguet
7807	Demiquel
7808	Demir
7809	Demiral
7810	Demirbağ
7811	Demirbay
7812	Demirci
7813	Demirdjian
7814	Demirok
7815	Demirović
7816	Demirtaş
7817	Demissie
7818	Demián Rafael
7819	Demme
7820	Demoncy
7821	Demouchy
7822	Dempsey
7823	Dempster
7824	Demyan
7825	Denayer
7826	Dendoncker
7827	Denechandra
7828	Dener
7829	Dener Adão
7830	Dener Rolim
7831	Deneumostier
7832	Deng
7833	Deng H.W.
7834	Deng Hanwen
7835	Deng J.X.
7836	Deng Jiaxing
7837	Deng X.F.
7838	Deng Xiaofei
7839	Denham
7840	Denho Serra
7841	Denholm
7842	Deni
7843	Deni Gaúcho
7844	Deni Jr
7845	Denilson
7846	Denis
7847	Denis Suárez
7848	Denis Will
7849	Denise
7850	Deniz
7851	Denkey
7852	Dennis
7853	Denny
7854	Denswil
7855	Dentinho
7856	Denuit
7857	Denys
7858	Denzel
7859	Deom
7860	Deon
7861	Depaoli
7862	Depay
7863	Depe
7864	Depiro
7865	Depoitre
7866	Depres
7867	Deprez
7868	Derderian
7869	Dereck
7870	Derek
7871	Derick
7872	Derijck
7873	Derik Gean
7874	Derik Lacerda
7875	Derlis
7876	Dermaku
7877	Deroy
7878	Derrick
7879	Dersan Dinis
7880	Dersan Jaime
7881	Derstroff
7882	Dertadian
7883	Dervişoğlu
7884	Dervin
7885	Dervishi
7886	Dervisoglu
7887	Des
7888	Desai
7889	Desailly
7890	Desautels
7891	Desbois
7892	Descamps
7893	Deschamps
7894	Descotte
7895	Deshiwal
7896	Deshmukh
7897	Desiree
7898	Desler
7899	Desley
7900	Desmas
7901	Desmet
7902	Desmond
7903	Desny
7904	Despa
7905	Despott
7906	Desprez
7907	Dessers
7908	Dessoleil
7909	Dest
7910	Destan
7911	Destanoğlu
7912	Destiny Iyenoma
7913	Destro
7914	Desábato
7915	Dettler
7916	Deu
7917	Deuling
7918	Deulofeu
7919	Deulofeu Lázaro
7920	Dev
7921	Devante
7922	Devarn
7923	Devaux
7924	Devecchi
7925	Devendra
7926	Devi
7927	Devid Eugene
7928	Deville
7929	Devin
7930	Devine
7931	Devitt
7932	Devlin
7933	Devonte
7934	Devos
7935	Devoy
7936	Devrani
7937	Devyne
7938	Dewaele
7939	Dewaest
7940	Dewan
7941	Dewar
7942	Dewhurst
7943	Dewi
7944	Dewicka
7945	Dewsbury-Hall
7946	Dewsnup
7947	Dexter
7948	Dey
7949	Deymar
7950	Deyovaisio
7951	Dezi
7952	Dhaidan
7953	Dhaifallah
7954	Dhakir
7955	Dhamac
7956	Dhanda
7957	Dhanpal
7958	Dhar
7959	Dhara
7960	Dharmasena
7961	Dharmendra
7962	Dhas
7963	Dheeraj
7964	Dheeraj. M
7965	Dhimitrios
7966	Dhont
7967	Dhot
7968	Dhwanil
7969	Di Angelotti
7970	Di Carmine
7971	Di Cesare
7972	Di Francesco
7973	Di Gregorio
7974	Di Lorenzo
7975	Di Luciano
7976	Di Mariano
7977	Di María
7978	Di Mauro Vagenin
7979	Di Nardo
7980	Di Pardo
7981	Di Plácido
7982	Di Santo
7983	Di Serio
7984	Di Stefano
7985	Di Tacchio
7986	Di'Shon
7987	Dia
7988	Diabagate
7989	Diabate
7990	Diabaté
7991	Diaby
7992	Diabyfadiga
7993	Diadié
7994	Diagana
7995	Diagne
7996	Diago
7997	Diagouraga
7998	Diakhaba
7999	Diakhaby
8000	Diakhate
8001	Diakhite
8002	Diakhité
8003	Diakite
8004	Diakité
8005	Diallang
8006	Diallo
8007	Diamanka
8008	Diamantakos
8009	Diamanti
8010	Diambou
8011	Diamond
8012	Dian
8013	Diana
8014	Diana Catarina
8015	Diana G.
8016	Diana Gomes
8017	Diana Micaela
8018	Diana S.
8019	Diana Silva
8020	Diane
8021	Dianessy
8022	Diang
8023	Diangana
8024	Diani
8025	Diant
8026	Dianzuo
8027	Diao
8028	Diaoune
8029	Diarra
8030	Diarrassouba
8031	Dias
8032	Dias Belloli
8033	Dias Cavalcanti
8034	Dias Correia
8035	Dias Fernandes
8036	Dias Goncalves
8037	Dias Lino
8038	Dias Moreira
8039	Dias Resende Bruno
8040	Dias Ribeiro
8041	Diasha
8042	Diatta
8043	Diaw
8044	Diawara
8045	Diawusie
8046	Diaz
8047	Dibaba
8048	Dibassy
8049	Dibba
8050	Dibble
8051	Dibi
8052	Dibon
8053	Dibusz
8054	Diby
8055	Dick
8056	Dickenson
8057	Dickie
8058	Dickinson
8059	Dicko
8060	Dickson
8061	Dickson-Peters
8062	Didac
8063	Didavi
8064	Didi
8065	Didier
8066	Didillon
8067	Diede
8068	Diederich
8069	Diedhiou
8070	Diegildo Ramos
8071	Diego
8072	Diego Alende
8073	Diego Alonso
8074	Diego Batista
8075	Diego Bri
8076	Diego Carlos
8077	Diego Conde
8078	Diego Farías
8079	Diego Glez
8080	Diego González
8081	Diego Guti
8082	Diego Hugo
8083	Diego Javier
8084	Diego José
8085	Diego Llorente
8086	Diego Lopez
8087	Diego López
8088	Diego Mariño
8089	Diego Moreno
8090	Diego Oliveira
8091	Diego P.
8092	Diego Pampín
8093	Diego Pituca
8094	Diego R.
8095	Diego Rafael
8096	Diego Rico
8097	Diego Rigonato
8098	Diego Vicente
8099	Dieguez
8100	Diekmann
8101	Diekmeier
8102	Dieme
8103	Diemers
8104	Diene
8105	Dieng
8106	Dier
8107	Dierckx
8108	Dieseruvwe
8109	Dieter
8110	Dietrich
8111	Dietsch
8112	Dietz
8113	Dieumerci
8114	Dieye
8115	Diez
8116	Digbeu
8117	Digby
8118	Digne
8119	Dihidar
8120	Dihoud
8121	Dijakovic
8122	Dijkgraaf
8123	Dijkhoff
8124	Dijks
8125	Dijksteel
8126	Dijkstra
8127	Dike
8128	Dikeledi
8129	Dikmen
8130	Diks
8131	Dikta
8132	Dilan
8133	Dilane
8134	Dilara
8135	Dilaver
8136	Dildar
8137	Dilhara
8138	Diliberto
8139	Dilip
8140	Dillon
8141	Dillson Robson
8142	Dillson Teixeiro
8143	Dilmurat
8144	Dilrosun
8145	Dilumut
8146	Dilyimit
8147	Dimarco
8148	Dimata
8149	Dimeira Couto
8150	Dimi
8151	Dimitar
8152	Dimitra
8153	Dimitri
8154	Dimitrievski
8155	Dimitrij
8156	Dimitrios
8157	Dimitriou
8158	Dimitris
8159	Dimitrov
8160	Dimitry
8161	Dimov
8162	Dimple
8163	Din
8164	Dina
8165	Dina Ebimbe
8166	Dinanga
8167	Dinei Peixo
8168	Dinenno
8169	Dines
8170	Dinescu
8171	Dinesh
8172	Ding
8173	Ding H.F.
8174	Ding Haifeng
8175	Dingake
8176	Dinger
8177	Dinget
8178	Dinghao
8179	Dingomé
8180	Dingxiang
8181	Dingyang
8182	Dinh
8183	Dini
8184	Diniță
8185	Dinis
8186	Dinis Abravanel
8187	Dinis Almeida
8188	Dinis Costa
8189	Dinis Ferreira
8190	Dinita
8191	Diniz Cabral
8192	Diniz Prazeres
8193	Dinkci
8194	Dinko
8195	Dinkçi
8196	Dinliana
8197	Dinny
8198	Dino
8199	Dinu
8200	Dinzeyi
8201	Diogildo Peixe
8202	Diogo
8203	Diogo Alexandre
8204	Diogo António
8205	Diogo Calila
8206	Diogo Costa
8207	Diogo Dalot
8208	Diogo Figueiras
8209	Diogo Filipe
8210	Diogo Gonçalves
8211	Diogo Izata
8212	Diogo J.
8213	Diogo José
8214	Diogo Jota
8215	Diogo Leite
8216	Diogo Lucas
8217	Diogo Marques
8218	Diogo Mendes
8219	Diogo Nathan
8220	Diogo Queirós
8221	Diogo Silva
8222	Diogo Viana
8223	Diomande
8224	Diomandé
8225	Dion
8226	Dione
8227	Diongue
8228	Dionicio
8229	Dionkou
8230	Diop
8231	Dior
8232	Diosbert
8233	Dioses
8234	Dioudis
8235	Diouf
8236	Dioussé
8237	Dipa
8238	Dipak
8239	Dipali
8240	Dipeba
8241	Dirar
8242	Dirie
8243	Dirk
8244	Dirksz
8245	Disaro
8246	Disasi
8247	Dith
8248	Ditmir
8249	Ditta
8250	Dittgen
8251	Dituro
8252	Diveev
8253	Divjak
8254	Divock
8255	Dixon
8256	Dixon-Bonner
8257	Diễm
8258	Dié
8259	Diédhiou
8260	Diéguez Grande
8261	Djaha
8262	Djaló
8263	Djamel
8264	Django
8265	Djaniny
8266	Djavan
8267	Djaya
8268	Djed
8269	Djedje
8270	Djenahro
8271	Djene
8272	Djenepo
8273	Djené
8274	Djibril
8275	Djibril Fandje
8276	Djidji
8277	Djiga
8278	Djiku
8279	Djilobodji
8280	Djimsiti
8281	Djitte
8282	Djitté
8283	Djoco
8284	Djokovic
8285	Djordje
8286	Djorkaeff
8287	Djouahra
8288	Djuka
8289	Djurhuus
8290	Djurić
8291	Djuricin
8292	Djé
8293	Djédjé
8294	Dlamini
8295	Dlugaiczyk
8296	Dmitriy
8297	Dmitrović
8298	Dmitrovic
8299	Dmitry
8300	Dočkal
8301	Doğan
8302	Doğucan
8303	Doğukan
8304	Do Couto
8305	Do Hyeok
8306	Do Nascimento Cruz
8307	Do Yun
8308	DoHyeok
8309	Doan
8310	Dobbelaere
8311	Dobbin
8312	Dobbs
8313	Dobovšek
8314	Dobovišek
8315	Dobra
8316	Dobre
8317	Dobrescu
8318	Dobrogeanu
8319	Dobrosavlevici
8320	Dobson
8321	Dobunaba
8322	Docherty
8323	Dodd
8324	Dodds
8325	Dodi
8326	Dodo
8327	Dodos
8328	Dodô
8329	Doekhi
8330	Dogan
8331	Dogo
8332	Doh
8333	Doherty
8334	Dohi
8335	Dohling
8336	Doi
8337	Doidge
8338	Doig
8339	Doka
8340	Doke
8341	Doku
8342	Dolček
8343	Dolai
8344	Dolan
8345	Dolberg
8346	Doldur
8347	Doldán
8348	Doley
8349	Doležal
8350	Dolly
8351	Dolores
8352	Dolores Isabel
8353	Dolores Silva
8354	Dolors
8355	Dom
8356	Domański
8357	Domagoj
8358	Domaschke
8359	Dombrovskis
8360	Dombrowa
8361	Dombrowka
8362	Domen
8363	Domenech
8364	Domenech Sánchez
8365	Domenico
8366	Domgjoni
8367	Domi
8368	Domilson
8369	Domingo
8370	Domingo Gómez
8371	Domingos
8372	Domingos André
8373	Domingos D.
8374	Domingos Duarte
8375	Domingos Quina
8376	Domingos Sousa
8377	Domingues
8378	Domingues Agrelos
8379	Domingues Piazón
8380	Domingues de Souza
8381	Dominguez Cáceres
8382	Dominic
8383	Dominick
8384	Dominik
8385	Dominique
8386	Dompé
8387	Domínguez
8388	Domínguez Romero
8389	Don
8390	Donachie
8391	Donacien
8392	Donaghy
8393	Donal
8394	Donald
8395	Donaldson
8396	Donasiyano
8397	Donatas
8398	Donati
8399	Donatinho Garcia
8400	Donatti
8401	Done
8402	Doneil
8403	Donelon
8404	Donervon
8405	Dong
8406	Dong Bum
8407	Dong CH.Y.
8408	Dong Chan
8409	Dong Chunyu
8410	Dong Geon
8411	Dong Gyu
8412	Dong H.L.
8413	Dong Hee
8414	Dong Heon
8415	Dong Ho
8416	Dong Honglin
8417	Dong Hwan
8418	Dong Hyen
8419	Dong Hyeok
8420	Dong Hyun
8421	Dong Jun
8422	Dong Kyung
8423	Dong Ryul
8424	Dong Su
8425	Dong Sung
8426	Dong Won
8427	Dong Woo
8428	Dong X.SH.
8429	Dong Xuesheng
8430	Dong Y.D.
8431	Dong Y.F.
8432	Dong Yandong
8433	Dong Yanfeng
8434	DongGeon
8435	DongHee
8436	DongHo
8437	DongHyeok
8438	DongHyeon
8439	DongHyun
8440	DongJun
8441	DongRyul
8442	DongSu
8443	DongWoo
8444	Dongbum
8445	Dongchan
8446	Donggyu
8447	Dongheon
8448	Donghwan
8449	Dongkyung
8450	Dongo
8451	Dongus
8452	Dongxiang
8453	Doninho Oliveira
8454	Donis
8455	Donkor
8456	Donnarumma
8457	Donne
8458	Donnell
8459	Donnelly
8460	Donny
8461	Donoghue
8462	Donoi
8463	Donoso
8464	Donovan
8465	Donsah
8466	Dontas
8467	Donyell
8468	Doo
8469	Doo Hyun Seok
8470	Doodeman
8471	Doohan
8472	Dooley
8473	Doorsoun
8474	Dor
8475	Doran
8476	Doria
8477	Dorian
8478	Dorinel
8479	Dorley
8480	Dornebusch
8481	Dorokhova
8482	Dorota
8483	Dorsch
8484	Dorsett
8485	Dorsey
8486	Doru
8487	Doruk
8488	Dorukhan
8489	Dos Anjos
8490	Dos Santos
8491	Dos Santos Gomes
8492	Dos Santos Haesler
8493	Dos Santos Júnior
8494	Dos Santos Pedro
8495	Dosis
8496	Dosou
8497	Dosso
8498	Dossou
8499	Dost
8500	Dostonbek
8501	Dotson
8502	Dou-wan
8503	Doua
8504	Douangmala
8505	Doucet
8506	Doucoure
8507	Doucouré
8508	Doudou
8509	Dougall
8510	Dougan
8511	Doughty
8512	Douglas
8513	Douglas Arthur
8514	Douglas Augusto
8515	Douglas Carvalheira
8516	Douglas Grolli
8517	Douglas JR
8518	Douglas Luiz
8519	Douglas M.
8520	Douglas Oliveira
8521	Douglas Tanque
8522	Douglas Vieira
8523	Douglas Willian
8524	Douhou
8525	Doukansy
8526	Doukoure
8527	Doukouré
8528	Doukouré C.
8529	Douline
8530	Doulova
8531	Doumbia
8532	Doumbouya
8533	Doungel
8534	Dourado
8535	Dourado Hermes
8536	Dourado Santos
8537	Dourado de Freitas
8538	Douvikas
8539	Dovbyk
8540	Dovedan
8541	Dovin
8542	Dow
8543	Dowell
8544	Dowling
8545	Downes
8546	Downie
8547	Downing
8548	Doyle
8549	Doyle-Hayes
8550	Doyun
8551	Dozzell
8552	Drăghia
8553	Drăguș
8554	Drăgușin
8555	Drągowski
8556	Dragan
8557	Dragana
8558	Draganova
8559	Dragen
8560	Dragi
8561	Dragić
8562	Dragiša
8563	Drago
8564	Dragoș
8565	Dragojević
8566	Dragomir
8567	Dragov
8568	Dragović
8569	Dragsnes
8570	Dragu
8571	Dragus
8572	Dragusha
8573	Dragusin
8574	Dragutin
8575	Drahoslav
8576	Drake
8577	Drame
8578	Drameh
8579	Drammeh
8580	Draper
8581	Drasković
8582	Draw Character 1
8583	Draw Character 2
8584	Draw Character 3
8585	Draxler
8586	Drchal
8587	Drešević
8588	Drechsler
8589	Dreier
8590	Dresevic
8591	Dreshaj
8592	Dressel
8593	Drew
8594	Drewes
8595	Drewniak
8596	Drexler
8597	Drey
8598	Dreyer
8599	Dries
8600	Driess
8601	Driessen
8602	Drilon
8603	Drinan
8604	Drinkwater
8605	Driscoll
8606	Driss
8607	Dritan
8608	Driton
8609	Driussi
8610	Driver
8611	Drljača
8612	Drogba
8613	Drommel
8614	Droppa
8615	Drouet
8616	Dru
8617	Druijf
8618	Drummond
8619	Drygas
8620	Drysdale
8621	Dräger
8622	Du
8623	Du J.
8624	Du Jae
8625	Du Jia
8626	Du Zh.X.
8627	Du Zhixuan
8628	DuJae
8629	Duah
8630	Duale
8631	Duan
8632	Duan L.Y.
8633	Duan Liuyu
8634	Duane
8635	Duarte
8636	Duarte Catarino
8637	Duarte Sánchez
8638	Duarte da Silva
8639	Dušan
8640	Dubango
8641	Dubar
8642	Dube
8643	Dubey
8644	Dubkov
8645	Dubois
8646	Dubreuil
8647	Ducan
8648	Duche
8649	Duchemin
8650	Duckens
8651	Ducksch
8652	Duclós
8653	Ducrocq
8654	Duda
8655	Dudea
8656	Dudek
8657	Dudi
8658	Dudouit
8659	Dudziński
8660	Dudziak
8661	Duelund
8662	Dueñas
8663	Duff
8664	Duffard
8665	Duffy
8666	Dufour
8667	Dufresne
8668	Duggan
8669	Dugimont
8670	Duglar
8671	Duhamel
8672	Duin
8673	Duirval Diniz
8674	Duirval Hélton
8675	Dujardin
8676	Duje
8677	Duje Čop
8678	Dujon
8679	Duke
8680	Duke-McKenna
8681	Dukuly
8682	Dul
8683	Dulani
8684	Dulari
8685	Dulca
8686	Dulunga
8687	Duma
8688	Duman
8689	Dumas
8690	Dumay
8691	Dumfries
8692	Dumić
8693	Dumisani
8694	Dumiter
8695	Dumitrache
8696	Dumitrascu
8697	Dumitrescu
8698	Dumitriu
8699	Dumitru
8700	Dummett
8701	Dummigan
8702	Dumont
8703	Dumoulin
8704	Dun
8705	Dunbar
8706	Duncan
8707	Dunga
8708	Dunk
8709	Dunkley
8710	Dunleavy
8711	Dunlop
8712	Dunn
8713	Dunne
8714	Dunphy
8715	Dunwoody
8716	Duong
8717	Dupisani
8718	Duplexe
8719	Dupond
8720	Dupont
8721	Dupre
8722	Dupree
8723	Dupuis
8724	Dupuy
8725	Dupé
8726	Duque
8727	Dur-Bozoancă
8728	Duran
8729	Durand
8730	Durant
8731	Durdymammet
8732	Durga
8733	Durgesh
8734	Durkin
8735	Durm
8736	Durmaz
8737	Durmisi
8738	Durmuş
8739	Durmus
8740	Duro Perales
8741	Durrant
8742	Durrer
8743	Durso
8744	Dursun
8745	Durval Dutría
8746	Durval Hélton
8747	Durval Murilo
8748	Durvish
8749	Durán
8750	Dusan
8751	Dushku
8752	Dussaut
8753	Dussenne
8754	Dustin
8755	Duszkiewicz
8756	Dutra Cirino
8757	Dutría Pereira
8758	Dutta
8759	Dutu
8760	Duval
8761	Duverne
8762	Duván
8763	Duwa
8764	Duyi
8765	Duzel
8766	Dvali
8767	Dvořák
8768	Dvořáková
8769	Dwight
8770	Dwyer
8771	Dyakov
8772	Dybala
8773	Dyer
8774	Dyhr
8775	Dykes
8776	Dylan
8777	Dylan Perera
8778	Dynel
8779	Dyngeland
8780	Dyrestam
8781	Dyson
8782	Dyupin
8783	Dzagoev
8784	Dzavad
8785	Dzhabarov
8786	Dzhikiya
8787	Dziczek
8788	Dziedzic
8789	Dziekoński
8790	Dziwniel
8791	Dzsenifer
8792	Dzvukamanja
8793	Dzyuba
8794	Dźwigała
8795	Džan
8796	Džeko
8797	Džemaili
8798	Dženan
8799	Dženis
8800	Dương
8801	Dájome
8802	Dániel
8803	Dárdai
8804	Dátolo
8805	Dávid
8806	Dávila
8807	Dávið
8808	Däbritz
8809	Dähne
8810	Dæhli
8811	Débora Mariana
8812	Déiber
8813	Dénes
8814	Dércio
8815	Désiré
8816	Dênildo Stein
8817	Dêniro Prestes
8818	Dêniro Rubens
8819	Dênis Rubens
8820	Dëfrim
8821	Díaz
8822	Díaz Espósito
8823	Díaz Fanjul
8824	Díaz Mejía
8825	Díaz Miguel
8826	Díaz Price
8827	Díaz Sorroche
8828	Díaz Sánchez
8829	Dídac
8830	Dídac Vilà
8831	Díez Salomón
8832	Dória
8833	Dória Macedo
8834	Dörfler
8835	Dønnum
8836	Dúbravka
8837	Düker
8838	Dülger
8839	Dündar
8840	Eșanu
8841	Eğribayat
8842	E. Aguiilera
8843	E. Aguirre
8844	E. Alvarado
8845	E. Andre
8846	E. Balanta
8847	E. Batalla
8848	E. Beltran
8849	E. Burgos
8850	E. Cascarino
8851	E. Corujo
8852	E. Curbelo
8853	E. Diaz
8854	E. González
8855	E. Gularte
8856	E. Gutierrez
8857	E. Gutiérrez
8858	E. Herrera
8859	E. Iñíguez
8860	E. Kouassi
8861	E. Le Fee
8862	E. Lopez
8863	E. Martínez
8864	E. Mas
8865	E. Mejía
8866	E. Militão
8867	E. Orona
8868	E. Orzusa
8869	E. Ponce
8870	E. Quaresma
8871	E. Ramirez
8872	E. Renteria
8873	E. Royal
8874	E. Steeve
8875	E. Taffertshofer
8876	E. Torres
8877	E. Velarde
8878	E. Velasco
8879	E. Vera
8880	E. Villar
8881	E. Williams
8882	E. Zaldívar
8883	E. Zaracho
8884	E.Aguirre
8885	E.Alshammari
8886	E.F. Kanouté
8887	E.Games
8888	E.Lira
8889	E.Manga
8890	E.Montejano
8891	E.Perez
8892	E.S. Keigo
8893	E.Wichne
8894	E.Zhegrova
8895	E.Çelenk
8896	Eamon
8897	Eamonn
8898	Earing
8899	Earl
8900	Earps
8901	Earthman
8902	East
8903	Eastham
8904	Eastman
8905	Eastmond
8906	Eastwood
8907	Eaton
8908	Eaves
8909	Ebanks
8910	Ebanks-Landell
8911	Ebbe
8912	Ebby
8913	Ebby Pérez
8914	Ebenezer
8915	Eberechi
8916	Eberle
8917	Eberwein
8918	Ebiye
8919	Ebner
8920	Eboa Eboa
8921	Ebobisse
8922	Ebosele
8923	Ebosse
8924	Ebou
8925	Eboue
8926	Ebrima
8927	Ebuehi
8928	Ebugejin
8929	Ebuka
8930	Eca
8931	Eccles
8932	Echarri Marín
8933	Echeverría
8934	Echu
8935	Eckard
8936	Eckert Ayensa
8937	Ecuélé Manga
8938	Ed
8939	Edardynho Neto
8940	Eddahchouri
8941	Eddie
8942	Eddy
8943	Edemir
8944	Eden
8945	Edenildo Eloi
8946	Edenildo Lagoas
8947	Edenilson
8948	Eder
8949	Eder González
8950	Edera
8951	Edercinho Sepa
8952	Ederson
8953	Ederson M.
8954	Edgar
8955	Edgar André
8956	Edgar Antonio
8957	Edgar Badia
8958	Edgar Bruno
8959	Edgar Costa
8960	Edgar Ié
8961	Edgar Miguel
8962	Edgar Méndez
8963	Edgaras
8964	Edgardo
8965	Edh
8966	Edi
8967	Edilson
8968	Edimilson
8969	Edin
8970	Edin Vişça
8971	Edinson
8972	Edison
8973	Ediz
8974	Edjouma
8975	Edmond
8976	Edmonds-Green
8977	Edmondson
8978	Edmund
8979	Edmundson
8980	Edna
8981	Edo
8982	Edoardo
8983	Edon
8984	Edonis
8985	Edoojon
8986	Edoojon Kawakami
8987	Edouard
8988	Edozie
8989	Edrada Pereira
8990	Edsha
8991	Edsinho Torres
8992	Edson
8993	Edson André
8994	Edson Gérson
8995	Edu Bedia
8996	Edu Espiau
8997	Edu Expósito
8998	Edu García
8999	Edu Martínez
9000	Eduard
9001	Eduardo
9002	Eduardo Da Silva
9003	Eduardo David
9004	Eduardo Estevão
9005	Eduardo Filipe
9006	Eduardo Flávio
9007	Eduardo Fonseira
9008	Eduardo Gabriel
9009	Eduardo Henrique
9010	Eduardo Kau
9011	Eduardo Quaresma
9012	Eduardo de Andrade
9013	Eduart
9014	Edun
9015	Eduok
9016	Edval Anton
9017	Edvaldo Flávio
9018	Edvard Sandvik
9019	Edvardsen
9020	Edvin
9021	Edward
9022	Edward Campbell
9023	Edwards
9024	Edwards Jr.
9025	Edwin
9026	Edwin Sydney
9027	Edwuin
9028	Edyairth
9029	Edzon
9030	Eenpalu
9031	Efe
9032	Efecan
9033	Effiong
9034	Efkan
9035	Efraim
9036	Efrain
9037	Efraín
9038	Efrem
9039	Efrén
9040	Efthymis
9041	Egan
9042	Egbe
9043	Ege
9044	Egell-Johnsen
9045	Egerer
9046	Eggenberger
9047	Egger
9048	Eggestein
9049	Egho
9050	Egil
9051	Egilsdóttir
9052	Eglītis
9053	Egli
9054	Egloff
9055	Egobabe
9056	Egor
9057	Eguaras
9058	Eguaras Álvarez
9059	Egzon
9060	Ehibhatiomhan
9061	Ehizibue
9062	Ehlers
9063	Ehmann
9064	Ehmed
9065	Ehmer
9066	Ehouman
9067	Ehsan
9068	Eicher
9069	Eichhorn
9070	Eide
9071	Eidesgaard
9072	Eiichi
9073	Eiji
9074	Eijiro
9075	Eike
9076	Eikeland
9077	Eikki
9078	Eikrem
9079	Eile
9080	Eilers
9081	Einar
9082	Eino
9083	Eiran
9084	Eirik
9085	Eirik Asante
9086	Eirik Holmen
9087	Eirik Ulland
9088	Eisa
9089	Eissa
9090	Eitan
9091	Eiting
9092	Eivind
9093	Eizagirre Lasa
9094	Eizo
9095	Ejaria
9096	Ejuke
9097	Ejupi
9098	Ek
9099	Eka
9100	Ekain
9101	Ekar
9102	Ekart
9103	Ekaterina
9104	Ekdal
9105	Ekene
9106	Ekincier
9107	Ekitike
9108	Ekkelenkamp
9109	Eklund
9110	Ekoku
9111	Ekong
9112	Ekpai
9113	Ekpiteta
9114	Ekpolo
9115	Ekra
9116	Ekrem
9117	Ekroth
9118	Ekström
9119	Ekuban
9120	Ekwah Elimby
9121	El Ahmadi
9122	El Arabi
9123	El Ayat
9124	El Aynaoui
9125	El Baset
9126	El Bassir
9127	El Berkaoui
9128	El Bilal
9129	El Bouchataoui
9130	El Dari
9131	El Deeb
9132	El Gabi
9133	El Ghali
9134	El Ghazi
9135	El Ghezouani
9136	El Hacen
9137	El Haddadi
9138	El Haddouti
9139	El Hajjam
9140	El Hankouri
9141	El Hilali
9142	El Hindi
9143	El Idrissy
9144	El Jebli
9145	El Kaddouri
9146	El Kaoutari
9147	El Karouani
9148	El Maach
9149	El Mahdioui
9150	El Mami
9151	El Masri
9152	El Melali
9153	El Messaoudi
9154	El Mizouni
9155	El Moukhantir
9156	El Mubarak
9157	El Shaarawy
9158	El Shamy
9159	El Yamiq
9160	El-Faouzi
9161	El-Hadji
9162	El-Yamiq
9163	ElMedkhar
9164	Elabdellaoui
9165	Elada
9166	Eladio
9167	Elady
9168	Elanga
9169	Elayis
9170	Elbasan
9171	Elber
9172	Elbouzedi
9173	Elchin
9174	Eldar
9175	Elder
9176	Eldin
9177	Eldjárn
9178	Eldor
9179	Elechi
9180	Eleftherios
9181	Eleke
9182	Elen
9183	Elena
9184	Eleni
9185	Elez
9186	Elgezabal
9187	Elgezabal Udondo
9188	Eli
9189	Elia
9190	Eliades
9191	Eliane
9192	Eliano
9193	Elias
9194	Elias Fontoira
9195	Elias G.
9196	Elias K.
9197	Elias Thiago
9198	Eliassen
9199	Eliasson
9200	Eliška
9201	Eliel
9202	Elies
9203	Elif
9204	Elija
9205	Elijah
9206	Elildo Petri
9207	Elimbi
9208	Elin
9209	Eline
9210	Elio
9211	Eliona
9212	Eliot
9213	Eliott
9214	Elis
9215	Elisa
9216	Elisabeth
9217	Elisaveta
9218	Elise
9219	Eliseu Mendja
9220	Elisha
9221	Eliza
9222	Elizabeth
9223	Elizalde
9224	Eljif
9225	Elkan
9226	Ella
9227	Ellborg
9228	Ellen
9229	Ellery
9230	Ellie
9231	Ellingsen
9232	Ellinton
9233	Elliot
9234	Elliot Jorge
9235	Elliot Simões
9236	Elliott
9237	Ellis
9238	Ellison
9239	Ellyas
9240	Ellyes
9241	Elmalı
9242	Elmas
9243	Elmi
9244	Elmin
9245	Elmkies
9246	Elmo
9247	Elneny
9248	Elnur
9249	Eloge
9250	Elogo
9251	Eloni
9252	Elouahabu
9253	Eloy
9254	Elphus
9255	Elsa
9256	Elsayed
9257	Elseid
9258	Elsey
9259	Elshan
9260	Elsig
9261	Elsinho
9262	Elson
9263	Eltildo Bessa
9264	Eltildo Correia
9265	Eltildo Lucas
9266	Elton
9267	Elton Coengo
9268	Elton Matheus
9269	Elton Monteiro
9270	Eltson Marques
9271	Elustondo
9272	Elva
9273	Elvedi
9274	Elvir
9275	Elvis
9276	Elwood
9277	Elworthy
9278	Ely
9279	Ely Ernesto
9280	Elye
9281	Elyounoussi
9282	Elżbieta
9283	Elías
9284	Elías Már
9285	Elías Rafn
9286	Ema
9287	Ema Insúa
9288	Emakhu
9289	Eman
9290	Emanuel
9291	Emanuele
9292	Emanuele Pio
9293	Emanuelly Barni
9294	Emanuelly Jade
9295	Emanuelson
9296	Embalo
9297	Embaló Djaló
9298	Embarba
9299	Embarba Blázquez
9300	Embleton
9301	Embolo
9302	Embrey
9303	Emegha
9304	Emeka
9305	Emeksiz
9306	Emelyne
9307	Emem
9308	Ementa
9309	Emeran
9310	Emeric
9311	Emerson
9312	Emerson R.
9313	Emerson Santos
9314	Emi Insúa
9315	Emidio Dener
9316	Emidio Hoffman
9317	Emil
9318	Emile
9319	Emilia
9320	Emilian
9321	Emiliano
9322	Emilie
9323	Emilio
9324	Emilio Alex
9325	Emilio Piodão
9326	Emilsen
9327	Emily
9328	Emin
9329	Emine
9330	Eminescu
9331	Emini
9332	Emir
9333	Emirhan
9334	Emma
9335	Emmanouilidis
9336	Emmanuel
9337	Emmanuel Léonce
9338	Emmanuel-Thomas
9339	Emmanuella
9340	Emmers
9341	Emmerson
9342	Emmings
9343	Emon
9344	Emond
9345	Emosi
9346	Empereur
9347	Emrah
9348	Emre
9349	Emre Can
9350	Emre Demir
9351	Emre Kılınç
9352	Emre Çolak
9353	Emrehan
9354	Emreli
9355	Emslie
9356	Emyr
9357	Emílio Dener
9358	Emílio Trevões
9359	En-Nesyri
9360	Enache
9361	Enaldo Charles
9362	Enaldo Diogo
9363	Enaldo Praz
9364	Enaldo Toxeto
9365	Enciso
9366	Enda
9367	Endang
9368	Enderson
9369	Endo
9370	Endoh
9371	Endre
9372	Endri
9373	Endrit
9374	Enea
9375	Enej
9376	Eneko
9377	Eneme
9378	Eneme Bocari
9379	Eneme-Ella
9380	Enes
9381	Enes Ünal
9382	Engel
9383	Engelhardt
9384	Engelking
9385	Engelman
9386	Engels
9387	Engen
9388	Enggård
9389	Engin
9390	Engjëll
9391	England
9392	Engson
9393	Engström
9394	Engvall
9395	Enis
9396	Enmerson
9397	Ennali
9398	Enner
9399	Ennio
9400	Ennis
9401	Enobakhare
9402	Enoch Kofi
9403	Enock
9404	Enoumba
9405	Enric
9406	Enric Gallego
9407	Enric Vallès
9408	Enrico
9409	Enrik
9410	Enriko
9411	Enrique
9412	Enríquez
9413	Enríquez Luna
9414	Enríquez Rodríguez
9415	Ensar
9416	Enver
9417	Enzio
9418	Enzio Julião
9419	Enzio Leandro
9420	Enzo
9421	Enzo Chissano
9422	Enzo Diogo
9423	Enzo Leandro
9424	Enzo Lombardo
9425	Enzo Marteiro
9426	Enzo Merques
9427	Enzo Wellington
9428	Eoghan
9429	Eoin
9430	Eom
9431	Eom Ji Sung
9432	Epa
9433	Eppiah
9434	Epureanu
9435	Eradi
9436	Eran
9437	Eranga
9438	Erasmus
9439	Eraso
9440	Eraso Goñi
9441	Erastus
9442	Eray
9443	Erber
9444	Erbes
9445	Ercan
9446	Erce
9447	Erceg
9448	Erdal
9449	Erdem
9450	Erdinç
9451	Erdmann
9452	Erdoğan
9453	Erdon
9454	Erelis
9455	Eren
9456	Eren Tozlu
9457	Ergi
9458	Ergilio
9459	Ergün
9460	Erhahon
9461	Erhan
9462	Erhardt
9463	Erhun
9464	Eric
9465	Eric Bugale
9466	Eric Curbelo
9467	Eric García
9468	Eric Maxim
9469	Erich
9470	Erick
9471	Erick Cabaco
9472	Erick Ronaldo
9473	Erick Sebastião
9474	Erickson
9475	Erico
9476	Erik
9477	Erik Expósito
9478	Erik Morán
9479	Erik Stavås
9480	Eriksen
9481	Eriksson
9482	Erimuya
9483	Erin
9484	Erion
9485	Eriq
9486	Eris
9487	Erjiaduo
9488	Erkan
9489	Erkin
9490	Erlend
9491	Erlend Dahl
9492	Erlić
9493	Erling
9494	Erlingmark
9495	Ermedin
9496	Ermin
9497	Ermir
9498	Erna
9499	Ernad
9500	Ernest
9501	Ernesto
9502	Ernst
9503	Erol Can
9504	Erquiaga
9505	Erras
9506	Ersin
9507	Ersoy
9508	Ersu
9509	Ertaç
9510	Ertaç Özbir
9511	Erten
9512	Ertuğrul
9513	Ertz
9514	Ervin
9515	Ervins
9516	Ervis
9517	Erwan
9518	Erwin
9519	Eryc
9520	Eryk
9521	Erzar
9522	Erzsébet
9523	Eržen
9524	Esa
9525	Esad
9526	Esaka
9527	Esanu
9528	Esat
9529	Escalante
9530	Escamilla
9531	Escandell
9532	Escardó Llamas
9533	Escassi
9534	Escassi Oliva
9535	Escate
9536	Eschenko
9537	Escobar
9538	Escobar Fernández
9539	Escoboza
9540	Escoto
9541	Escriche
9542	Escriche Romero
9543	Eseiza
9544	Esen
9545	Esey
9546	Eshe
9547	Esiti
9548	Eskandarian
9549	Eskelinen
9550	Eskendira
9551	Eskesen
9552	Eskihellaç
9553	Eskil
9554	Eskil Smidesang
9555	Esler Domingues
9556	Esli
9557	Esmoris Tasende
9558	Esnaider
9559	Esneyder
9560	Espaser
9561	Espejord
9562	Espen
9563	Espen Bjørnsen
9564	Espiau Hernández
9565	Espinho Sobri
9566	Espino
9567	Espinola
9568	Espinosa
9569	Espinosa Arroyo
9570	Espinoza
9571	Esposito
9572	Espínola
9573	Esquerdo
9574	Esquerdo Santas
9575	Esquivel
9576	Essa
9577	Essaid
9578	Essam
9579	Essau
9580	Essende
9581	Esser
9582	Essien
9583	Essier Simão
9584	Essobe
9585	Esson
9586	Esswein
9587	Estacio
9588	Esteban
9589	Esteban Navaridas
9590	Esteiro Branco
9591	Esteiro Cortejo
9592	Estelle
9593	Estevam Aguiar
9594	Esteve
9595	Esteves
9596	Estevão
9597	Estevão Baldeiro
9598	Estevão Candeira
9599	Estevão Daniel
9600	Estevão Danilo
9601	Estevãtinho
9602	Esther
9603	Esther González
9604	Estigarribia
9605	Estol
9606	Estrada
9607	Estupiñán
9608	Estève
9609	Estévez
9610	Etebo
9611	Eteki
9612	Etete
9613	Ethan
9614	Etheridge
9615	Ethyan
9616	Etienne
9617	Etienne JR
9618	Etienne Jr.
9619	Etini
9620	Etrit
9621	Ettien
9622	Etuna
9623	Etxaburu
9624	Etxaburu Diz
9625	Etxeita
9626	Etxeita Gorritxat.
9627	Etzaz
9628	Eu Ddeum
9629	EuDdeum
9630	Euan
9631	Euclides
9632	Euclides Cabral
9633	Eugene
9634	Eugeni
9635	Eugenio
9636	Eugénie
9637	Eugénio
9638	Eulogio
9639	Eulânio Ângelo
9640	Eun-seo
9641	Eunate
9642	Eurlings
9643	Eusebio
9644	Eustace
9645	Eustáquio
9646	Eustáquio Silva
9647	Eusébio Paulo
9648	Eva
9649	Evaldo
9650	Evan
9651	Evan's
9652	Evander
9653	Evandro Rochedo
9654	Evandro Sérgio
9655	Evangelista
9656	Evangelos
9657	Evangelou
9658	Evanilson
9659	Evann
9660	Evans
9661	Evans-Harriott
9662	Evaristo
9663	Eve
9664	Evelyn
9665	Even
9666	Evens
9667	Evensen
9668	Ever Banega
9669	Everaldo
9670	Everink
9671	Evers
9672	Everticinho
9673	Everton
9674	Everton Andrão
9675	Everton Jorge
9676	Evgeni
9677	Evgeniy
9678	Evgeny
9679	Evgenyev
9680	Evie
9681	Evina
9682	Evjen
9683	Evrard
9684	Evseev
9685	Ewa
9686	Ewan
9687	Ewelina
9688	Ewerton
9689	Ewing
9690	Ewoud
9691	Exequiel
9692	Expósito
9693	Expósito Hernández
9694	Expósito Jaén
9695	Eyadama
9696	Eyadema
9697	Eyango
9698	Eyibil
9699	Eyjólfsson
9700	Eynon
9701	Eyoma
9702	Eyombi
9703	Eysseric
9704	Eyvind
9705	Ezatolahi
9706	Eze
9707	Ezeh
9708	Ezekiel
9709	Ezekwem
9710	Ezekwesili
9711	Ezequiel
9712	Ezeugo
9713	Ezgjan
9714	Ezkieta
9715	Ezkieta Mendiburu
9716	Ezkurdia
9717	Ezkurdia Ugalde
9718	Ezmat
9719	Ezmat M
9720	Ezra
9721	Ezri
9722	Ezulike
9723	Eñaut
9724	Eñaut Mendía
9725	F-Caskey
9726	F. Al Reshidi
9727	F. Alghamdi
9728	F. Alonso
9729	F. Alshammari
9730	F. Ambríz
9731	F. Arce
9732	F. Ayite
9733	F. Beltrán
9734	F. Boli
9735	F. Caicedo
9736	F. Cambeses
9737	F. Cann
9738	F. Carabalí
9739	F. Cardoso
9740	F. Carrizo
9741	F. Casanova
9742	F. Castillo
9743	F. Conceição
9744	F. Diabaté
9745	F. Diaz
9746	F. Djuricic
9747	F. Domínguez
9748	F. Duarte
9749	F. Evanilson
9750	F. Formiliano
9751	F. Fydriszewski
9752	F. Geraldes
9753	F. Ghazi
9754	F. Gorriarán
9755	F. Ilie
9756	F. Jara
9757	F. Kiss
9758	F. Konate
9759	F. La Mantía
9760	F. Leys
9761	F. León
9762	F. Martinez
9763	F. Martínez
9764	F. Medina
9765	F. Mendonça Pinto
9766	F. Moufi
9767	F. Nascimento
9768	F. Navarro
9769	F. Niño
9770	F. Nmecha
9771	F. Pacheco
9772	F. Parada
9773	F. Pardo
9774	F. Peraza
9775	F. Pérez
9776	F. Ricca
9777	F. Robson
9778	F. Rodriguez
9779	F. Russo
9780	F. Sacko
9781	F. Sambueza
9782	F. Santos
9783	F. Seoane
9784	F. Torres
9785	F. Toure
9786	F. Venancio
9787	F. Vieites
9788	F. Viñas
9789	F. Waller
9790	F. Zambrano
9791	F. da Conceição
9792	F. da Cunha Correia
9793	F. de Jong
9794	F. Álvarez
9795	F.A.Jahouh
9796	F.Anderson
9797	F.Belluschi
9798	F.Bustos
9799	F.Cervi
9800	F.Cáseres
9801	F.Darwesh
9802	F.Fajr
9803	F.Kadıoğlu
9804	F.Mendy
9805	F.Perez
9806	F.Torres
9807	Faasoo
9808	Fabbri
9809	Faber
9810	Fabiański
9811	Fabian
9812	Fabiano
9813	Fabiano Elton
9814	Fabiano Josué
9815	Fabiano Sonta
9816	Fabiano Souza
9817	Fabianski
9818	Fabien
9819	Fabienne
9820	Fabijan
9821	Fabinho
9822	Fabio
9823	Fabio Blanco
9824	Fabio González
9825	Fabián
9826	Fabião
9827	Fabra
9828	Fabre
9829	Fabri Arnoia
9830	Fabrice
9831	Fabrice-Jean
9832	Fabricio
9833	Fabrio Farinha
9834	Fabrio Sandro
9835	Fabrizio
9836	Fabrício
9837	Fabrício Baiano
9838	Fabrício J.
9839	Fabrício Sandro
9840	Facchinetti
9841	Facchini Taffarel
9842	Fachendinho
9843	Fachini Lobato
9844	Facundo
9845	Fadera
9846	Fadiga
9847	Faes
9848	Fafà Picault
9849	Fagan
9850	Fagan-Walcott
9851	Fage
9852	Faghir
9853	Fagioli
9854	Fagundeiro Cardenas
9855	Fagundes Fachini
9856	Fagundez
9857	Fahad
9858	Fahd
9859	Faheem
9860	Fahrner
9861	Fai
9862	Faik
9863	Faisal
9864	Faist
9865	Faith
9866	Faitout
9867	Faivre
9868	Fajar
9869	Fajarda Macedo
9870	Fajr
9871	Fakir
9872	Fakrajian
9873	Fakudze
9874	Falah
9875	Falaye
9876	Falcao
9877	Falchener
9878	Falcinelli
9879	Falcone
9880	Falconer
9881	Falcão
9882	Falcão Cini
9883	Falcón
9884	Faletoese
9885	Faletolu
9886	Faletose
9887	Falette
9888	Fali
9889	Fali Candé
9890	Falk
9891	Falke
9892	Falkingham
9893	Fall
9894	Fallatah
9895	Fallenius
9896	Fallon
9897	Fallowfield
9898	Falqué Silva
9899	Falta
9900	Faltsetas
9901	Falzon
9902	Famana
9903	Famana Quizera
9904	Famara
9905	Famewo
9906	Familia-Castillo
9907	Fan
9908	Fan W.X.
9909	Fan Weixiang
9910	Fan X.Y.
9911	Fan Xuyang
9912	Fan Y.L.
9913	Fan Yunlong
9914	Fanalua
9915	Fandrich
9916	Fang
9917	Fang H.
9918	Fang Hao
9919	Fang J.Q.
9920	Fang Jingqi
9921	Fang X.F.
9922	Fang Xinfeng
9923	Fankaty
9924	Fankhauser
9925	Fanning
9926	Fanny
9927	Fanol
9928	Fantacci
9929	Fantom Brown
9930	Fantom-Brown
9931	Fanuel
9932	Faouzi
9933	Faqihi
9934	Far
9935	Fara
9936	Farabegoli
9937	Faragò
9938	Faragó
9939	Farah
9940	Faraj
9941	Faraji
9942	Farajov
9943	Faramihanta
9944	Faraoni
9945	Faravelli
9946	Fardin Ali
9947	Fareani
9948	Fares
9949	Farfan
9950	Farhan
9951	Faria
9952	Farid
9953	Farina
9954	Farinez
9955	Farinha Donatelo
9956	Farinhas Taffner
9957	Farioli
9958	Faris
9959	Fariña
9960	Farkas
9961	Farman
9962	Farmer
9963	Farminhão Dias
9964	Farnias Almeida
9965	Farnsworth
9966	Farooq
9967	Farouk
9968	Farquharson
9969	Farrarons
9970	Farrell
9971	Farrend
9972	Farreras
9973	Farro
9974	Farrona Pulido
9975	Farrugia
9976	Farshad
9977	Faruk
9978	Faruk Can
9979	Farukh
9980	Farzad
9981	Farzana
9982	Farès
9983	Farías
9984	Farías da Silva
9985	Faríñez
9986	Fashion
9987	Fashion Jr
9988	Fassnacht
9989	Fatar
9990	Fatasini
9991	Fatbardh
9992	Fateh
9993	Fathi
9994	Fathima
9995	Fati
9996	Fatih
9997	Fatih Aksoy
9998	Fatima
9999	Fation
10000	Fatjon
10001	Fatlind
10002	Fatlum
10003	Fatma
10004	Fatmir
10005	Faton
10006	Fatos
10007	Fatou
10008	Fatoumata
10009	Fattah
10010	Fatteh
10011	Fatu
10012	Faty
10013	Faulkner
10014	Faumuina
10015	Faure
10016	Fauria
10017	Faussurier
10018	Faustino
10019	Fausto
10020	Favakalo
10021	Favier
10022	Favilli
10023	Favio
10024	Favre
10025	Fawaz
10026	Fawaz.K
10027	Fawzi
10028	Fay
10029	Faye
10030	Faysal
10031	Fayulu
10032	Fayçal
10033	Fazio
10034	Fazliji
10035	Faßbender
10036	Faïz
10037	Fco. Javier
10038	Fdez-Cavada Mateos
10039	Featherstone
10040	Febas
10041	Febas Pérez
10042	Febe
10043	Febles
10044	Fechner
10045	Feddal
10046	Fede
10047	Fede S.
10048	Fedele
10049	Federici
10050	Federico
10051	Fedir
10052	Fedl
10053	Fedor
10054	Fedorchenko
10055	Feely
10056	Feeney
10057	Feghouli
10058	Fehmi
10059	Fehr
10060	Fehér
10061	Fei
10062	Fei N.D.
10063	Fei Nanduo
10064	Feifan
10065	Feijo
10066	Fein
10067	Feiya
10068	Fejiri
10069	Fejsa
10070	Fejsal
10071	Fejzić
10072	Fejzullahu
10073	Fekete
10074	Fekir
10075	Felici
10076	Feliciano
10077	Felicijan
10078	Felicio
10079	Felicio Mendes
10080	Felicioli
10081	Felicitas
10082	Felipe
10083	Felipe Anderson
10084	Felipe Araruna
10085	Felipe Augusto
10086	Felipe Melvin
10087	Felipe Pires
10088	Felipe Vizeu
10089	Felipe dos Reis
10090	Felippe
10091	Felippe Cardoso
10092	Felisbino Oliveira
10093	Felix
10094	Felix Horn
10095	Felix Vrede
10096	Fellaini
10097	Felleng
10098	Feltes
10099	Feltscher
10100	Female
10101	Female 1
10102	Female 2
10103	Female 3
10104	Female 4
10105	Femenía Far
10106	Femenías del Salto
10107	Femi
10108	Femke
10109	Feng
10110	Feng B.X.
10111	Feng Boxuan
10112	Feng G.
10113	Feng Gang
10114	Feng J.
10115	Feng Jin
10116	Feng X.T.
10117	Feng Xiaoting
10118	Fenger
10119	Fengyue
10120	Fenlon
10121	Fenton
10122	Fepe Limão
10123	Fepiku
10124	Fer
10125	Fer Niño
10126	Feras
10127	Ferati
10128	Ferdeira Farias
10129	Ferdi
10130	Ferdinand
10131	Ferdinando
10132	Ferdy
10133	Ferenc
10134	Ferguson
10135	Ferhad
10136	Ferhat
10137	Ferhat Kaplan
10138	Ferhatović
10139	Feri
10140	Ferigra
10141	Ferjani
10142	Ferk
10143	Ferkolj
10144	Ferkranus
10145	Ferland
10146	Ferlež
10147	Ferlinz
10148	Fermín
10149	Fernand
10150	Fernanda
10151	Fernandes
10152	Fernandes Ferreira
10153	Fernandes Filho
10154	Fernandes Marques
10155	Fernandes Olivera
10156	Fernandes Sualehe
10157	Fernandes da Silva
10158	Fernandez
10159	Fernandinho
10160	Fernandinho Silva
10161	Fernando
10162	Fernando A.
10163	Fernando Andrade
10164	Fernando Boldrin
10165	Fernando C.
10166	Fernando Castro
10167	Fernando Elton
10168	Fernando Fonseca
10169	Fernando G.
10170	Fernando H.
10171	Fernando Javier
10172	Fernando Karanga
10173	Fernando Lopes
10174	Fernando Luiz
10175	Fernando Manuel
10176	Fernando de Jesus
10177	Fernández
10178	Fernández Blanco
10179	Fernández Cortázar
10180	Fernández Estrada
10181	Fernández Fernández
10182	Fernández Hierro
10183	Fernández Iglesias
10184	Fernández Jaén
10185	Fernández Llorente
10186	Fernández Luna
10187	Fernández Mercau
10188	Fernández Moreno
10189	Fernández Salas
10190	Fernández Sáez
10191	Fernão
10192	Ferral
10193	Ferran
10194	Ferran Torres
10195	Ferrand
10196	Ferrara
10197	Ferrareis
10198	Ferraresi
10199	Ferrari
10200	Ferrari A.
10201	Ferrarini
10202	Ferrario
10203	Ferraro
10204	Ferraz
10205	Ferre
10206	Ferreira
10207	Ferreira Bonfim
10208	Ferreira Fonseca
10209	Ferreira Gomes
10210	Ferreira Júnior
10211	Ferreira Magalhães
10212	Ferreira Oliveira
10213	Ferreira Pacheco
10214	Ferreira Pereira
10215	Ferreira Pinto
10216	Ferreira Santos
10217	Ferreira Silva
10218	Ferreira Sá Pereira
10219	Ferreira Vieira
10220	Ferreira da Silva
10221	Ferreira de Souza
10222	Ferreira do Amaral
10223	Ferreira dos Santos
10224	Ferreiro
10225	Ferreiro Quiroga
10226	Ferrer
10227	Ferrer Canals
10228	Ferreras
10229	Ferrero
10230	Ferretti
10231	Ferreyra
10232	Ferri
10233	Ferrier
10234	Ferro
10235	Ferry
10236	Ferrández Pomares
10237	Ferrão Venâncio
10238	Fertoli
10239	Fessehaye
10240	Festa
10241	Festile
10242	Festus
10243	Festy
10244	Fet
10245	Fetia
10246	Feuillassier
10247	Feyzi
10248	Fiabema
10249	Fiacre
10250	Fiala
10251	Fiamozzi
10252	Fišer
10253	Fickentscher
10254	Fidalgo
10255	Fidalgo Fernández
10256	Fidan
10257	Fidel
10258	Fidel J.C.
10259	Fidelis
10260	Fideo
10261	Fiedosewicz
10262	Field
10263	Fien
10264	Fieraru
10265	Fierro
10266	Fiete
10267	Fifa22female
10268	Fifa22male
10269	Fife
10270	Figal
10271	Figaroa
10272	Figliuzzi
10273	Figo
10274	Figueira
10275	Figueira Fernandes
10276	Figueira Pinto
10277	Figueiras
10278	Figueiras Guerra
10279	Figueiredo
10280	Figueiredo Ramos
10281	Figueiredo da Silva
10282	Figueroa
10283	Fikayo
10284	Fikile
10285	Fikizolo
10286	Fikru
10287	Fila
10288	Fildeiras Cachoeira
10289	Filheiro Stein
10290	Filho Jorge
10291	Fili
10292	Filip
10293	Filip Møller
10294	Filipe
10295	Filipe Bem
10296	Filipe Cardoso
10297	Filipe Couto
10298	Filipe F.
10299	Filipe Ferreira
10300	Filipe Miguel
10301	Filipe Nascimento
10302	Filipe Relvas
10303	Filipe S.
10304	Filipe Soares
10305	Filipe Vicente
10306	Filipović
10307	Filipovic
10308	Filippa
10309	Filippo
10310	Filippov
10311	Filips
10312	Filston
10313	Fin
10314	Finaritra
10315	Finch
10316	Findlay
10317	Fingal
10318	Fingcle
10319	Fink
10320	Finlay
10321	Finlayson
10322	Finley
10323	Finn
10324	Finn Benoa
10325	Finn Ole
10326	Finnbogason
10327	Finndell
10328	Finne
10329	Finnegan
10330	Finnerty
10331	Finney
10332	Finnigan
10333	Finnsson
10334	Finochietto
10335	Finotto
10336	Fiola
10337	Fiona
10338	Fiordilino
10339	Fiore
10340	Fiorillo
10341	Fiorini
10342	Firas
10343	Firat
10344	Firenze
10345	Firmino
10346	Firpo Adamés
10347	Firth
10348	Fisayo
10349	Fischer
10350	Fishburn
10351	Fisher
10352	Fiskerstrand
10353	Fisnik
10354	Fitim
10355	Fitz
10356	Fitzgerald
10357	Fitzmartin
10358	Fitzpatrick
10359	Fitzsimmons
10360	Fitzwater
10361	Fixelles
10362	Fjeldberg
10363	Fjeldskår
10364	Fjeldsted
10365	Fjóluson
10366	Flašker
10367	Flach
10368	Fladung
10369	Flaherty
10370	Flament
10371	Flamur
10372	Flan
10373	Flanagan
10374	Flanegin
10375	Flavien
10376	Flavio
10377	Flavio C.
10378	Flavio Emmanuel
10379	Flavio Paixão
10380	Flaviu
10381	Flavius
10382	Fleck
10383	Flecker
10384	Fleckstein
10385	Fleitas
10386	Flekken
10387	Fleming
10388	Flemming
10389	Flere
10390	Fletcher
10391	Fleur
10392	Fleury
10393	Flick
10394	Flinders
10395	Flint
10396	Flip
10397	Flips
10398	Flis
10399	Floca
10400	Flood
10401	Flora Pimenta
10402	Floranus
10403	Florea
10404	Florencio
10405	Florent
10406	Florentin
10407	Florentina
10408	Florentino
10409	Florentín
10410	Florenzi
10411	Flores
10412	Florescu
10413	Flori
10414	Florian
10415	Floriano
10416	Florică
10417	Florim
10418	Florin
10419	Florinel
10420	Floris
10421	Florián
10422	Flowers
10423	Floyd
10424	Fluckiger
10425	Flueraş
10426	Flum
10427	Flye
10428	Flynn
10429	Flávio
10430	Flávio R.
10431	Flávio Raphael
10432	Flávio Rebeilo
10433	Flø
10434	Flückiger
10435	Fobi
10436	Fochive
10437	Foday
10438	Foden
10439	Foderingham
10440	Fodio
10441	Fodor
10442	Fodé
10443	Fofana
10444	Foguinho
10445	Foket
10446	Folami
10447	Folarin
10448	Folashade
10449	Foley
10450	Folkertsma
10451	Fomai
10452	Fomba
10453	Fomin
10454	Fonseca
10455	Fonseca Ferreira
10456	Fonseca Macedo
10457	Fonseca Silva
10458	Fonseira Meire
10459	Fontaine
10460	Fontana
10461	Fontanesi
10462	Fonte
10463	Fontoira Marques
10464	Fontoura F. Morais
10465	Fontàs
10466	Fontàs Prat
10467	Fontán Mondragón
10468	Foord
10469	Forastiero
10470	Forbes
10471	Ford
10472	Forde
10473	Forestier
10474	Forestieri
10475	Formica
10476	Formido Paiva
10477	Formiliano
10478	Formosandrinho
10479	Formose
10480	Formoso Serpa
10481	Fornah
10482	Fornalczyk
10483	Fornals Malla
10484	Fornaroli
10485	Forniés
10486	Forniés Aquilino
10487	Forrest
10488	Forrester
10489	Forsberg
10490	Forshaw
10491	Forss
10492	Forst
10493	Forster
10494	Forster-Caskey
10495	Forsyth
10496	Forte
10497	Fortelný
10498	Fortes
10499	Fortin
10500	Fortounis
10501	Fortuna Santos
10502	Fortune
10503	Fortuño
10504	Fortuño Viñas
10505	Fory
10506	Foss
10507	Fossati
10508	Fossey
10509	Fossum
10510	Foster
10511	Fosu
10512	Fosu-Mensah
10513	Fotis
10514	Fouad
10515	Foucher
10516	Fouda
10517	Foulds
10518	Foulon
10519	Foulquier
10520	Fountas
10521	Fouquet
10522	Fournier
10523	Fousseni
10524	Fouzair
10525	Fowler
10526	Fox
10527	Foyth
10528	Frabotta
10529	Fraga Camba
10530	Fragapane
10531	Fraile Martín
10532	Fraisl
10533	Fraizer
10534	Framberger
10535	Fran
10536	Fran Beltran
10537	Fran Beltrán
10538	Fran Callejón
10539	Fran Delgado
10540	Fran García
10541	Fran González
10542	Fran Grima
10543	Fran Gámez
10544	Fran Mérida
10545	Fran Navarro
10546	Fran Sol
10547	Fran Vieites
10548	Fran Villalba
10549	Fran Vélez
10550	Francesc
10551	Francesca
10552	Francesco
10553	Franch
10554	Franchescoli Souza
10555	Franchi
10556	Francho
10557	Francho Serrano
10558	Francillette
10559	Francine
10560	Francis
10561	Francis-Angol
10562	Francisca
10563	Francisca Cardoso
10564	Francisca Ramos
10565	Francisco
10566	Francisco Conceição
10567	Francisco Geraldes
10568	Francisco Jesús
10569	Francisco Jorge
10570	Francisco Jose
10571	Francisco José
10572	Francisco Júnior
10573	Francisco L.
10574	Francisco Moura
10575	Francisco Román
10576	Francisco Teixeira
10577	Francisco Torres
10578	Franck
10579	Franck Elimane
10580	Franck Yannick
10581	Francke
10582	Franco
10583	Franco Agustín
10584	Franco Nicolás
10585	Franco Tavares
10586	Francois
10587	Francois-Joseph
10588	Francomb
10589	Francés
10590	Francés Torrijo
10591	Frandeira Álvares
10592	Frandsen
10593	Frangoy
10594	Franjic
10595	Franjo
10596	Frank
10597	Frank Fabra
10598	Franke
10599	Franken
10600	Frankie
10601	Franklin
10602	Franko
10603	Frankowski
10604	Franquesa
10605	Franquesa Dolz
10606	Frans
10607	Frans Dhia
10608	Fransson
10609	Fransérgio
10610	František
10611	Frantz
10612	Frantzdy
10613	Franz
10614	Franziska
10615	Franzke
10616	François
10617	Frascarelli
10618	Fraser
10619	Frasheri
10620	Fratta
10621	Frattesi
10622	Fray
10623	Frazer
10624	Frazier
10625	Fred
10626	Fred Aníbão
10627	Fred Claudinei
10628	Fred Marcos
10629	Freddie
10630	Fredditinho
10631	Freddy
10632	Freddy Cardouso
10633	Freder Cabral
10634	Frederic
10635	Frederick
10636	Fredericks
10637	Frederico
10638	Frederico André
10639	Frederico Peter
10640	Frederico Tomás
10641	Frederico Venâncio
10642	Frederik
10643	Frederik Ørsøe
10644	Frederiksen
10645	Fredinho Mutto
10646	Fredrik
10647	Fredrik Andre
10648	Fredrik Oldrup
10649	Fredrik P.
10650	Fredriksen
10651	Fredriksson
10652	Fredy
10653	Freek
10654	Freeman
10655	Freen
10656	Freese
10657	Freestone
10658	Frei
10659	Freigang
10660	Freijão Jasper
10661	Freire
10662	Freissegger
10663	Freitas
10664	Freitas Conceição
10665	Freitosa Costa
10666	Freitosa Ruiz
10667	Frej
10668	Freke
10669	French
10670	Frendrup
10671	Frenk
10672	Frenkie
10673	Frenser
10674	Frese
10675	Fretes
10676	Freuler
10677	Frey
10678	Friberg
10679	Frick
10680	Frida L.
10681	Friday
10682	Fridjönsson
10683	Fridolin
10684	Fridolina
10685	Friedl
10686	Friedrich
10687	Friend
10688	Frieser
10689	Friis
10690	Frimpong
10691	Fritz
10692	Fritzson
10693	Friðjónsson
10694	Frohms
10695	Frommann
10696	Frommelt
10697	Fromsa
10698	Fromsa Mateo
10699	Frosler
10700	Frost
10701	Fry
10702	Fryderyk
10703	Frydrych
10704	Frédéric
10705	Frías
10706	Frímann
10707	Fríðrikur
10708	Fröde
10709	Fröling
10710	Frøkjær
10711	Frøkjær-Jensen
10712	Früchtl
10713	Frýdek
10714	Fu
10715	Fu H.
10716	Fu Huan
10717	Fuchi
10718	Fuchs
10719	Fuenmayor
10720	Fuentes
10721	Fuenzalida
10722	Fuglsang
10723	Fujiharu
10724	Fujii
10725	Fujimoto
10726	Fujino
10727	Fujita
10728	Fujiwara
10729	Fukai
10730	Fuke
10731	Fukuda
10732	Fukui
10733	Fukumori
10734	Fukuoka
10735	Fukushima
10736	Ful
10737	Fulangxisi
10738	Fulgencio
10739	Fulgini
10740	Fulhu
10741	Fuller
10742	Fulton
10743	Fumbani
10744	Fumiya
10745	Fumo
10746	Funabashi
10747	Funes Mori
10748	Fungmongkol
10749	Funk
10750	Funso
10751	Funtek
10752	Furch
10753	Furdal
10754	Furkan
10755	Furkan Soyalp
10756	Furlan
10757	Furlong
10758	Furman
10759	Furrer
10760	Furu
10761	Furuhashi
10762	Furukawa
10763	Fuseini
10764	Fuyu
10765	Fydriszewski
10766	Fynn
10767	Fàbrega
10768	Fàbrega Mañas
10769	Fàbregas
10770	Fàbregas i Soler
10771	Fábio
10772	Fábio Abreu
10773	Fábio Cardoso
10774	Fábio China
10775	Fábio Daniel
10776	Fábio Diogo
10777	Fábio José
10778	Fábio Kel
10779	Fábio M.
10780	Fábio Martins
10781	Fábio Melitinho
10782	Fábio Miguel
10783	Fábio Pacheco
10784	Fábio Rafael
10785	Fábio Roberto
10786	Fábio Samuel
10787	Fábio Silva
10788	Fábio Sturgeon
10789	Fábio Vieira
10790	Fáiner
10791	Fátima
10792	Fátima P.
10793	Fátima Pinto
10794	Fährmann
10795	Féli
10796	Félix
10797	Félix Alonso
10798	Félix Mathaus
10799	Félix Sequeira
10800	Föhrenbach
10801	Fölster
10802	Förster
10803	Führich
10804	Füllkrug
10805	Fülöp
10806	Găman
10807	Gąska
10808	G .Toure
10809	G. Alcala
10810	G. Arteaga
10811	G. Asis
10812	G. Assunção
10813	G. Augusto
10814	G. Avila
10815	G. Barreto
10816	G. Brazao
10817	G. Burón
10818	G. Cabral
10819	G. Cooper
10820	G. Corral
10821	G. De Zárate
10822	G. Debeljuh
10823	G. Doherty
10824	G. Espinoza
10825	G. Fernández
10826	G. Ferrareis
10827	G. Fratta
10828	G. Giménez
10829	G. González
10830	G. Imbula
10831	G. Inácio
10832	G. Jesus
10833	G. Kelly
10834	G. Martínez
10835	G. Marín
10836	G. Mastriani
10837	G. Molina
10838	G. Nnachi
10839	G. O'Reilly
10840	G. Ochoa
10841	G. Ortíz
10842	G. Parede
10843	G. Paulista
10844	G. Perea
10845	G. Pereiro
10846	G. Pierre
10847	G. Plata
10848	G. Ramos
10849	G. Rodriguez
10850	G. Rojas
10851	G. Rosas
10852	G. Santos Galvão
10853	G. Sauer
10854	G. Schettine
10855	G. Sepúlveda
10856	G. Serdán
10857	G. Sánchez
10858	G. Torres
10859	G. Valle
10860	G. Vallecilla
10861	G.Akkan
10862	G.Balaji
10863	G.Cuellar
10864	G.Gardner
10865	G.Hein
10866	G.Kalulu
10867	G.Konan
10868	G.Rodriguez
10869	G.Schiavone
10870	G.Simon
10871	G.Slonina
10872	G.Valera
10873	G.Velázquez
10874	G.Villar
10875	G.Yalçın
10876	Głowacka
10877	Gōtoku
10878	Gaćinović
10879	Gașpar
10880	Gaari
10881	Gabadhino
10882	Gaballah
10883	Gabarrón Gil
10884	Gabbarini
10885	Gabbia
10886	Gabbiadini
10887	Gaberšček
10888	Gabi
10889	Gabin
10890	Gabiseme
10891	Gabri
10892	Gabrić
10893	Gabri Prestão
10894	Gabri Veiga
10895	Gabriel
10896	Gabriel Augusto
10897	Gabriel Barbosa
10898	Gabriel Brazão
10899	Gabriel Jairo
10900	Gabriel Jesus
10901	Gabriel Martinelli
10902	Gabriel Militão
10903	Gabriel Moisés
10904	Gabriel Paulista
10905	Gabriel S.
10906	Gabriel Silva
10907	Gabriel Teodoro
10908	Gabriel Xavier
10909	Gabriele
10910	Gabriella
10911	Gabrielle
10912	Gabrielli
10913	Gabriels
10914	Gabrielsen
10915	Gabrisco Aníbal
10916	Gaddi
10917	Gadi
10918	Gadil
10919	Gadjibekov
10920	Gael
10921	Gael S.
10922	Gaetano
10923	Gaffney
10924	Gagik
10925	Gagliardini
10926	Gagliolo
10927	Gagnon
10928	Gahlot
10929	Gaibor
10930	Gaich
10931	Gaillard
10932	Gaines
10933	Gaitanidis
10934	Gaius
10935	Gaizka
10936	Gajanan
10937	Gajić
10938	Gajic
10939	Gajos
10940	Gakpa
10941	Gakpo
10942	Gaku
10943	Gal
10944	Galain
10945	Galanis
10946	Galanopoulos
10947	Galara
10948	Galbraith
10949	Gale
10950	Galea
10951	Galeano
10952	Galego
10953	Galeno
10954	Galerkin
10955	Galimuna
10956	Galindo
10957	Galjé
10958	Gall
10959	Gallacher
10960	Gallagher
10961	Gallar Falguero
10962	Gallardo
10963	Gallardo Núñez
10964	Galle
10965	Gallego Puigsech
10966	Gallese
10967	Gallet
10968	Galli
10969	Gallimore
10970	Gallo
10971	Gallon
10972	Galloway
10973	Galonopoulas
10974	Galoppo
10975	Galudio
10976	Galvan
10977	Galvez-Diarra
10978	Galvin
10979	Galván
10980	Galán Gil
10981	Galán Ubero
10982	Gama
10983	Gama de Oliveira
10984	Gamal
10985	Gamba
10986	Gamboa
10987	Gambor
10988	Gameira Carvalho
10989	Gameiro
10990	Gamelas Sousa
10991	Gamero
10992	Games
10993	Gamit
10994	Gammelby
10995	Gamonal
10996	Gamíz
10997	Gan
10998	Gana
10999	Ganago
11000	Ganboldyn
11001	Ganchinho Guedes
11002	Ganda
11003	Gandhi
11004	Ganea
11005	Ganesan
11006	Ganesh
11007	Gang
11008	Ganga
11009	Gangamma
11010	Gangaram
11011	Gangstad
11012	Ganis
11013	Gannon
11014	Gano
11015	Gantner
11016	Gantumur
11017	Ganvoula
11018	Gané
11019	Gao
11020	Gao H.SH.
11021	Gao H.Z.
11022	Gao Haisheng
11023	Gao Huaze
11024	Gao J.
11025	Gao J.R.
11026	Gao Jian
11027	Gao Jiarun
11028	Gao L.
11029	Gao L.T.
11030	Gao Late
11031	Gao Lin
11032	Gao T.Y.
11033	Gao Tianyi
11034	Gao X.
11035	Gao Xiang
11036	Gao ZH.Y.
11037	Gao Zhunyi
11038	Gaona
11039	Gaona Lugo
11040	Gaoussou
11041	Gape
11042	Gaponov
11043	Garabedian
11044	Garahanov
11045	Garai
11046	Garanča
11047	Garane
11048	Garath
11049	Garay
11050	Garay da Silva
11051	Garayalde
11052	Garaýewa
11053	Garbunow
11054	Garbutt
11055	Garces
11056	Garcete
11057	Garcia
11058	Garcia Caldeira
11059	Garcia Guedes
11060	Garcia MacNulty
11061	Garcés
11062	Garcés Moreno
11063	García
11064	García Alonso
11065	García Aranda
11066	García Cabrero
11067	García Carnero
11068	García Carrasco
11069	García Carrillo
11070	García Córdoba
11071	García Escudero
11072	García Fernández
11073	García Flores
11074	García Freire
11075	García García
11076	García González
11077	García Guerreño
11078	García Lugea
11079	García Martret
11080	García Martín
11081	García Martínez
11082	García Marín
11083	García Menéndez
11084	García Naranjo
11085	García Pons
11086	García Prades
11087	García Pérez
11088	García Quintela
11089	García Raja
11090	García Rebelo
11091	García Rivera
11092	García Santos
11093	García Segovia
11094	García Serrano
11095	García Solsona
11096	García Tena
11097	García Torres
11098	García Trabanco
11099	García Vayá
11100	García Vivancos
11101	García Zarate
11102	García Zubiria
11103	García de Albéniz
11104	García de Haro
11105	García del Pozo
11106	Gardiner
11107	Gardner
11108	Gardner-Hickman
11109	Gardoș
11110	Gardos
11111	Garenamotse
11112	Gareth
11113	Garg
11114	Gargano
11115	Gariglio
11116	Garik
11117	Garland
11118	Garmash
11119	Garner
11120	Garneros
11121	Garnica
11122	Garnier
11123	Garnås
11124	Garratt
11125	Garrett
11126	Garri
11127	Garrick
11128	Garrido
11129	Garrido Cifuentes
11130	Garrido González
11131	Garrido Moracia
11132	Garrido Peña
11133	Garrido Álvarez
11134	Garrity
11135	Garro
11136	Garro Olkotz
11137	Garry
11138	Garry Rodrigues
11139	Garré
11140	Gartenmann
11141	Gartland
11142	Gartler
11143	Gartside
11144	Garuccio
11145	Garv
11146	Garvey
11147	Gary
11148	Garza
11149	Gasanov
11150	Gasch
11151	Gashi
11152	Gaspar
11153	Gaspar Campos
11154	Gaspar Marchão
11155	Gaspard
11156	Gasper
11157	Gasperoni
11158	Gassama
11159	Gassan
11160	Gasser
11161	Gassner
11162	Gastien
11163	Gaston
11164	Gastón
11165	Gato Alves Dias
11166	Gatsha
11167	Gatti
11168	Gattoni
11169	Gauchan
11170	Gauci
11171	Gaud
11172	Gauda
11173	Gaudin
11174	Gaudino
11175	Gauld
11176	Gauramma
11177	Gaurav
11178	Gaurav Bora
11179	Gauri
11180	Gaus
11181	Gausdal
11182	Gauseth
11183	Gautam
11184	Gaute
11185	Gauthier
11186	Gautier
11187	Gauvin
11188	Gavan
11189	Gavilán
11190	Gavin
11191	Gavli
11192	Gavory
11193	Gavra
11194	Gavranović
11195	Gavrić
11196	Gavriel
11197	Gavriil
11198	Gavril
11199	Gavrish
11200	Gawde
11201	Gayakwad
11202	Gayatri
11203	Gaye
11204	Gayen
11205	Gayi
11206	Gayle
11207	Gayà
11208	Gayà Martínez
11209	Gayà Peña
11210	Gazdag
11211	Gazi
11212	Gazibegović
11213	Gazinskaya
11214	Gazmend
11215	Gazzaniga
11216	Gazzolo
11217	Gaël
11218	Gaëtan
11219	Gaëtane
11220	Gba
11221	Gbadamosi
11222	Gbagho
11223	Gbamin
11224	Gbedema
11225	Gbeho
11226	Gbellé
11227	Gboho
11228	Gboko
11229	Gealy
11230	Geani
11231	Gebase
11232	Gebauer
11233	Gebhardt
11234	Gebre
11235	Gebreyesus
11236	Ged
11237	Gedamu
11238	Geddes
11239	Gedikli
11240	Gedion
11241	Gedson
11242	Gedson Fernandes
11243	Gedsted
11244	Gee
11245	Geelmuyden
11246	Geerman
11247	Geertruida
11248	Geerts
11249	Geeta
11250	Geiger
11251	Geipl
11252	Geis
11253	Geissmann
11254	Geisson
11255	Geist
11256	Gelabert Piña
11257	Gelashvili
11258	Gelhardt
11259	Gelios
11260	Gelmini Gomes
11261	Gelson Dany
11262	Gelson Martins
11263	Gelson.M
11264	Gema
11265	Gembalies
11266	Gemechu
11267	Gemicibaşi
11268	Geminiani
11269	Gen
11270	Gendera
11271	Gendrey
11272	Gene
11273	Generic
11274	Genichi
11275	Geniges
11276	Genki
11277	Gennaro
11278	Genreau
11279	Genta
11280	Genti
11281	Gentile
11282	Gentner
11283	Genç
11284	Gençer
11285	Geoff
11286	Geoffrey
11287	Geoffroy
11288	Geoffry
11289	Geon Hee
11290	Geon Woong
11291	GeonHee
11292	GeonWoong
11293	Georg
11294	George
11295	Georgen
11296	Georges
11297	Georges-Kévin
11298	Georgescu
11299	Georghios
11300	Georgi
11301	Georgia
11302	Georgiadis
11303	Georgian
11304	Georgie
11305	Georgiev
11306	Georginio
11307	Georgios
11308	Georgiu
11309	Georgiy
11310	Georgs
11311	Gerada
11312	Gerald
11313	Gerard
11314	Gerard Barri
11315	Gerard Moreno
11316	Gerard V.
11317	Gerard Valentín
11318	Gerardo
11319	Gerasimos
11320	Gerber
11321	Gerbowski
11322	Geremias Djú
11323	Gergő
11324	Gergel
11325	Gerhardt
11326	Geria
11327	Gerken
11328	Gerkens
11329	Germain
11330	German
11331	German. K
11332	Germano Cuba
11333	Germano Monico
11334	Germano Wilson
11335	Germanpreet
11336	Germek
11337	Germán
11338	Germán Parreño
11339	Gernot
11340	Gerometta
11341	Gerrish
11342	Gerrit
11343	Gerritsen
11344	Gerry
11345	Gersbach
11346	Gersbeck
11347	Gerso
11348	Gerson
11349	Gerson Armão
11350	Gerson Rodrigues
11351	Gervais
11352	Gervane
11353	Gervasio
11354	Gervinho
11355	Gerzel
11356	Gerzić
11357	Gerzino
11358	Gerónimo
11359	Gesser Esser
11360	Geteye
11361	Gethin
11362	Getinger
11363	Getoar
11364	Geubbels
11365	Geugi
11366	GeunHo
11367	Geurts
11368	Geusens
11369	Gevorg
11370	Geykel
11371	Geyoro
11372	Geyrhofer
11373	Geyserian
11374	Gezim
11375	Ghacha
11376	Ghalib
11377	Ghandour
11378	Gharbi
11379	Ghareeb
11380	Ghayal
11381	Ghazarian
11382	Ghazi
11383	Ghazwani
11384	Ghazwany
11385	Ghenadie
11386	Gheorghe
11387	Gheorghiu
11388	Gherea
11389	Gherghe
11390	Ghezzal
11391	Ghiță
11392	Ghiglione
11393	Ghilas
11394	Ghindovean
11395	Ghion
11396	Ghislain
11397	Ghislandi
11398	Ghita
11399	Ghjuvanni
11400	Gho
11401	Ghoddos
11402	Gholizadeh
11403	Ghosh
11404	Ghougassian
11405	Ghoulam
11406	Ghoulem
11407	Ghreeb
11408	Ghulab
11409	Ghulam
11410	Gi Dong
11411	Gi Hun
11412	Gi Hyeok
11413	Gi Yeol
11414	GiDong
11415	GiHun
11416	Gia
11417	Giaccone
11418	Giacomo
11419	Giafer
11420	Giakoumakis
11421	Giampaoli
11422	Gian Filippo
11423	Gian Franco
11424	Gian Luca
11425	Gian Marco
11426	GianFrancesco
11427	Giancarlo
11428	Gianfranco
11429	Giangiacomo
11430	Giani
11431	Gianluca
11432	Gianluigi
11433	Gianmarco
11434	Giannakos
11435	Giannelli
11436	Giannetti
11437	Gianni
11438	Giannidis
11439	Giannis
11440	Giannopoulos
11441	Giannou
11442	Giannoulis
11443	Giap
11444	Gibaud
11445	Gibb
11446	Gibbons
11447	Gibbs
11448	Gibbs-White
11449	Gibrán
11450	Gibs
11451	Gibson
11452	Giddings
11453	Gideon
11454	Gidon
11455	Giedrius
11456	Giel
11457	Gielen
11458	Gielnik
11459	Gießelmann
11460	Gift
11461	Gigliotti
11462	Gignac
11463	Gigot
11464	Gigou
11465	Gihyeok
11466	Gijs
11467	Gikiewicz
11468	Gil
11469	Gil Dias
11470	Gil Mohedano
11471	Gil Osés
11472	Gil Pareja
11473	Gil Regaño
11474	Gil Romero
11475	Gil Salvatierra
11476	Gilbert
11477	Gilberto
11478	Gilbey
11479	Gilchrist
11480	Gildas
11481	Giles
11482	Gilkes
11483	Gilks
11484	Gill
11485	Gilles
11486	Gillesphey
11487	Gillespie
11488	Gillet
11489	Gilli
11490	Gilliam
11491	Gillian
11492	Gilliead
11493	Gillies
11494	Gilligan
11495	Gilmour
11496	Gilsenan
11497	Gilson
11498	Gilson Tavares
11499	Gimber
11500	Gime
11501	Gimenez
11502	Giménez
11503	Giménez Candela
11504	Ginczek
11505	Ginella
11506	Giner Pedrosa
11507	Ginis
11508	Ginnelly
11509	Gino
11510	Ginola
11511	Gintauts
11512	Ginter
11513	Ginti
11514	Ginting
11515	Gio
11516	Gio Silvainha
11517	Gioacchini
11518	Giorbelidze
11519	Giordano
11520	Giorgadze
11521	Giorgi
11522	Giorgia
11523	Giorgio
11524	Giorgios
11525	Giorgos
11526	Giosue
11527	Giotto
11528	Giousis
11529	Giovana Beatriz
11530	Giovana Larissa
11531	Giovani
11532	Giovanna
11533	Giovanni
11534	Giovanny Bia
11535	Giovinco
11536	Giraldo
11537	Girard
11538	Giraud
11539	Giraudon
11540	Girault
11541	Giri
11542	Girik
11543	Girotti
11544	Girotto
11545	Giroud
11546	Girth
11547	Gisler
11548	Gissi
11549	Gita
11550	Gitaben
11551	Gittins
11552	Giulia
11553	Giulian
11554	Giuliani
11555	Giuliano
11556	Giulio
11557	Giuseppe
11558	Givson
11559	Giyeol
11560	Gjasula
11561	Gjata
11562	Gjebrea
11563	Gjergi
11564	Gjermund
11565	Gjertsen
11566	Gjika
11567	Gjin
11568	Gjokaj
11569	Gjokë
11570	Gjon
11571	Gjonaj
11572	Gjonbalaj
11573	Gjoni
11574	Gjorgjev
11575	Gkezos
11576	Glad
11577	Gladwin
11578	Glan
11579	Glas
11580	Glass
11581	Glatzel
11582	Glauder
11583	Glauder García
11584	Gleeson
11585	Gleider
11586	Gleidionor
11587	Gleison
11588	Gleison Bremer
11589	Gleison Wilson
11590	Glen
11591	Glenn
11592	Glennon
11593	Glesnes
11594	Glik
11595	Gliwa
11596	Glody
11597	Gloire
11598	Glory
11599	Gloster
11600	Glovatsky
11601	Glover
11602	Glyn
11603	Glynn
11604	Gnaase
11605	Gnabry
11606	Gnagnon
11607	Gnahoré
11608	Gnahoua
11609	Gnaka
11610	Gnamien
11611	Gnanduillet
11612	Gning
11613	Gnjatić
11614	Gnjatic
11615	Gnonto
11616	Go
11617	Go Moo Yol
11618	Go Myeong Seok
11619	Go Yo Han
11620	Godard
11621	Goddard
11622	Godden
11623	Godeau
11624	Goden
11625	Godfred
11626	Godfrey
11627	Godfried
11628	Godfroid
11629	Godin
11630	Godinho
11631	Godoy
11632	Godoy Domínguez
11633	Godson
11634	Godswill
11635	Goduine
11636	Godwin
11637	Godwin-Malife
11638	Godín
11639	Godínez
11640	Goethals
11641	Goga
11642	Gogbé
11643	Goge
11644	Gogić
11645	Gogia
11646	Gogoi
11647	Gogol
11648	Gogoladze
11649	Gogoua
11650	Goh
11651	Goh Young Jun
11652	Gohel
11653	Gohi
11654	Gohlke
11655	Goiginger
11656	Goihal
11657	Goiteira Regalo
11658	Goitom
11659	Gojak
11660	Gojani
11661	Gojko
11662	Goke
11663	Gol
11664	Golan
11665	Goldaniga
11666	Goldar
11667	Goldar Gómez
11668	Golden
11669	Goldson
11670	Golec
11671	Golfo
11672	Goli
11673	Goliński
11674	Golla
11675	Goller
11676	Gollini
11677	Gollnack
11678	Gollner
11679	Golob
11680	Golofca
11681	Golovin
11682	Goltz
11683	Golubev
11684	Golui
11685	Goma
11686	Gomastha
11687	Gomes
11688	Gomes Betuncal
11689	Gomes Clemente
11690	Gomes Garutti
11691	Gomes Netto
11692	Gomes O. Tavares
11693	Gomes Oliveira
11694	Gomes Simões
11695	Gomes dos Santos
11696	Gomez
11697	Gomez Mancini
11698	Gomez Muñoz
11699	Gomis
11700	Gomulka
11701	Gonalons
11702	Goncharov
11703	Gonda
11704	Gondo
11705	Gondorf
11706	Gondou
11707	Gong
11708	Gong Q.L.
11709	Gong Qiule
11710	Gong-sun
11711	Goniwe
11712	Gonsalves
11713	Gonther
11714	Gonzalez
11715	Gonzalo
11716	Gonzalo Verdú
11717	Gonzalo Villar
11718	Gonzaroua Dié
11719	Gonzáles
11720	González
11721	González Alves
11722	González Bayón
11723	González Cabrera
11724	González Casado
11725	González Casín
11726	González Estrada
11727	González Estupiñán
11728	González Fernández
11729	González García
11730	González González
11731	González Granado
11732	González Gutiérrez
11733	González Iglesias
11734	González López
11735	González Martínez
11736	González Morales
11737	González Nieto
11738	González Pirez
11739	González Plata
11740	González Poirrier
11741	González Polanco
11742	González Pérez
11743	González Ramírez
11744	González Rodríguez
11745	González Soberón
11746	González Tomás
11747	González Tortella
11748	González Verjara
11749	González de Zárate
11750	Gonçalo
11751	Gonçalo Agrelos
11752	Gonçalo Bento
11753	Gonçalo Cardoso
11754	Gonçalo Esteves
11755	Gonçalo Filipe
11756	Gonçalo Franco
11757	Gonçalo Guedes
11758	Gonçalo Inácio
11759	Gonçalo Manuel
11760	Gonçalo Matias
11761	Gonçalo Paciência
11762	Gonçalo Ramos
11763	Gonçalo Silva
11764	Gonçalves
11765	Gonçalves Abreu
11766	Gonçalves Barni
11767	Gonçalves Bernardo
11768	Gonçalves Malheiro
11769	Gonçalves Martins
11770	Gonçalves Pinto
11771	Gonçalves Rodrigues
11772	Gonçalves Sousa
11773	Gonçalves do Prado
11774	Gonçalves dos S.
11775	Gonçalvo
11776	Gooch
11777	Good
11778	Goode
11779	Goodliffe
11780	Goodman
11781	Goodrham
11782	Goodwill
11783	Goodwin
11784	Goossens
11785	Gopal
11786	Gope
11787	Goppel
11788	Gor
11789	Gorai
11790	Goran
11791	Goransch
11792	Gordan
11793	Gordillo
11794	Gordinho
11795	Gordon
11796	Gordson
11797	Gorenc Stanković
11798	Goretzka
11799	Gorgelin
11800	Gorgon
11801	Gori
11802	Gorie
11803	Gorka
11804	Gorka Larrucea
11805	Gorlukovich
11806	Gorman
11807	Gormley
11808	Goro
11809	Gorobec
11810	Gorolas
11811	Gorosabel
11812	Gorosabel Espinosa
11813	Gorosito
11814	Gorostidi
11815	Gorostidi García
11816	Gorre
11817	Gorriarán
11818	Gorry
11819	Gorré
11820	Gorter
11821	Gory
11822	Gorzel
11823	Gosens
11824	Gosling
11825	Gosselin
11826	Gostomski
11827	Goswami
11828	Goteni
11829	Goto
11830	Gotoku
11831	Gotts
11832	Gottschling
11833	Gouaida
11834	Goudiaby
11835	Goudmijn
11836	Gough
11837	Gouiri
11838	Gould
11839	Gouled
11840	Goumba
11841	Gouras
11842	Gourna
11843	Gourna.D
11844	Goutas
11845	Gouveia
11846	Gouweleeuw
11847	Goué
11848	Govea
11849	Govind
11850	Govorov
11851	Goya
11852	Goyal
11853	Goyoneche
11854	Gozzi
11855	Gozálbez Gilabert
11856	Gozálvez
11857	Goñi
11858	Grădinaru
11859	Grabara
11860	Grabban
11861	Grabner
11862	Grabowski
11863	Grace
11864	Grach
11865	Gracia
11866	Gracia Sánchez
11867	Graciani
11868	Gradecki
11869	Gradel
11870	Gradit
11871	Grady
11872	Graeme
11873	Graf
11874	Gragera
11875	Gragera Amado
11876	Gragger
11877	Graham
11878	Grahl
11879	Grahovac
11880	Graiciar
11881	Grameni
11882	Granados
11883	Granath
11884	Granatowski
11885	Grand
11886	Grande
11887	Grandin
11888	Grandjean
11889	Grandsir
11890	Granell
11891	Granell Nogué
11892	Granero
11893	Granger
11894	Granier
11895	Granit
11896	Granli
11897	Granlund
11898	Grant
11899	Graovac
11900	Gras
11901	Grassi
11902	Grasso
11903	Graterol
11904	Gratton
11905	Grau
11906	Grau Ciscar
11907	Grave
11908	Gravelle
11909	Gravenberch
11910	Graves
11911	Gravillon
11912	Gravius
11913	Grawe
11914	Gray
11915	Grayson
11916	Graziano
11917	Grażyna
11918	Grbasić
11919	Grbić
11920	Grbic
11921	Greab
11922	Grealish
11923	Greaves
11924	Grebo
11925	Grech
11926	Greco
11927	Green
11928	Greene
11929	Greenidge
11930	Greenwood
11931	Greg
11932	Greger
11933	Gregersen
11934	Grego S.
11935	Grego Sierra
11936	Grego-Cox
11937	Gregoire
11938	Gregor
11939	Gregore
11940	Gregorič
11941	Gregorio
11942	Gregorios
11943	Gregoritsch
11944	Gregory
11945	Greguš
11946	Gregório Guzzo
11947	Gregório Teixeira
11948	Grehan
11949	Greif
11950	Greig
11951	Greil
11952	Greilinger
11953	Greiml
11954	Grejohn
11955	Gremsl
11956	Grenier
11957	Gresler
11958	Gressel
11959	Greta
11960	Grether
11961	Greve
11962	Grewal
11963	Grey
11964	Grgić
11965	Grgic
11966	Gricenko
11967	Grichson
11968	Griebsch
11969	Griedge
11970	Griesbeck
11971	Griesebner
11972	Grieve
11973	Griezmann
11974	Griffin
11975	Griffith
11976	Griffiths
11977	Grifo
11978	Grigahcine
11979	Griger
11980	Grigg
11981	Grigor
11982	Grigorcea
11983	Grigore
11984	Grigorijs
11985	Grigoris
11986	Grigoriy
11987	Grigoryan
11988	Grijalva
11989	Grill
11990	Grillitsch
11991	Grima
11992	Grima Aguilera
11993	Grimaldi
11994	Grimaldo
11995	Grimaldo García
11996	Grimes
11997	Grimi
11998	Grimmer
11999	Grimshaw
12000	Grinkov
12001	Grippo
12002	Grischa
12003	Grivosti
12004	Grobelny
12005	Grodowski
12006	Groen
12007	Groenen
12008	Grogan
12009	Grohe
12010	Grohi
12011	Groiß
12012	Grolli
12013	Gros
12014	Grosicki
12015	Gross
12016	Grosu
12017	Grot
12018	Grounds
12019	Groves
12020	Grozdan
12021	Grozos
12022	Groß
12023	Großeshaus
12024	Gruber
12025	Grudziński
12026	Gruev
12027	Gruezo
12028	Grujić
12029	Gruszkowski
12030	Gryszkiewicz
12031	Grytebust
12032	Grzegorz
12033	Grzesik
12034	Grzybek
12035	Grégoire
12036	Grégory
12037	Grétarsson
12038	Grímsdóttir
12039	Grødem
12040	Grøgaard
12041	Grøn
12042	Grønbæk
12043	Grønning
12044	Grüll
12045	Grüne
12046	Grünwald
12047	Gu
12048	Gu C.
12049	Gu Cao
12050	Gu Y. Sh.
12051	Gu Yasha
12052	Guadagno
12053	Guaita
12054	Guaita Panadero
12055	Gual Huguet
12056	Guan
12057	Guan Shi Ming
12058	Guanca
12059	Guangtai
12060	Guangwen
12061	Guanxi
12062	Guardado
12063	Guarderas
12064	Guardia
12065	Guardiola Navarro
12066	Guasone
12067	Gubbins
12068	Gubelmann
12069	Guclu
12070	Guddi
12071	Gudelj
12072	Guder
12073	Gudi
12074	Gudiya
12075	Gudiño
12076	Gudjohnsen
12077	Gudmund
12078	Gudmundsson
12079	Gudmunsson
12080	Gudra
12081	Guede
12082	Guedes
12083	Guedes Filho
12084	Guediri
12085	Gueguen
12086	Guehi
12087	Guei
12088	Guendouzi
12089	Guera
12090	Guerin
12091	Guermouche
12092	Guerra
12093	Guerra Pires
12094	Guerra Rodríguez
12095	Guerreda Vilela
12096	Guerreiro
12097	Guerreiro Viana
12098	Guerrero
12099	Guerrero Aguilar
12100	Guerrero Martín
12101	Guerrero Romero
12102	Guerrero Sanmartín
12103	Guerrieri
12104	Guessand
12105	Guessoum
12106	Guessouma
12107	Guest
12108	Gueu
12109	Guevara
12110	Guevara Lajo
12111	Guevgeozián
12112	Gueye
12113	Gugganig
12114	Guglielmo
12115	Gugun
12116	Guhar
12117	Gui
12118	Gui-san
12119	Guibert
12120	Guichard
12121	Guidara
12122	Guidetti
12123	Guidi
12124	Guido
12125	Guidotti
12126	Guiffrey
12127	Guignard
12128	Guijarro Gutiérrez
12129	Guilavogui
12130	Guilbert
12131	Guilherme
12132	Guilherme A.
12133	Guilherme Alvim
12134	Guilherme Garutti
12135	Guilherme Magro
12136	Guilherme Mantuan
12137	Guilherme Parede
12138	Guilherme Ramos
12139	Guilherme Schettine
12140	Guilherme Sityá
12141	Guilherme Soares
12142	Guillamón
12143	Guillamón Sammartín
12144	Guillaume
12145	Guille Rosas
12146	Guillem
12147	Guillem Molina
12148	Guillemenot
12149	Guillemin
12150	Guillermo
12151	Guillet
12152	Guillon
12153	Guillot
12154	Guillou
12155	Guilson Paiva
12156	Guimarães Bilher
12157	Guimarães Lopes
12158	Guimarães Moura
12159	Guindo
12160	Guinness-Walker
12161	Guipari
12162	Guiping
12163	Guirassy
12164	Guiraud
12165	Guitane
12166	Guitián
12167	Guitián Ceballos
12168	Guitler
12169	Gujic
12170	Gulab
12171	Gulamali
12172	Gularte
12173	Gulbenkian
12174	Gulbrandsen
12175	Gulbranson
12176	Gulde
12177	Guled
12178	Guliyev
12179	Guljigit
12180	Gullan
12181	Gulliksen
12182	Gullit
12183	Gulácsi
12184	Gum
12185	Gumaneh
12186	Gumbau
12187	Gumbau Garriga
12188	Gumbold
12189	Gumbs
12190	Gumny
12191	Gun Hee
12192	GunHee
12193	Gunaratne
12194	Gunardi
12195	Gunawardene
12196	Gundelund
12197	Gundersen
12198	Gunn
12199	Gunnarsson
12200	Gunte
12201	Gunter
12202	Guntomor
12203	Guo
12204	Guo H.
12205	Guo H.R.
12206	Guo Hanru
12207	Guo Hao
12208	Guo J.W.
12209	Guo Jiawei
12210	Guo Q.B.
12211	Guo Quanbo
12212	Guo T.
12213	Guo T.Y.
12214	Guo Tianyu
12215	Guo Tong
12216	Guo W.
12217	Guo Wei
12218	Guo Y.Q.
12219	Guo Yunqi
12220	Guobo
12221	Guoliang
12222	Guoming
12223	Guowen
12224	Guoyu
12225	Guoyuan
12226	Gupta
12227	Gur
12228	Gurakuqi
12229	Guram
12230	Guramishvili
12231	Gurav
12232	Gurfinkel
12233	Guridi
12234	Guridi Aldalur
12235	Gurjinder
12236	Gurmeet
12237	Gurnah
12238	Guro
12239	Gurpreet
12240	Gurr
12241	Gurtner
12242	Guruceaga
12243	Gurung
12244	Gurunga
12245	Guruzeta
12246	Guruzeta Rodríguez
12247	Gus Outomouro
12248	Gussiås
12249	Gustaf
12250	Gustafson
12251	Gustafsson
12252	Gustav
12253	Gustave
12254	Gustavo
12255	Gustavo Assunção
12256	Gustavo Enrique
12257	Gustavo Ferrareis
12258	Gustavo H.
12259	Gustavo Lobateiro
12260	Gustavo Maia
12261	Gustavo Pastinho
12262	Gustavo Patrick
12263	Gustavo Rafael
12264	Gustavo Sauer
12265	Gustavsson
12266	Gusto
12267	Gusztáv
12268	Guterres
12269	Guterres Nascimento
12270	Guth
12271	Guthrie
12272	Gutierres Serra
12273	Gutierrez
12274	Gutiérrez
12275	Gutiérrez Chinea
12276	Gutiérrez González
12277	Gutiérrez Montilla
12278	Gutiérrez Ortega
12279	Gutiérrez Parejo
12280	Gutkovskis
12281	Gutman
12282	Guto Costinho
12283	Guto Milazar
12284	Guto Ramón
12285	Guttau
12286	Gutíerrez
12287	Guus
12288	Guwara
12289	Guy
12290	Guy-Marcelin
12291	Guyon
12292	Guyot
12293	Guzan
12294	Guzmán
12295	Gué
12296	Guéhi
12297	Guðjohnsen
12298	Guðmundsson
12299	Guðmundur
12300	Gvardiol
12301	Gwang Hyeok
12302	Gwang Yeon
12303	GwangHyeok
12304	Gwangyeon
12305	Gwargis
12306	Gwilt
12307	Gwinn
12308	Gwion
12309	Gwon
12310	Gwon Seong Hyeon
12311	Gwon Wan Gyu
12312	Gwyn
12313	Gyamerah
12314	Gyanendra
12315	Gyasi
12316	Gyau
12317	Gyeong Ho
12318	Gyeong Jae
12319	Gyeong Ju
12320	Gyeong Jun
12321	GyeongJae
12322	Gyeongho
12323	Gyeongju
12324	Gyeongjun
12325	Gyi
12326	Gylfi
12327	Gyollai
12328	Gyrano
12329	Gytkjær
12330	Gyu Seong
12331	GyuSeong
12332	Gyula
12333	Gyökeres
12334	Gyömbér
12335	György
12336	Gábor
12337	Gálvez
12338	Gálvez Jimena
12339	Gálvez Miranda
12340	Gámez López
12341	Gâdea
12342	Gédéon
12343	Gélin
12344	Gérald
12345	Gérard
12346	Gérson Adriano
12347	Gérson Damesio
12348	Gérson Fábio
12349	Gérson Noalha
12350	Gërd
12351	Gîdea
12352	Góez
12353	Gómez
12354	Gómez Alcón
12355	Gómez Andrade
12356	Gómez Bordonado
12357	Gómez Campaña
12358	Gómez Castroverde
12359	Gómez Hermoso
12360	Gómez López
12361	Gómez Martín
12362	Gómez Perea
12363	Gómez Solà
12364	Góndola
12365	Góngora
12366	Gónzalez Martínez
12367	Górski
12368	Göbel
12369	Gökdeniz
12370	Göker
12371	Gökhan
12372	Gölpek
12373	Gönül
12374	Görgen
12375	Görkem
12376	Görlich
12377	Görtler
12378	Götze
12379	Gözütok
12380	Göçek
12381	Güemez
12382	Gülay
12383	Güler
12384	Gülselam
12385	Gülstorff
12386	Gümüş
12387	Günay
12388	Gündoğan
12389	Gündüz
12390	Güneş
12391	Günok
12392	Günter
12393	Günther
12394	Günther-Schmidt
12395	Günver
12396	Gür
12397	Güray
12398	Güray Vural
12399	Gürcebe
12400	Gürler
12401	Gürleyen
12402	Güven
12403	Güvenç
12404	Güçlü
12405	H W Jo
12406	H. Akbunar
12407	H. Alhazaa
12408	H. Alruwaili
12409	H. Ayala
12410	H. Camara
12411	H. Canteros
12412	H. Essa
12413	H. Ghacha
12414	H. González
12415	H. Herrera
12416	H. Kadesh
12417	H. Kaldirim
12418	H. Keita
12419	H. Lopes
12420	H. Lozano
12421	H. Magallanes
12422	H. Mier
12423	H. Moreno
12424	H. Oliveira
12425	H. Ortega
12426	H. Palacios
12427	H. Pereira
12428	H. Perez
12429	H. Quintana
12430	H. Rodas
12431	H. Salem
12432	H. Traoré
12433	H. Veerman
12434	H. Vevatne
12435	H.İbrahim
12436	H.Algeid
12437	H.Alghamdi
12438	H.Alshamrani
12439	H.Bilazer
12440	H.Ismail
12441	H.Jamal
12442	H.Martinez
12443	H.Moqahwi
12444	H.Perez
12445	H.Qahtani
12446	H.Quiñones
12447	H.Rodríguez
12448	H.Tambakti
12449	H.Traore
12450	H.Tut
12451	Hładun
12452	Ha
12453	Håkon
12454	Haag
12455	Haak
12456	Haakenson
12457	Haakenstad
12458	Haaland
12459	Haas
12460	Haavi
12461	Haba
12462	Habarugira
12463	Habe
12464	Haber
12465	Haberer
12466	Habesha
12467	Habib
12468	Habibul
12469	Habibullah
12470	Habkoor
12471	Habte
12472	Hachen
12473	Hachi
12474	Hachisuka
12475	Hacini
12476	Hack
12477	Hackett
12478	Hackett-Fairchild
12479	Hackford
12480	Hackl
12481	Hackman
12482	Hackney
12483	Hadda
12484	Haddad
12485	Haddadi
12486	Hadebe
12487	Hadergjonaj
12488	Hadian
12489	Hadjam
12490	Hadrien
12491	Hady
12492	Hadžić
12493	Hadžiahmetović
12494	Hadžikić
12495	Hafeez
12496	Hafez
12497	Hafthorsson
12498	Hagai
12499	Hagan
12500	Hagelskjær
12501	Hagen
12502	Hager
12503	Hagglund
12504	Hagi
12505	Hagiwara
12506	Hagopian
12507	Hahn
12508	Hai
12509	Haidara
12510	Haider
12511	Haifeng
12512	Haigh
12513	Haijian
12514	Haikin
12515	Hailong
12516	Haines
12517	Hainley
12518	Haiprakhon
12519	Hairemans
12520	Hairston
12521	Haisheng
12522	Haissem
12523	Haitam
12524	Haitham
12525	Haiyan
12526	Haiyi
12527	Haja
12528	Hajal
12529	Hajara
12530	Hajdari
12531	Haji
12532	Haji Safi
12533	Hajime
12534	Hajradinović
12535	Hajrizi
12536	Hajzer
12537	Hak
12538	Hak Yun
12539	Hakamata
12540	Hakan
12541	Hakan Özmert
12542	Hakeeb
12543	Hakeem
12544	Hakim
12545	Hakimi
12546	Hakizimana
12547	Hakkarainen
12548	Hakku
12549	Hakob
12550	Hakon
12551	Hakyun
12552	Hal
12553	Haladar
12554	Halapit
12555	Halaïmia
12556	Haldar
12557	Halder
12558	Hale
12559	Halford
12560	Hali
12561	Halicharan
12562	Halik
12563	Halil
12564	Halil İbrahim
12565	Halili
12566	Halilović
12567	Halilovic
12568	Halima
12569	Halina
12570	Haliti
12571	Halkett
12572	Halkias
12573	Hall
12574	Hall-Johnson
12575	Hallam
12576	Hallberg
12577	Halldor
12578	Halldórsson
12579	Haller
12580	Hallereau
12581	Hallett
12582	Hallgrímur
12583	Halliday
12584	Hallmar
12585	Halloran
12586	Hallstensen
12587	Halme
12588	Halouane
12589	Halsey
12590	Halstenberg
12591	Halsti
12592	Halsøy
12593	Halvorsen
12594	Hamache
12595	Hamad
12596	Hamadi
12597	Hamadou
12598	Hamadoui
12599	Hamalainen
12600	Hamari
12601	Hamasa
12602	Hamashita
12603	Hamšík
12604	Hamdallah
12605	Hamdan
12606	Hamdi
12607	Hamdouchi
12608	Hamed
12609	Hamed Junior
12610	Hamedallah
12611	Hamel
12612	Hamer
12613	Hamid
12614	Hamidi
12615	Hamidou
12616	Hamill
12617	Hamilton
12618	Hamlet
12619	Hammad
12620	Hammar
12621	Hammarlund
12622	Hammershaug
12623	Hammershøy-Mistrati
12624	Hammond
12625	Hammy
12626	Hamon
12627	Hamouma
12628	Hampton
12629	Hampus
12630	Hamraoui
12631	Hamza
12632	Hamzah
12633	Hamzaoui
12634	Hamzi
12635	Han
12636	Han Been
12637	Han Beom
12638	Han Bin
12639	Han D.
12640	Han Do
12641	Han Dong
12642	Han F.
12643	Han Feng
12644	Han Hee Hoon
12645	Han Ho Gang
12646	Han J.Q.
12647	Han Jiaqi
12648	Han Jin
12649	Han Jung Woo
12650	Han Kook Young
12651	Han Kyo Won
12652	Han Min
12653	Han P.
12654	Han P.F.
12655	Han Peng
12656	Han Pengfei
12657	Han R.Z.
12658	Han Rongze
12659	Han Saim
12660	Han Seok Hee
12661	Han Seok Jong
12662	Han Seung Gyu
12663	Han Yong
12664	Han-Noah
12665	HanBeen
12666	HanBeom
12667	HanBin
12668	HanDo
12669	HanJin
12670	HanSaim
12671	Hanabusa
12672	Hanad
12673	Hanca
12674	Hanchao
12675	Hanche-O.
12676	Hanche-Olsen
12677	Hanchik
12678	Hancko
12679	Hancock
12680	Handanović
12681	Handanovič
12682	Handl
12683	Handle
12684	Handoko
12685	Handwalla
12686	Handwerker
12687	Haneda
12688	Haneen
12689	Hang
12690	Hanheide
12691	Hani
12692	Hanin
12693	Hanlan
12694	Hanley
12695	Hanlin
12696	Hanlon
12697	Hanmin
12698	Hanna
12699	Hannah
12700	Hannam
12701	Hannan
12702	Hannant
12703	Hanne
12704	Hannes
12705	Hannes Þór
12706	Hannesbo
12707	Hannibal
12708	Hanno
12709	Hanousek
12710	Hanratty
12711	Hanru
12712	Hans
12713	Hans Christian
12714	Hans Nunoo
12715	Hansaben
12716	Hansada
12717	Hansda
12718	Hansen
12719	Hanshiro
12720	Hanslik
12721	Hanson
12722	Hanssen
12723	Hansson
12724	Hanuš
12725	Hanwen
12726	Hany
12727	Hanyf
12728	Hanz
12729	Hao
12730	Hao H.Y.
12731	Hao Haiyi
12732	Hao J.M.
12733	Hao Junmin
12734	Haobam
12735	Haochen
12736	Haofeng
12737	Haolun
12738	Haoran
12739	Haoyu
12740	Happe
12741	Happy
12742	Haps
12743	Haq
12744	Haqberdiyev
12745	Haqi
12746	Haque
12747	Hara
12748	Harada
12749	Haradinaj
12750	Haraguchi
12751	Harakawa
12752	Haralambie
12753	Harald
12754	Harald Nilsen
12755	Haralds
12756	Haraldseid
12757	Haraldsen
12758	Haraldsson
12759	Haraslín
12760	Harbottle
12761	Hardie
12762	Harding
12763	Hardley
12764	Hardy
12765	Haret
12766	Hargest
12767	Hargita
12768	Hargreaves
12769	Hari
12770	Harijan
12771	Haring
12772	Haris
12773	Harish
12774	Harisson
12775	Harit
12776	Harker
12777	Harkes
12778	Harkin
12779	Harkki
12780	Harlee
12781	Harley
12782	Harlock
12783	Harman
12784	Harmanjot
12785	Harmanpreet
12786	Harmeet
12787	Harms
12788	Harness
12789	Harold
12790	Haroun
12791	Harouna
12792	Haroune
12793	Haroyan
12794	Harper
12795	Harratt
12796	Harriel
12797	Harries
12798	Harriman
12799	Harrington
12800	Harrinson
12801	Harris
12802	Harrison
12803	Harrop
12804	Harroui
12805	Harry
12806	Harsman
12807	Hart
12808	Harte
12809	Hartel
12810	Hartherz
12811	Hartigan
12812	Hartjes
12813	Hartl
12814	Hartley
12815	Hartmann
12816	Hartridge
12817	Hartwig
12818	Haruț
12819	Haruhiko
12820	Haruka
12821	Haruki
12822	Harun
12823	Haruna
12824	Harut
12825	Haruto
12826	Harutyun
12827	Haruya
12828	Harvey
12829	Harvie
12830	Harwood-Bellis
12831	Harzan
12832	Hasal
12833	Hasan
12834	Hasan Ali
12835	Hasani
12836	Hasanov
12837	Hasanović
12838	Hase
12839	Hasebe
12840	Hasegawa
12841	Hashimoto
12842	Hashioka
12843	Hashmi
12844	Hasić
12845	Hasina
12846	Hasler
12847	Haspolat
12848	Hass
12849	Hassan
12850	Hassane
12851	Hassane K.
12852	Hassani
12853	Hassett
12854	Hassoun
12855	Hastie
12856	Hasukawa
12857	Hata
12858	Hatan
12859	Hatanaka
12860	Hatano
12861	Hatate
12862	Hatch
12863	Hateboer
12864	Hatim
12865	Hatora
12866	Hatsuse
12867	Hattan
12868	Hattori
12869	Hattunen
12870	Hatzidiakos
12871	Haubert Sityá
12872	Hauche
12873	Haudum
12874	Haug
12875	Haugaard
12876	Haugan
12877	Hauge
12878	Haugen
12879	Haugland
12880	Hauke
12881	Hauksson
12882	Hauptmann
12883	Hauptmeijer
12884	Hausch
12885	Hause
12886	Hauser
12887	Hausjell
12888	Hausner
12889	Havard
12890	Havel
12891	Havertz
12892	Havika
12893	Havlíček
12894	Hawa
12895	Hawass
12896	Hawkes
12897	Hawkins
12898	Hawryluk
12899	Hawsawi
12900	Haxhiu
12901	Hay
12902	Hayakawa
12903	Hayao
12904	Hayasaka
12905	Hayashi
12906	Hayashida
12907	Hayate
12908	Hayato
12909	Haydar
12910	Haydary
12911	Hayde
12912	Hayden
12913	Haydon
12914	Hayen
12915	Hayes
12916	Haygarth
12917	Hayk
12918	Hayley
12919	Haymenn
12920	Haynes
12921	Hayrabedian
12922	Hayrullah
12923	Haysen
12924	Hayward
12925	Hazaa
12926	Hazard
12927	Hazari
12928	Hazarika
12929	Hazazi
12930	Hazim
12931	Hazra
12932	Haïdara
12933	Haýdarow
12934	He
12935	Heča
12936	He CH.
12937	He Chao
12938	He G.
12939	He Guan
12940	He L.H.
12941	He Longhai
12942	He S.W.
12943	He Siwei
12944	He Y.P.
12945	He Yupeng
12946	He ZH.Y.
12947	He Zhenyu
12948	Headley
12949	Healey
12950	Healy
12951	Heaney
12952	Heath
12953	Heaton
12954	Heber
12955	Hebert
12956	Hebo
12957	Hebo Rasmussen
12958	Hector
12959	Hedenstad
12960	Hedgardo
12961	Hedges
12962	Hedl
12963	Hedlund
12964	Hedson Porfírio
12965	Hedson Robson
12966	Hedvall
12967	Hedvig
12968	Hee Chan
12969	Hee Hoon
12970	Hee Kyun
12971	Hee Seung
12972	Hee Won
12973	HeeHoon
12974	HeeSeung
12975	Heeger
12976	Heeney
12977	Heera
12978	Heerkens
12979	Hefti
12980	Hegarty
12981	Hegazi
12982	Hege
12983	Hegering
12984	Heggebø
12985	Heggheim
12986	Heghineh
12987	Heider
12988	Heidi
12989	Heikkilä
12990	Heikkinen
12991	Heil
12992	Heilig
12993	Heimur
12994	Hein
12995	Heinesen
12996	Heinloth
12997	Heinonen
12998	Heinrich
12999	Heintz
13000	Heinz
13001	Heise
13002	Heisenberg
13003	Heister
13004	Heitinho Zanon
13005	Heitor Edvaldo
13006	Heitor Gesse
13007	Heitor Mutto
13008	Heizel
13009	Hejaili
13010	Hejda
13011	Hekekia
13012	Helac
13013	Helal
13014	Helander
13015	Helder
13016	Helena
13017	Helenius
13018	Helgadóttir
13019	Helgarson
13020	Helgason
13021	Helge
13022	Helgi
13023	Helibelton
13024	Helik
13025	Helio Paulo
13026	Helito Caldeira
13027	Helland
13028	Hellborg
13029	Hellen
13030	Hellermann
13031	Hellstrom
13032	Hellström
13033	Helm
13034	Helma
13035	Helmes Junqueira
13036	Helo
13037	Heltinho
13038	Heltinho Melo
13039	Helton
13040	Helton Brant
13041	Helton Leite
13042	Helvi
13043	Hemant
13044	Hembram
13045	Hemcke
13046	Hemed
13047	Hemeros
13048	Hemia
13049	Hemlein
13050	Hemmings
13051	Hemp
13052	Henchoz
13053	Henderson
13054	Hendra
13055	Hendrich
13056	Hendrick
13057	Hendrickx
13058	Hendrik
13059	Hendriks
13060	Hendrix
13061	Hendry
13062	Heneghan
13063	Henen
13064	Heng
13065	Henglong
13066	Henk
13067	Henke
13068	Henkinet
13069	Hennessey
13070	Hennessy
13071	Henning
13072	Hennings
13073	Henok
13074	Henri
13075	Henrichs
13076	Henrik
13077	Henrikh
13078	Henriksen
13079	Henriksson
13080	Henrique
13081	Henrique Dourado
13082	Henrique Francisco
13083	Henrique G.
13084	Henrique Gomes
13085	Henrique Jocú
13086	Henrique Tavares
13087	Henrique Trevisan
13088	Henrique da Silva
13089	Henriques
13090	Henriques Coelho
13091	Henriquez
13092	Henry
13093	Henríquez
13094	Henschel
13095	Hensley
13096	Heo
13097	Heo Ja Woong
13098	Heo Kang Joon
13099	Heo Yul
13100	Heorhii
13101	Hepburn
13102	Hera
13103	Herath
13104	Herazo
13105	Herbers
13106	Herbert
13107	Herbie
13108	Herbjørn
13109	Herbots
13110	Herc
13111	Hercher
13112	Herculano
13113	Hercules
13114	Heredia
13115	Herelle
13116	Hergault
13117	Heri
13118	Heriberto
13119	Heriberto Tavares
13120	Heris
13121	Herman
13122	Hermane
13123	Hermann
13124	Hermannsson
13125	Hermans
13126	Hermansen
13127	Hermansson
13128	Hermanto
13129	Hermida
13130	Hermoso
13131	Hermoso Canseco
13132	Hermoso Fuentes
13133	Hernandez
13134	Hernando
13135	Hernando Riol
13136	Hernani
13137	Hernani Jr
13138	Hernán
13139	Hernández
13140	Hernández Alarcón
13141	Hernández Carrera
13142	Hernández Cascante
13143	Hernández Fernández
13144	Hernández García
13145	Hernández González
13146	Hernández Tarroc
13147	Hernández Umpiérrez
13148	Hernández-Foster
13149	Hernâni
13150	Hernâni Jorge
13151	Herolind
13152	Herrera
13153	Herrera Agüera
13154	Herrera Pirón
13155	Herrera Pérez
13156	Herrero
13157	Herrero Javaloyas
13158	Herrero Oliva
13159	Herrero Peinador
13160	Herrmann
13161	Herráiz Alcaraz
13162	Hertner
13163	Herve
13164	Hervieu
13165	Hervin
13166	Hervé
13167	Hervé Koffi
13168	Hervías
13169	Hervías Rubio
13170	Herzog
13171	Hess
13172	Hessenthaler
13173	Hestad
13174	Hetemi
13175	Hettwer
13176	Heuer
13177	Heuer Fernandes
13178	Heung Min
13179	Heward-Belle
13180	Hewitt
13181	Hewlett
13182	Heyer
13183	Heylen
13184	Heymans
13185	Heynen
13186	Hezze
13187	Hhili
13188	Hianga'a
13189	Hicham
13190	Hickey
13191	Hicks
13192	Hidajet
13193	Hidalgo
13194	Hidalgo Gómez
13195	Hidde
13196	Hide
13197	Hidekazu
13198	Hidemasa
13199	Hidenori
13200	Hideo
13201	Hideto
13202	Hidetoshi
13203	Hien
13204	Hierländer
13205	Higashi
13206	Higashiguchi
13207	Higgins
13208	High
13209	Higl
13210	Higor Matheus
13211	Higor Meritão
13212	Higuain
13213	Higuaín
13214	Higuchi
13215	Hijani
13216	Hijaz
13217	Hikaru
13218	Hikmet
13219	Hila
13220	Hilal
13221	Hilary
13222	Hilgers
13223	Hill
13224	Hillal
13225	Hillel
13226	Hiller
13227	Hillier
13228	Hills
13229	Hillson
13230	Hilti
13231	Hilton
13232	Hilßner
13233	Himad
13234	Himmelmann
13235	Himourana
13236	Himura
13237	Hina
13238	Hinata
13239	Hincapié
13240	Hindi
13241	Hinds
13242	Hines-Ike
13243	Hinestroza
13244	Hingert
13245	Hinnenkamp
13246	Hino
13247	Hinokio
13248	Hinteregger
13249	Hintermaier
13250	Hinterseer
13251	Hinz
13252	Hippe
13253	Hippolyte
13254	Hira
13255	Hirai
13256	Hiralal
13257	Hiram
13258	Hiramatsu
13259	Hirano
13260	Hiranuma
13261	Hiraoka
13262	Hirayama
13263	Hiremath
13264	Hiro
13265	Hiroaki
13266	Hirokazu
13267	Hiroki
13268	Hiromu
13269	Hironaga
13270	Hirose
13271	Hiroshi
13272	Hirotaka
13273	Hiroto
13274	Hirotsugu
13275	Hiroya
13276	Hiroyuki
13277	Hirst
13278	Hiruni
13279	Hirving
13280	Hisashi
13281	Hisham
13282	Hishida
13283	Hissou
13284	Hitesh
13285	Hitoshi
13286	Hitz
13287	Hiwula
13288	Hjalmar
13289	Hjaltalín
13290	Hjelde
13291	Hjertstrand
13292	Hjulmand
13293	Hjulsager
13294	Hjörtur
13295	Hla
13296	Hladký
13297	Hlanti
13298	Hlatshwayo
13299	Hlavatý
13300	Hlistei
13301	Hlompho
13302	Hloušek
13303	Hložek
13304	Hmingthan
13305	Hnepeune
13306	Ho
13307	Hočevar
13308	Ho Gang
13309	Ho Ik
13310	Ho Jae
13311	Ho Jun
13312	Ho Nam
13313	Hołownia
13314	HoIk
13315	HoJun
13316	HoNam
13317	Hoa
13318	Hoani
13319	Hoarau
13320	Hoare
13321	Hoban
13322	Hobbs
13323	Hober
13324	Hobie
13325	Hobson
13326	Hoch
13327	Hochscheidt
13328	Hocine
13329	Hock
13330	Hockenhull
13331	Hodge
13332	Hodges
13333	Hodgson
13334	Hodnik
13335	Hodzic
13336	Hodžić
13337	Hoedemaker
13338	Hoedemakers
13339	Hoedt
13340	Hoekstra
13341	Hoelgebaum Pereira
13342	Hoesen
13343	Hoever
13344	Hofbauer
13345	Hofer
13346	Hoff
13347	Hoffenschnitz
13348	Hoffman
13349	Hoffman Vaz
13350	Hoffmann
13351	Hofman
13352	Hofmann
13353	Hofstetter
13354	Hogan
13355	Hogg
13356	Hohberg
13357	Hoilett
13358	Hojae
13359	Hojun
13360	Hokama
13361	Hokuto
13362	Holden
13363	Holding
13364	Holeš
13365	Holec
13366	Holender
13367	Holgado
13368	Holgate
13369	Holger
13370	Holgersson
13371	Holland
13372	Holland-Wilkinson
13373	Holler
13374	Hollerbach
13375	Hollingshead
13376	Hollman
13377	Holloway
13378	Holly
13379	Holm
13380	Holmberg
13381	Holmen Johansen
13382	Holmes
13383	Holmgren
13384	Holmé
13385	Holmén
13386	Holohan
13387	Holse
13388	Holsgrove
13389	Holst
13390	Holt
13391	Holtmann
13392	Holubek
13393	Holzer
13394	Holzhauser
13395	Holzmann
13396	Holúbek
13397	Holý
13398	Homer
13399	Homero
13400	Homhuan
13401	Homoki
13402	Hompesch
13403	Honciu
13404	Honda
13405	Hondo
13406	Honeyman
13407	Hong
13408	Hong Chul
13409	Hong Gil
13410	Hong Hyeon Seok
13411	Hong Jeong Ho
13412	Hong Jeong Un
13413	Hong Joon Ho
13414	Hong Si Hoo
13415	Hong Sung Wook
13416	Hong Won jin
13417	Hongbo
13418	Honghui
13419	Hongla
13420	Honglin
13421	Honglue
13422	Honi
13423	Honorat
13424	Honsak
13425	Hoo Sung
13426	Hood
13427	Hoogewerf
13428	Hoogma
13429	Hooi
13430	Hoolahan
13431	Hoole
13432	Hoon Sung
13433	Hoop
13434	Hooper
13435	Hoosung
13436	Hope
13437	Hope-Gund
13438	Hopeau
13439	Hopkins
13440	Hopman
13441	Hopmark
13442	Hoppe
13443	Hopper
13444	Hoque
13445	Horșia
13446	Hora
13447	Horațiu
13448	Horacio
13449	Horan
13450	Hordiyenko
13451	Horgan
13452	Horiuchi
13453	Horj
13454	Horkaš
13455	Hormipam
13456	Horn
13457	Horn Myhre
13458	Hornby
13459	Horne
13460	Hornicek
13461	Hornschuh
13462	Horník
13463	Horoshko
13464	Horsfall
13465	Horsia
13466	Hortencio Barbosa
13467	Horton
13468	Horvat
13469	Horvath
13470	Horváth
13471	Horák
13472	Hosam
13473	Hosannah
13474	Hosea
13475	Hosine
13476	Hosiner
13477	Hoskins
13478	Hosoya
13479	Hossain
13480	Hossam
13481	Hossein
13482	Hosseini
13483	Hostikka
13484	Hostnik
13485	Hotaka
13486	Hotaru
13487	Hoti
13488	Hotić
13489	Hotopp
13490	Hotta
13491	Hottmann
13492	Hotto
13493	Hou
13494	Hou S.
13495	Hou Sen
13496	Hou Y.
13497	Hou Yu
13498	Houboulang
13499	Houcine
13500	Houghton
13501	Hountondji
13502	Hourihane
13503	House
13504	Houssam Eddine
13505	Houssem
13506	Houston
13507	Houwen
13508	Hovanesian
13509	Hove
13510	Hovhannes
13511	Hovi
13512	Hovland
13513	Hovnanian
13514	Hovnatanian
13515	Hovorka
13516	Hovsepian
13517	Howard
13518	Howarth
13519	Howe
13520	Howell
13521	Howells
13522	Howie
13523	Howieson
13524	Howladar
13525	Howley
13526	Howson
13527	Hoxha
13528	Hoy
13529	Hoyos
13530	Hradecky
13531	Hrezdac
13532	Hrgota
13533	Hribar
13534	Hristov
13535	Hroššo
13536	Hrošovský
13537	Hromada
13538	Hrosu
13539	Hrovat
13540	Hruška
13541	Hrubý
13542	Hrustić
13543	Hrádecký
13544	Hsu
13545	Htay
13546	Htut
13547	Hu
13548	Hu B.H.
13549	Hu Binhan
13550	Hu H.R.
13551	Hu Haoran
13552	Hu J.H.
13553	Hu J.L.
13554	Hu Jiali
13555	Hu Jinghang
13556	Hu R.B.
13557	Hu R.T.
13558	Hu Rentian
13559	Hu Ruibao
13560	Hu Sh.J.
13561	Hu Shengjia
13562	Hu W.Y.
13563	Hu Xingyu
13564	Huaccha
13565	Huachen
13566	Huamán
13567	Huan
13568	Huanca
13569	Huang
13570	Huang B.W.
13571	Huang Bowen
13572	Huang C.
13573	Huang Chuang
13574	Huang Cong
13575	Huang J.H.
13576	Huang Jiahui
13577	Huang R.F.
13578	Huang Ruifeng
13579	Huang X.Y.
13580	Huang Xiyang
13581	Huang Y.J.
13582	Huang Yijin
13583	Huang Z.CH.
13584	Huang ZH.Y.
13585	Huang Zhengyu
13586	Huang Zichang
13587	Huanhuan
13588	Huapeng
13589	Huard
13590	Huaze
13591	Hubbard
13592	Huber
13593	Hubert
13594	Hubner
13595	Hubínek
13596	Hudson
13597	Hudson-Odoi
13598	Hudson-Wihongi
13599	Hueglo
13600	Huerta
13601	Huescas
13602	Huet
13603	Hug
13604	Huggins
13605	Hugh
13606	Hughes
13607	Hugi
13608	Hugill
13609	Hugo
13610	Hugo Adryan
13611	Hugo Bueno
13612	Hugo Duro
13613	Hugo F.
13614	Hugo Filipe
13615	Hugo Fraile
13616	Hugo G.
13617	Hugo Goiteira
13618	Hugo José
13619	Hugo Leonardo
13620	Hugo Mallo
13621	Hugo Oliveira
13622	Hugo Rama
13623	Hugo Rubiães
13624	Hugo Sotelo
13625	Hugo Sousa
13626	Hugo V.
13627	Hugo Vallejo
13628	Hugo Vieira
13629	Hugues Evrard
13630	Huguet
13631	Hui
13632	Hui J.K.
13633	Hui Jiakang
13634	Huiberts
13635	Huikang
13636	Huisman
13637	Huitema
13638	Huk
13639	Hull
13640	Hulme
13641	Hult
13642	Humanante
13643	Humbatov
13644	Humbert
13645	Humberto
13646	Humbori
13647	Hume
13648	Hummels
13649	Humphrey
13650	Humphreys
13651	Humphreys-Grant
13652	Humphries
13653	Humphrys
13654	Hun
13655	Hun Woo
13656	Hundley
13657	Hung
13658	Hungbo
13659	Hunn
13660	Hunou
13661	Hunt
13662	Hunter
13663	Huntington
13664	Hunziker
13665	Hupe
13666	Hurst
13667	Hurtado
13668	Hurtig
13669	Husain
13670	Husband
13671	Husein
13672	Husen
13673	Huseyin
13674	Huseyn
13675	Huseynov
13676	Husic
13677	Huskovic
13678	Huslen
13679	Huspek
13680	Hussain
13681	Hussein
13682	Hussey
13683	Husson
13684	Hutchinson
13685	Hutchison
13686	Huth
13687	Hutter
13688	Hutton
13689	Huub
13690	Huyghebaert
13691	Huysman
13692	Hvidt
13693	Hwae
13694	Hwang
13695	Hwang ByeongGeun
13696	Hwang Byung Kwon
13697	Hwang Hee Chan
13698	Hwang Hyun Soo
13699	Hwang Mun Ki
13700	Hwang Seok Ho
13701	Hwang Soon Min
13702	Hwang Ui Jo
13703	Hyam
13704	Hybš
13705	Hyde
13706	HyenSeok
13707	Hyeon Beom
13708	Hyeon Joon
13709	Hyeon Mu
13710	Hyeon Seok
13711	Hyeon Soo
13712	Hyeon Woo
13713	HyeonMu
13714	HyeonWoo
13715	Hyeonjoon
13716	Hyka
13717	Hyland
13718	Hyllegaard
13719	Hylton
13720	Hyndman
13721	Hynes
13722	Hysaj
13723	Hysenbelliu
13724	Hysi
13725	Hyuk
13726	Hyun
13727	Hyun Jun
13728	Hyun Ki
13729	Hyun Muk
13730	Hyun Seok
13731	Hyun Soo
13732	Hyun Sung
13733	HyunBeom
13734	HyunSoo
13735	HyunSung
13736	Hyung Min
13737	Hyung Mo
13738	HyungMin
13739	HyungMo
13740	Hà Liên
13741	Hájek
13742	Hákon Arnar
13743	Hátun
13744	Hávar
13745	Hägele
13746	Hägg Johansson
13747	Häggman
13748	Hämäläinen
13749	Händel
13750	Härma
13751	Härtel
13752	Håkansson
13753	Håkon
13754	Håvard
13755	Héber
13756	Héctor
13757	Héctor Bellerín
13758	Héctor Junior
13759	Héctor Rodas
13760	Hélder
13761	Hélder Baldé
13762	Hélder Costa
13763	Hélder Ferreira
13764	Hélder Filipe
13765	Hélder José
13766	Hélder Lopes
13767	Hélder Luís
13768	Hélder Sá
13769	Hélder Tavares
13770	Hélder Wander
13771	Hélio Pereira
13772	Hélton Carvalhal
13773	Hélton Celanova
13774	Hélton Fernando
13775	Hélton Luiz
13776	Héniton Enaldo
13777	Héniton Pires
13778	Hérelle
13779	Héry
13780	Hëzimjan
13781	Hëzimjan Ërpan
13782	Hólmar Örn
13783	Hólmbert Aron
13784	Hórreo Taveras
13785	Höck
13786	Höfler
13787	Höger
13788	Höhn
13789	Höler
13790	Hölzel
13791	Hörberg
13792	Hörður
13793	Høegh
13794	Høgnesen
13795	Høibråten
13796	Høiland
13797	Højbjerg
13798	Højer
13799	Højgaard
13800	Højholt
13801	Højlund
13802	Høllsberg
13803	Høyland
13804	Hübers
13805	Hübner
13806	Hümmet
13807	Hünemeier
13808	Hüsamettin
13809	Hüseyin
13810	Hüsing
13811	Hüther
13812	Hütter
13813	Ișfan
13814	I. Acero
13815	I. Al Harbi
13816	I. Alejo
13817	I. Brizuela
13818	I. Calero
13819	I. Cavaleiro
13820	I. Chapela
13821	I. Dominguez
13822	I. Dos Santos
13823	I. Falque
13824	I. Jeraldino
13825	I. Miquel
13826	I. Pitta
13827	I. Reyes
13828	I. Rodríguez
13829	I. Serrano
13830	I. Sosa
13831	I. Tapia
13832	I. Torres
13833	I. Touray
13834	I. Vazquez
13835	I. Violante
13836	I.Diallo
13837	I.Furu
13838	I.Lekue
13839	I.Mahnashi
13840	I.Martinez
13841	I.Rakitić
13842	I.Rossi
13843	I.Salvador
13844	Işık Kaan
13845	Iabsakul
13846	Iacob
13847	Iacoponi
13848	Iacovitti
13849	Iadthongkam
13850	Iago
13851	Iago Aspas
13852	Iago Azevedo
13853	Iago Falqué
13854	Iago López
13855	Iakovos
13856	Iamam
13857	Ian
13858	Ian González
13859	Ian Soler
13860	Iancu
13861	Iandolo
13862	Ianis
13863	Iannes
13864	Iannucci
13865	Iapichino
13866	Iashvili
13867	Iasmin
13868	Iatroudis
13869	Iauko
13870	Iba
13871	Ibai
13872	Iban Salvador
13873	Ibara
13874	Ibargüen
13875	Ibarra
13876	Ibayashi
13877	Ibañez
13878	Ibañez Barba
13879	Ibañez Da Silva
13880	Ibeagha
13881	Ibeh
13882	Iberico
13883	Ibini
13884	Ibish
13885	Ibnou Ba
13886	Iborra
13887	Iborra de la Fuente
13888	Ibou
13889	Ibra
13890	Ibrahim
13891	Ibrahim M.
13892	Ibrahima
13893	Ibrahima Kebe
13894	Ibrahimagić
13895	Ibrahimi
13896	Ibrahimoglu
13897	Ibrahimov
13898	Ibrahimović
13899	Ibrahimzai
13900	Ibraim
13901	Ibsen Rossi
13902	Ibusuki
13903	Ibán
13904	Ibáñez
13905	Ibáñez Castro
13906	Ibáñez Lumbreras
13907	Icardi
13908	Ichi
13909	Ichigawa
13910	Ichikawa
13911	Ichimi
13912	Ichimori
13913	Ichiro
13914	Ichisake
13915	Ichizo
13916	Idah
13917	Idar
13918	Iddrisu
13919	Ideguchi
13920	Ideho
13921	Idekel
13922	Ideye
13923	Ido
13924	Idris
13925	Idriss
13926	Idrissa
13927	Idrissi
13928	Idriz
13929	Idrizi
13930	Idzes
13931	Iebe
13932	Ienaga
13933	Ieva
13934	Ife
13935	Ifeanyi
13936	Ifill
13937	Ifunanyachi
13938	Igbekeme
13939	Igbinedion
13940	Ighalo
13941	Iglesias
13942	Iglesias Lois
13943	Iglesias Quintas
13944	Iglesias Sánchez
13945	Ignace
13946	Ignacio
13947	Ignacio Agustín
13948	Ignasi
13949	Ignasi Miquel
13950	Ignatius
13951	Ignatov
13952	Ignjovski
13953	Igoh
13954	Igoh Ogbu
13955	Igor
13956	Igor Alberto
13957	Igor Caique
13958	Igor Coronado
13959	Igor Julio
13960	Igor Julião
13961	Igor Madinha
13962	Igor Paolo
13963	Igor Rossi
13964	Igor Silva
13965	Igor de Camargo
13966	Ihan
13967	Ihattaren
13968	Iheanacho
13969	Ihiekwe
13970	Ihlas
13971	Ihor
13972	Ihorst
13973	Ihsan
13974	Iikka
13975	Iikura
13976	Iino
13977	Iita
13978	Ijaz
13979	Ikaika
13980	Ike
13981	Ikeda
13982	Ikel
13983	Ikemoto
13984	Iker
13985	Iker Benito
13986	Iker Bilbao
13987	Iker Losada
13988	Iker Pozo
13989	Iker Recio
13990	Iker Seguín
13991	Iker Unzueta
13992	Ikonomidis
13993	Ikoné
13994	Ikpeazu
13995	Ikuma
13996	Iké
13997	Il Gyu
13998	Il Song
13999	Il Young
14000	Il-Lok
14001	IlGyu
14002	Ilaimaharitra
14003	Ilaix
14004	Ilaix Moriba
14005	Ilan
14006	Ilarion
14007	Ilay
14008	Ilc
14009	Ildız
14010	Ilestedt
14011	Ilhan
14012	Ilić
14013	Iličić
14014	Ilia
14015	Iliano
14016	Ilias
14017	Iliass
14018	Ilic
14019	Ilie
14020	Ilie Sánchez
14021	Iliev
14022	Ilija
14023	Iliman
14024	Ilir
14025	Ilja
14026	Iljutcenko
14027	Ilkay
14028	Illan
14029	Illanes
14030	Illarra
14031	Illarramendi
14032	Illia
14033	Illian
14034	Illok
14035	Illyas
14036	Ilmari
14037	Iloki
14038	Ilombe
14039	Ilori
14040	Iloski
14041	Ilppo
14042	Ilqar
14043	Ilsanker
14044	Ilse
14045	Ilsinho
14046	Ilson
14047	Ilson JR
14048	Ilves
14049	Ilya
14050	Ilyas
14051	Ilyushin
14052	Ilzat
14053	Imad
14054	Imada
14055	Imai
14056	Imam
14057	Imamović
14058	Imanbayeva
14059	Imane
14060	Imanol
14061	Imari
14062	Imaz Ballesté
14063	Imazu
14064	Imbert
14065	Imbrechts
14066	Imbula
14067	Imeda
14068	Imer
14069	Imeri
14070	Imhof
14071	Imka
14072	Immanuel
14073	Immobile
14074	Imomali
14075	Imperiale
14076	Improta
14077	Imran
14078	Imtiaz
14079	Imtiyaz
14080	In Gyu
14081	Ina
14082	Inagaki
14083	Inamdar
14084	Ince
14085	Indacoechea
14086	Indiana
14087	Indra
14088	Indrek
14089	Indrit
14090	Indu
14091	Indy
14092	Ines
14093	Inese
14094	Inessa
14095	Infante
14096	Infantino
14097	Ingason
14098	Ingebrigtsen
14099	Ingelsson
14100	Inger
14101	Ingham
14102	Ingimundarson
14103	Ingle
14104	Inglese
14105	Ingolitsch
14106	Ingolotti
14107	Ingorovka
14108	Ingram
14109	Ingrid
14110	Ingrid Syrstad
14111	Ingrún
14112	Ings
14113	Ingvartsen
14114	Ingves
14115	Ingyu
14116	Iniesta
14117	Iniesta Luján
14118	Iniestra
14119	Inken
14120	Innes
14121	Inniss
14122	Innocent
14123	Inoha
14124	Inoue
14125	Inoussa
14126	Inpi
14127	Insaurralde
14128	Insfrán
14129	Insigne
14130	Insua
14131	Insua Blanco
14132	Insúa
14133	Inukai
14134	Inácio Maia
14135	Inálcio Dutra
14136	Inès
14137	Inés
14138	Inês
14139	Inês Pereira
14140	Ioan
14141	Ioannidis
14142	Ioannis
14143	Ioka
14144	Ion
14145	Iona
14146	Ione
14147	Ionel
14148	Ionescu
14149	Ioniță
14150	Ionita
14151	Ionov
14152	Ionuț
14153	Ionuț Andrei
14154	Ionut
14155	Iorfa
14156	Iorga
14157	Iorgos
14158	Iorgu
14159	Iosefo
14160	Iosif
14161	Iosifov
14162	Ipalibo
14163	Ippei
14164	Ippeys.S
14165	Iqbal
14166	Irakoze
14167	Irandust
14168	Iraneuton Sousa
14169	Irawan
14170	Irazábal
14171	Irazábal Iraurgui
14172	Irbe
14173	Iredale
14174	Irena
14175	Irene
14176	Irene G.
14177	Irene Paredes
14178	Irfan
14179	Irgl
14180	Iribarren
14181	Iribas
14182	Iribas Aliende
14183	Irie
14184	Irina
14185	Iriome
14186	Iris Vieirinha
14187	Iritier
14188	Irma
14189	Irobiso
14190	Iron
14191	Ironside
14192	Irorere
14193	Irrazábal
14194	Irt
14195	Irvin
14196	Irvine
14197	Irving
14198	Irwin
14199	Isa
14200	Isaac
14201	Isaak
14202	Isaakios
14203	Isabel
14204	Isabel Camila
14205	Isabella
14206	Isabella Nicole
14207	Isabelle
14208	Isaby Camila
14209	Isac
14210	Isaia
14211	Isaiah
14212	Isak
14213	Isak Helstad
14214	Isak Rlt
14215	Isakova
14216	Isaksen
14217	Isaksson
14218	Isaías
14219	Isco
14220	Iseguan
14221	Isenia
14222	Isfan
14223	Isgrove
14224	Ishak
14225	Ishan
14226	Ishaq
14227	Isherwood
14228	Ishida
14229	Ishihara
14230	Ishii
14231	Ishikawa
14232	Ishinomori
14233	Ishiro
14234	Ishizu
14235	Ishmael
14236	Ishola
14237	Isi
14238	Isia Jade
14239	Isidio
14240	Isidor
14241	Isidore
14242	Isidoro
14243	Isidro
14244	Isijara
14245	Isimat-Mirin
14246	Isinha Macapá
14247	Iskandar
14248	Iskanderov
14249	Iskra
14250	Islam
14251	Islamović
14252	Islamovic
14253	Isma Ruiz
14254	Ismael
14255	Ismael Casas
14256	Ismail
14257	Ismaila
14258	Ismaily
14259	Ismajli
14260	Ismar
14261	Ismayilov
14262	Ismaël
14263	Ismaël Chester
14264	Ismaïla
14265	Isnairo Reis
14266	Isni
14267	Ispas
14268	Israel
14269	Israel Puerto
14270	Israelsson
14271	Issa
14272	Issac
14273	Issah
14274	Issaka
14275	Issam
14276	Issei
14277	Issiaga
14278	Issouf
14279	Issoufou
14280	Issy Hitman
14281	Istrefi
14282	István
14283	Isuf
14284	Isufaj
14285	Itō
14286	Itahashi
14287	Itaitinga
14288	Itakura
14289	Italiano
14290	Ito
14291	Itou
14292	Itsuki
14293	Itten
14294	Itter
14295	Itu
14296	Itumeleng
14297	Iturbe Encabo
14298	Iturra
14299	Itzel
14300	Iulian
14301	Iuliano Alfaro
14302	Iuliano Wagner
14303	Iuliu
14304	Iuri José
14305	Iuri Medeiros
14306	Iustin
14307	Ivačič
14308	Ivan
14309	Ivan Cavaleiro
14310	Ivan Ricardo
14311	Ivana
14312	Ivana Andrés
14313	Ivanaj
14314	Ivanšek
14315	Ivanek
14316	Ivano
14317	Ivanov
14318	Ivanova
14319	Ivanovic
14320	Ivanušec
14321	Ivar
14322	Iven
14323	Iver
14324	Iversen
14325	Iveta
14326	Ivi
14327	Ivi López
14328	Ivica
14329	Ivkic
14330	Ivo
14331	Ivo Daniel
14332	Ivo Filipe
14333	Ivo Gonçalves
14334	Ivo Pinto
14335	Ivo Rodrigues
14336	Ivo Tiago
14337	Ivor
14338	Iván
14339	Iván Alejo
14340	Iván Azón
14341	Iván Bravo
14342	Iván Calero
14343	Iván Castillo
14344	Iván González
14345	Iván Jaime
14346	Iván Marcone
14347	Iván Martos
14348	Iván Martín
14349	Iván Márquez
14350	Iván R.
14351	Iván Rodríguez
14352	Iván Romero
14353	Iván Serrano
14354	Iván Sánchez
14355	Iván Villar
14356	Iwanami
14357	Iwao
14358	Iwasaki
14359	Iwata
14360	Iwatake
14361	Iwo
14362	Iwobi
14363	Iwona
14364	Iwuchuwku
14365	Iyaas
14366	Iyobosa Edokpolor
14367	Iyoha
14368	Iza
14369	Iza Carcelén
14370	Izaack
14371	Izabela
14372	Izata Pereira
14373	Izetbegovic
14374	Izquierdo
14375	Izquierdo Cuervo
14376	Izquierdo González
14377	Izquierdoz
14378	Izumi
14379	Izzat
14380	Izzo
14381	Izzy
14382	Ié
14383	Iñaki
14384	Iñaki Peña
14385	Iñaki Recio
14386	Iñaki Williams
14387	Iñigo
14388	Iñigo Martínez
14389	Iñigo Orozco
14390	Iñigo Pérez
14391	Iñigo Vicente
14392	Iñiguez
14393	Iñiguez de Heredia
14394	Iñíguez
14395	Jędrzej
14396	Jędrzejczyk
14397	J W Jo
14398	J Williams
14399	J'Neil
14400	J. A. Caro
14401	J. A. Garcia
14402	J. Abella
14403	J. Afonso
14404	J. Aguayo
14405	J. Altamirano
14406	J. Alvarez
14407	J. Amaral
14408	J. Angulo
14409	J. Aniket
14410	J. Aquino
14411	J. Aramburu
14412	J. Arguello
14413	J. Arias
14414	J. Avilés
14415	J. Barco
14416	J. Barrera
14417	J. Bauman
14418	J. Bornstein
14419	J. Briones
14420	J. Brumado
14421	J. Burroughs
14422	J. Caballero
14423	J. Caicedo
14424	J. Calavera
14425	J. Calderon
14426	J. Campaz
14427	J. Campbell
14428	J. Carvallo
14429	J. Chanza
14430	J. Chavez
14431	J. Clarke
14432	J. Cole
14433	J. Colina
14434	J. Correa
14435	J. Cuenca
14436	J. Córdova
14437	J. Delgado
14438	J. Dos Santos
14439	J. Dueñas
14440	J. Duque
14441	J. Esquivel
14442	J. Ferreira
14443	J. Ferreira Santos
14444	J. Flores
14445	J. Fuentes
14446	J. Furch
14447	J. Gallardo
14448	J. Garcia
14449	J. García
14450	J. Gonzalez
14451	J. González
14452	J. Graterol
14453	J. Guasone
14454	J. Gélin
14455	J. Güemez
14456	J. Hermoso
14457	J. Hernández
14458	J. Herrera
14459	J. Hunt
14460	J. I. Dinenno
14461	J. Iglesias
14462	J. Imaz
14463	J. Izquierdo
14464	J. J. Vazquez
14465	J. Jimenez
14466	J. Jiménez
14467	J. Jones
14468	J. Lara
14469	J. Larsson
14470	J. Madueña
14471	J. Marchão
14472	J. Maroof
14473	J. Menendez
14474	J. Meneses
14475	J. Mojica
14476	J. Molina
14477	J. Montaño
14478	J. Morales
14479	J. Moreno
14480	J. Moya
14481	J. Murillo
14482	J. Murray
14483	J. Müller
14484	J. Naranjo
14485	J. Nerwinski
14486	J. Orejuela
14487	J. Ortiz
14488	J. Otero
14489	J. P. Vigón
14490	J. Pajoy
14491	J. Palhinha
14492	J. Patric
14493	J. Patrick
14494	J. Perlaza
14495	J. Pucheta
14496	J. Quiñones
14497	J. Quiñonez
14498	J. Quiñónez
14499	J. Ramirez
14500	J. Ramsey
14501	J. Rane
14502	J. Rios
14503	J. Rivas
14504	J. Robinson
14505	J. Rodríguez
14506	J. Rojas
14507	J. Sanchez
14508	J. Santacruz
14509	J. Sastre
14510	J. Schmidt
14511	J. Segovia
14512	J. Silva
14513	J. Sosa
14514	J. Suárez
14515	J. Sánchez
14516	J. Tagueu
14517	J. Taylor
14518	J. Timber
14519	J. Torres
14520	J. Trindade
14521	J. Urretaviscaya
14522	J. Vargas
14523	J. Veerman
14524	J. Verdugo
14525	J. Vigário
14526	J. Virginia
14527	J. Vázquez
14528	J. Wallace
14529	J. Williams
14530	J. Wright
14531	J. Zanetti
14532	J. Zevallos
14533	J. Álvez
14534	J.Ayew
14535	J.Berrocal
14536	J.Brown
14537	J.Costa
14538	J.David
14539	J.Fontán
14540	J.G. Campaña
14541	J.Gaspar
14542	J.Horn
14543	J.Ikone
14544	J.Jiménez
14545	J.Kitolano
14546	J.Koundé
14547	J.L. Rodríguez
14548	J.Lindgren
14549	J.M. Giménez
14550	J.Martin
14551	J.Moutinho
14552	J.Mário
14553	J.Navas
14554	J.Ontiveros
14555	J.Otto
14556	J.Pulido
14557	J.Recalde
14558	J.Salas
14559	J.Señé
14560	J.Weigl
14561	J.Zavala
14562	JS Babin
14563	JT
14564	Ja Ryong
14565	Ja Woong
14566	JaRyong
14567	Jaagup
14568	Jaakko
14569	Jaakkola
14570	Jaan
14571	Jaaskelainen
14572	Jaatinen
14573	Jabłoński
14574	Jabari
14575	Jabbari
14576	Jaber
14577	Jabor
14578	Jabrail
14579	Jabrailov
14580	Jabu
14581	Jabula
14582	Jaby
14583	Jacek
14584	Jach
14585	Jacinto
14586	Jack
14587	Jack Michel
14588	Jacki
14589	Jackichand
14590	Jackie
14591	Jackson
14592	Jackson Crusso
14593	Jackson João
14594	Jacob
14595	Jacob Barrett
14596	Jacob Widell
14597	Jacobs
14598	Jacobsen
14599	Jacobson
14600	Jacopo
14601	Jacori
14602	Jacot
14603	Jacovic
14604	Jacqueline
14605	Jacquemin
14606	Jacques
14607	Jacquet
14608	Jacquot
14609	Jacson João
14610	Jacson Zonta
14611	Jadav
14612	Jade
14613	Jadej
14614	Jaden
14615	Jadenilson Baia
14616	Jadenilson Nuno
14617	Jadhav
14618	Jadngulueam
14619	Jadon
14620	Jadsinho Mei
14621	Jadson
14622	Jadson Castrelo
14623	Jadson José
14624	Jadson Vidigal
14625	Jadun
14626	Jadwiga
14627	Jae Beom
14628	Jae Kyung
14629	Jae Moon
14630	Jae Suk
14631	Jae Sung
14632	Jae Uk
14633	Jae Wan
14634	Jae Won
14635	Jae Woo
14636	Jae Yong
14637	Jae won
14638	JaeMoon
14639	JaeSuk
14640	JaeWan
14641	JaeWon
14642	JaeWoo
14643	JaeYong
14644	Jaebeom
14645	Jaeckel
14646	Jaekyung
14647	Jaeschke
14648	Jaeuk
14649	Jaewoo
14650	Jafar
14651	Jafarov
14652	Jagadis
14653	Jagadish
14654	Jagannath
14655	Jagatjiva
14656	Jagdish
14657	Jager
14658	Jaggi
14659	Jagiełło
14660	Jagiello
14661	Jagne
14662	Jagoš
14663	Jagtap
14664	Jaguraga
14665	Jagvir
14666	Jahan
14667	Jahanbakhsh
14668	Jahaziel
14669	Jaheim
14670	Jahfali
14671	Jahid
14672	Jahkeele
14673	Jahmari
14674	Jahoda
14675	Jahouh
14676	Jahović
14677	Jai
14678	Jaiber
14679	Jaidon
14680	Jailson Caeiro
14681	Jailson Michel
14682	Jailson Oliva
14683	Jailson Pietro
14684	Jaim Abra
14685	Jaime
14686	Jaime Frederico
14687	Jaime Pajuelo
14688	Jaime Santos
14689	Jaime Seoane
14690	Jaime Tomás
14691	Jaimosa Cavaco
14692	Jaimy
14693	Jain
14694	Jair
14695	Jair Amador
14696	Jair JR
14697	Jairo
14698	Jairo Farnias
14699	Jairo Ralph
14700	Jairu
14701	Jairão Zezé
14702	Jaiswal
14703	Jaiteh
14704	Jaiyesimi
14705	Jaja
14706	Jajalo
14707	Jak
14708	Jaka
14709	Jakac
14710	Jake
14711	Jakelj
14712	Jakić
14713	Jakob
14714	Jakobi
14715	Jakobs
14716	Jakobsen
14717	Jakobsson
14718	Jakov
14719	Jakub
14720	Jakubech
14721	Jakubiak
14722	Jakubik
14723	Jakupi
14724	Jakupović
14725	Jakóbowski
14726	Jaldín
14727	Jalen
14728	Jalil
14729	Jallow
14730	Jalmari
14731	Jaloliddin
14732	Jalving
14733	Jamaal
14734	Jamadar
14735	Jamal
14736	Jambor
14737	Jameel
14738	James
14739	James I.
14740	James-Wildin
14741	Jameson
14742	Jamet
14743	Jami
14744	Jamie
14745	Jamieson
14746	Jamil
14747	Jamille
14748	Jamilu
14749	Jaminton
14750	Jamiro Gregory
14751	Jamiro Monteiro
14752	Jamshid
14753	Jamuana
14754	Jamuna
14755	Jan
14756	Jan Hendrik
14757	Jan Niklas
14758	Jan Paul
14759	Jan-Christoph
14760	Jan-Erik
14761	Jan-Luca
14762	Jan-Pieter
14763	Jana
14764	Janaki
14765	Janasik
14766	Jandinha Kenedy
14767	Jandir Breno
14768	Jandosov
14769	Jandrei
14770	Jane
14771	Janek
14772	Janelly
14773	Janelt
14774	Janevski
14775	Janez
14776	Jang
14777	Jang Dong Chan
14778	Jang Ho Ik
14779	Jang Hyeon Soo
14780	Jang Seong Won
14781	Janga
14782	Jani
14783	Janice
14784	Janicki
14785	Janik
14786	Janin
14787	Janina
14788	Janine
14789	Janio Bikel
14790	Janis
14791	Janitha
14792	Janjetović
14793	Janjetovic
14794	Janjičić
14795	Jankauskas
14796	Jankauskienė
14797	Jankewitz
14798	Janko
14799	Janković
14800	Jankowska
14801	Jankowski
14802	Jankto
14803	Jann
14804	Jann-Fiete
14805	Janne
14806	Janneh
14807	Jannes
14808	Janni
14809	Jannick
14810	Jannik
14811	Jannis
14812	Jano
14813	Janošek
14814	Janošević
14815	Janogy
14816	Janoi
14817	Janpierr
14818	Jans
14819	Jansen
14820	Janson
14821	Jansons
14822	Janssen
14823	Janssens
14824	Jansson
14825	Jantscher
14826	Jantschke
14827	Janusz
14828	Januzaj
14829	Janvier
14830	Janža
14831	Jaona
14832	Jaouen
14833	Japhet
14834	Japhet Sery
14835	Jaquité
14836	Jara
14837	Jara Rodrigues
14838	Jaramillo
14839	Jardim
14840	Jardine
14841	Jared
14842	Jaritz
14843	Jarjué
14844	Jarkko
14845	Jarl
14846	Jarlan
14847	Jarlín
14848	Jarne
14849	Jarno
14850	Jaroš
14851	Jarosław
14852	Jaroslav
14853	Jarosz
14854	Jaroszyński
14855	Jarrad
14856	Jarrod
14857	Jarstein
14858	Jarvela
14859	Jarvis
14860	Jasham
14861	Jashari
14862	Jasic
14863	Jasin
14864	Jasmin
14865	Jason
14866	Jasper
14867	Jasper Redela
14868	Jasse
14869	Jasson
14870	Jastrzembski
14871	Jasur
14872	Jaswinder
14873	Jatta
14874	Jatvarður
14875	Jaume
14876	Jaume Albert
14877	Jaume Costa
14878	Jaume Cuéllar
14879	Jaume Grau
14880	Jaume Vicent
14881	Jaushua
14882	Javain
14883	Javairô
14884	Javi
14885	Javi Alonso
14886	Javi Báez
14887	Javi Castro
14888	Javi Cueto
14889	Javi Díaz
14890	Javi Galán
14891	Javi García
14892	Javi Gómez
14893	Javi H.
14894	Javi Hdez
14895	Javi Hernández
14896	Javi Jiménez
14897	Javi Lara
14898	Javi López
14899	Javi Martínez
14900	Javi Mier
14901	Javi Muñoz
14902	Javi Pérez
14903	Javi Ros
14904	Javi Rubio
14905	Javi Serrano
14906	Javi Sánchez
14907	Javi Vázquez
14908	Javier
14909	Javier Ajenjo
14910	Javier Enrique
14911	Javier Izquierdo
14912	Javier María
14913	Jawad
14914	Jawara
14915	Jawhar
14916	Jaworski
14917	Jaxon
14918	Jaxx
14919	Jay
14920	Jay-Dee
14921	Jay-Jay
14922	Jay-Roy
14923	Jaya
14924	Jayadi
14925	Jayamma
14926	Jayanti
14927	Jayashri
14928	Jayasuriya
14929	Jayawardene
14930	Jayden
14931	Jayesh
14932	Jayewardene
14933	Jaylin
14934	Jayson
14935	Jaze
14936	Jazmine
14937	Jaílson
14938	Jaïro
14939	Je Min
14940	JeMin
14941	Jeacock
14942	Jeahze
14943	Jeakson
14944	Jean
14945	Jean Carlos
14946	Jean Evrard
14947	Jean Franco
14948	Jean Lambert
14949	Jean Lucas
14950	Jean Michaël
14951	Jean Patric
14952	Jean Paul
14953	Jean Paulo
14954	Jean-Aniel
14955	Jean-Armel
14956	Jean-Charles
14957	Jean-Clair
14958	Jean-Claude
14959	Jean-Daniel
14960	Jean-David
14961	Jean-Eudes
14962	Jean-Kévin
14963	Jean-Louis
14964	Jean-Luc
14965	Jean-Manuel
14966	Jean-Michel
14967	Jean-Pascal
14968	Jean-Paul
14969	Jean-Philippe
14970	Jean-Pierre
14971	Jean-Ricner
14972	Jean-Sylvain
14973	Jean-Victor
14974	Jeando
14975	Jeanne
14976	Jeanneret
14977	Jeannin
14978	Jeannot
14979	Jeanvier
14980	Jebali
14981	Jebbison
14982	Jed
14983	Jeder
14984	Jedvaj
14985	Jeferson
14986	Jeferson Silva
14987	Jefersson
14988	Jeff
14989	Jeff Nazario
14990	Jefferies
14991	Jefferson
14992	Jefferson F.
14993	Jefferson Jr.
14994	Jefferson Yuri
14995	Jeffery
14996	Jeffmeirson
14997	Jeffrey
14998	Jefté
14999	Jegal
15000	Jegal Je Min
15001	Jehad
15002	Jeickson
15003	Jeison
15004	Jeisson
15005	Jeizon
15006	Jekaterina
15007	Jelacic
15008	Jelani Reshaun
15009	Jelavić
15010	Jele
15011	Jelen
15012	Jelena
15013	Jelle
15014	Jelínek
15015	Jemal
15016	Jena
15017	Jenciragic
15018	Jendrusch
15019	Jenkins
15020	Jenkinson
15021	Jenks
15022	Jenna
15023	Jenni Hermoso
15024	Jennifer
15025	Jennings
15026	Jens
15027	Jens Jakob
15028	Jens Martin
15029	Jens Petter
15030	Jens Stryger
15031	Jens-Lys
15032	Jensen
15033	Jensen-Abbew
15034	Jenson
15035	Jenssen
15036	Jenz
15037	Jeon
15038	Jeon Jung Ho
15039	Jeon Min Gwang
15040	Jeon Se Jin
15041	Jeon Seung Min
15042	Jeon Sung Soo
15043	Jeong
15044	Jeong Chi In
15045	Jeong Chung Geun
15046	Jeong Dong Ho
15047	Jeong Han Min
15048	Jeong Ho
15049	Jeong Hyeop
15050	Jeong Hyuk
15051	Jeong Jae Yong
15052	Jeong Ji Yong
15053	Jeong Myeong Jae
15054	Jeong Seung Won
15055	Jeong Soo
15056	Jeong Su
15057	Jeong Tae Wook
15058	Jeong Un
15059	Jeong Woo Jae
15060	Jeong Woo Yeong
15061	Jeong Woon
15062	JeongHo
15063	JeongHyeop
15064	JeongUn
15065	Jeongsu
15066	Jephcott
15067	Jeppe
15068	Jeppe Arctander
15069	Jeppesen
15070	Jepsen
15071	Jeraldino
15072	Jerdy
15073	Jere
15074	Jerell
15075	Jeremain
15076	Jeremejeff
15077	Jeremi
15078	Jeremiah
15079	Jeremias
15080	Jeremie
15081	Jeremy
15082	Jeremías Conan
15083	Jeriel
15084	Jerkan
15085	Jermain
15086	Jermaine
15087	Jeroen
15088	Jerome
15089	Jeron
15090	Jeronimo
15091	Jeronimo R.
15092	Jerry
15093	Jerson
15094	Jersson
15095	Jerzy
15096	Jerónimo
15097	Jerónimo Sequeira
15098	Jesgarzewski
15099	Jesiel
15100	Jesper
15101	Jesper Bergset
15102	Jespersen
15103	Jesse
15104	Jesse Z.
15105	Jesse.S
15106	Jessel
15107	Jessen
15108	Jessic
15109	Jessica
15110	Jessie
15111	Jessop
15112	Jessy
15113	Jessy Pi
15114	Jessé Ferdeira
15115	Jessé Jonas
15116	Jessé Ledeiro
15117	Jessé Martin
15118	Jesuraj
15119	Jesurun
15120	Jesus
15121	Jesus Andradaldo
15122	Jesus Carvalho
15123	Jesus Fabrício
15124	Jesé
15125	Jesús
15126	Jesús Bueno
15127	Jesús Daniel
15128	Jesús Gilberto
15129	Jesús Imaz
15130	Jesús Jiménez
15131	Jesús Joaquín
15132	Jesús Navas
15133	Jesús Ruiz
15134	Jesús Vázquez
15135	Jet
15136	Jeta
15137	Jethro
15138	Jetmir
15139	Jeton
15140	Jevani
15141	Jevtović
15142	Jewitt-White
15143	Jeyhun
15144	Jeyson
15145	Jež
15146	Jha
15147	Jhala
15148	Jhilmar
15149	Jhingan
15150	Jhoanner
15151	Jhohan
15152	Jhojan
15153	Jholvis
15154	Jhon
15155	Jhon Freddy
15156	Jhonatan
15157	Jhonder
15158	Jhondly
15159	Jhonny
15160	Jhory
15161	Ji
15162	Ji Dong Won
15163	Ji Hoon
15164	Ji Hu
15165	Ji Hun
15166	Ji Hyun
15167	Ji Moog
15168	Ji Sung
15169	Ji Ui Su
15170	Ji X.
15171	Ji X.X
15172	Ji Xiang
15173	Ji Xiaoxuan
15174	Ji Yong
15175	Ji-woo
15176	JiHoon
15177	JiYong
15178	Jiří
15179	Jia
15180	Jia B.Y.
15181	Jia Boyan
15182	Jia F.F.
15183	Jia Feifan
15184	Jiabao
15185	Jiahao
15186	Jiahui
15187	Jiajun
15188	Jiakang
15189	Jiali
15190	Jiamin
15191	Jian
15192	Jianbo
15193	Jianfei
15194	Jiang
15195	Jiang G.T.
15196	Jiang Guangtai
15197	Jiang J.H.
15198	Jiang Jihong
15199	Jiang SH.L.
15200	Jiang Shenglong
15201	Jiang W.H.
15202	Jiang W.J.
15203	Jiang W.P.
15204	Jiang Weipeng
15205	Jiang Wenhao
15206	Jiang Wenjun
15207	Jiang ZH.P.
15208	Jiang Zh.
15209	Jiang Zhe
15210	Jiang Zhipeng
15211	Jianguo
15212	Jianrong
15213	Jiaqi
15214	Jiarun
15215	Jiashen
15216	Jiawei
15217	Jiaxing
15218	Jiaxuan
15219	Jiayue
15220	Jibril
15221	Jie
15222	Jiegei
15223	Jihong
15224	Jihun
15225	Jihyun
15226	Jijan
15227	Jill
15228	Jiloan
15229	Jim
15230	Jim Morrison
15231	Jimena
15232	Jimenez
15233	Jimi
15234	Jimmy
15235	Jiménez
15236	Jiménez Benítez
15237	Jiménez Delgado
15238	Jiménez Gago
15239	Jiménez Gallego
15240	Jiménez Guerrero
15241	Jiménez Jarque
15242	Jiménez López
15243	Jiménez Melero
15244	Jiménez Moreno
15245	Jiménez Núñez
15246	Jiménez Silva
15247	Jiménez Tejada
15248	Jin
15249	Jin Beom
15250	Jin Ho
15251	Jin Hyeon
15252	Jin Hyuk
15253	Jin Hyun
15254	Jin Hyung
15255	Jin J.D.
15256	Jin Jingdao
15257	Jin P.X.
15258	Jin Pengxiang
15259	Jin Q.
15260	Jin Qiang
15261	Jin Seong
15262	Jin Seong Wook
15263	Jin Su
15264	Jin Sung
15265	Jin T.Y.
15266	Jin Taek
15267	Jin Taiyan
15268	Jin Woo
15269	Jin Y.Y.
15270	Jin Ya
15271	Jin Yangyang
15272	Jin Yong
15273	JinBeom
15274	JinHo
15275	JinHyeon
15276	JinHyuk
15277	JinHyun
15278	JinHyung
15279	JinSeong
15280	JinSu
15281	JinWoo
15282	JinYa
15283	Jinbao
15284	Jindřich
15285	Jing
15286	Jingdao
15287	Jinghang
15288	Jingqi
15289	Jingxuan
15290	Jinhao
15291	Jinliang
15292	Jinshuai
15293	Jinsopa
15294	Jinsung
15295	Jinxian
15296	Jinyong
15297	Jiong
15298	Jirka
15299	Jiro
15300	Jisung
15301	Jitendra
15302	Jitu
15303	Jiu-ling
15304	Jno-Baptiste
15305	Jo
15306	Jo Hyeon Woo
15307	Jo Inge
15308	Jo Jin Woo
15309	Jo Sung Jin
15310	Jo Sung Joon
15311	Joachim
15312	Joackim Olsen
15313	Joakim
15314	Joakim Våge
15315	Joan
15316	Joan Femenías
15317	Joan García
15318	Joan García Bauzà
15319	Joan Jordán
15320	Joan Sastre
15321	Joana
15322	Joana Carolina
15323	Joana Filipa
15324	Joana Marchão
15325	Joanna
15326	Joanne
15327	Joao
15328	Joao Mjt
15329	Joao Pedro
15330	Joaquim
15331	Joaquim Manuel
15332	Joaquin P.
15333	Joaquín
15334	Joaquín F.
15335	Joaquín José
15336	Joardar
15337	Joazhiño
15338	Joško
15339	Job
15340	Jobby
15341	Jobe
15342	Jobello
15343	Jobert
15344	Jobson
15345	Joby Jr
15346	Joceline
15347	Jocelyn
15348	Jocú
15349	Jodłowiec
15350	Jodel
15351	Jodi
15352	Jody
15353	Joe
15354	Joel
15355	Joel António
15356	Joel Chima
15357	Joel López
15358	Joel Obi
15359	Joel Pereira
15360	Joel Robles
15361	Joel Sousa
15362	Joelinton
15363	Joeliton
15364	Joelle
15365	Joelson
15366	Joelson Augusto
15367	Joelson Fernandes
15368	Joensen
15369	Joep
15370	Joevin
15371	Joey
15372	Joffrey
15373	Jofre
15374	Jofre Carreras
15375	Jogo
15376	Johan
15377	Johan Arath
15378	Johan V.
15379	Johann
15380	Johanna
15381	Johannes
15382	Johannesen
15383	Johannessen
15384	Johannsson
15385	Johansen
15386	Johansson
15387	Johel
15388	Joher Khadim
15389	John
15390	John Anderson
15391	John C.
15392	John Chetauya
15393	John Donald
15394	John Mary
15395	John Michael
15396	John Patrick
15397	John Peter
15398	John-Jules
15399	John-Patrick
15400	Johnathan
15401	Johnen
15402	Johnny
15403	Johnsen
15404	Johnson
15405	Johnsson
15406	Johnston
15407	Johnstone
15408	Johny
15409	Joia Rodrigues
15410	Joiner
15411	Joiser
15412	Jojo
15413	Jokelainen
15414	Jokin
15415	Jokinen
15416	Jolanta
15417	Jolien
15418	Jolivet
15419	Jolley
15420	Joly
15421	Jomaine
15422	Jomar
15423	Jome
15424	Jomo
15425	Jon
15426	Jon Ander
15427	Jon Bautista
15428	Jon Inge
15429	Jon Morcillo
15430	Jona
15431	Jonah
15432	Jonaldo Kauã
15433	Jonaldo Monteiro
15434	Jonaldo Santoso
15435	Jonas
15436	Jonas Damasto
15437	Jonas Welson
15438	Jonassen
15439	Jonasson
15440	Jonatan
15441	Jonatan Tollås
15442	Jonathan
15443	Jonathan De Amo
15444	Jonathan Viera
15445	Jonckheere
15446	Jone
15447	Jones
15448	Jong Beom
15449	Jong Eun
15450	Jong Gyu
15451	Jong Hoan
15452	Jong Hoon
15453	Jong Soo
15454	Jong Sung
15455	Jong Tae
15456	Jong Woo
15457	Jong Wook
15458	Jong-min
15459	JongEun
15460	JongGyu
15461	JongHoan
15462	JongHoon
15463	JongSung
15464	JongWoo
15465	JongWook
15466	Jongbeom
15467	Jongtae
15468	Jongte
15469	Joni
15470	Joni Montiel
15471	Jonjić
15472	Jonjic
15473	Jonjo
15474	Jonjoe
15475	Jonker
15476	Jonna
15477	Jonny
15478	Jonson
15479	Jonsson
15480	Jony
15481	Jony Alamo
15482	Jony Allison
15483	Jony Reitosa
15484	Jony Álamo
15485	Jonás
15486	Joo
15487	Joo Ho
15488	Joo Hwan
15489	Joo Min Kyu
15490	Joo Won
15491	JooHo
15492	JooHwan
15493	Joon Beom
15494	Joon Ho
15495	Joon Hyeong
15496	Joon Kang
15497	Joon Suk
15498	Joon Yong
15499	JoonBeom
15500	JoonHo
15501	JoonHyeong
15502	JoonSuk
15503	Joona
15504	Joonyong
15505	Joost
15506	Jooste
15507	Joosten
15508	Jope
15509	Jopek
15510	Jorbert
15511	Jordan
15512	Jordano
15513	Jordi
15514	Jordi Alba
15515	Jordi Amat
15516	Jordi Calavera
15517	Jordi Escobar
15518	Jordi Masip
15519	Jordi Mboula
15520	Jordi Quintillà
15521	Jordon
15522	Jordy
15523	Jordyn
15524	Jordán
15525	Jordán Moreno
15526	Jordão
15527	Joren
15528	Jores
15529	Jorge
15530	Jorge Aguirre
15531	Jorge Alejandro
15532	Jorge Antonio
15533	Jorge Chanza
15534	Jorge Cuenca
15535	Jorge Djaniny
15536	Jorge Enrique
15537	Jorge F.
15538	Jorge Felix
15539	Jorge Fernandes
15540	Jorge Fernando
15541	Jorge Filipe
15542	Jorge Félix
15543	Jorge Marcos
15544	Jorge Meré
15545	Jorge Mier
15546	Jorge Miguel
15547	Jorge Miramón
15548	Jorge Molina
15549	Jorge Ortiz
15550	Jorge Padilla
15551	Jorge Pietro
15552	Jorge Pombo
15553	Jorge Praceira
15554	Jorge Renato
15555	Jorge Silva
15556	Jorge Sáenz
15557	Jorge Teixeira
15558	Jorgens de Menezes
15559	Jorginho
15560	Jorginhson
15561	Jorgino Baumer
15562	Jorgino Kaio
15563	Jorgino Silas
15564	Jorgé
15565	Joris
15566	Jorj
15567	Jorman
15568	Jorman C.
15569	Jorn
15570	Joronen
15571	Jorrit
15572	Jorès
15573	Jos
15574	Josan
15575	Joscha
15576	Jose
15577	Jose Arnaiz
15578	Jose Guillermo
15579	Jose Luís
15580	Jose Mari
15581	Joseba
15582	Josecarlos
15583	Josef
15584	Josef Brian
15585	Joselu
15586	Joselu Guerra
15587	Josema
15588	Josemi Castañeda
15589	Josep
15590	Josep Martínez
15591	Josep María
15592	Josep Señé
15593	Joseph
15594	Joseph-Claude
15595	Josephine
15596	Josete Miranda
15597	Josh
15598	Josha
15599	Joshi
15600	Joshua
15601	Joshua Eduardo
15602	Joshuando Sá
15603	Joshué
15604	Josi
15605	Josip
15606	Jospin
15607	Joss
15608	Jostein
15609	Josu
15610	Josua
15611	Josuha
15612	Josué
15613	Josué Chiamulera
15614	Josué Durval
15615	Josué Filipe
15616	Josué Junior
15617	Josué Limberth
15618	Josué da Feira
15619	José
15620	José Aamet
15621	José Alejandro
15622	José Alfonso
15623	José Alfredo
15624	José Amo
15625	José Andrés
15626	José Antonio
15627	José Ariel
15628	José Arnáiz
15629	José Artur
15630	José Aurelio
15631	José Callejón
15632	José Carlos
15633	José Crespo
15634	José Diogo
15635	José Edgar
15636	José Eduardo
15637	José Elber
15638	José Emerson
15639	José Fonte
15640	José Fontán
15641	José Francisco
15642	José Gragera
15643	José Guadalupe
15644	José Henrique
15645	José Ignacio
15646	José Ivan
15647	José Joaquín
15648	José Juan
15649	José Lara
15650	José León
15651	José Luis
15652	José Luís
15653	José Machín
15654	José Manuel
15655	José Mari
15656	José María
15657	José Meteo
15658	José Miguel
15659	José Mirazar
15660	José Ndong
15661	José Oliveira
15662	José Paulo
15663	José Pedro
15664	José Pozo
15665	José Rafael
15666	José Raúl
15667	José Rivaldo
15668	José Roberto
15669	José Rogério
15670	José Suárez
15671	José Sá
15672	José Uilton
15673	José Urbina
15674	José Val
15675	José Vitor
15676	José da Silva
15677	José de Jesús
15678	José Ángel
15679	Jota
15680	Jota Gonçalves
15681	Joubert
15682	Jourda
15683	Jourdain
15684	Jourdan
15685	Jovan
15686	Jovana
15687	Jovane
15688	Jovane Cabral
15689	Jovane Eduardo
15690	Jovanie
15691	Jovanny
15692	Jovanović
15693	Joveljić
15694	Jovetić
15695	Jović
15696	Jovicic
15697	Jové Balero
15698	Jown
15699	Joyce
15700	Jozabed
15701	Jozo
15702	Jozy
15703	João
15704	João Afonso
15705	João Amaral
15706	João António
15707	João Basso
15708	João Bruinheira
15709	João Caiado
15710	João Cancelo
15711	João Carlos
15712	João Carvalho
15713	João Costa
15714	João Diogo
15715	João Fabrício
15716	João Felipe
15717	João Ferreira
15718	João Filipe
15719	João Félix
15720	João Gamboa
15721	João Gervásio
15722	João Gonçalves
15723	João José
15724	João Manuel
15725	João Maria
15726	João Miguel
15727	João Monteiro
15728	João Moutinho
15729	João Mário
15730	João Neto
15731	João Novais
15732	João Othávio
15733	João Paulo
15734	João Pedro
15735	João Queirós
15736	João Ricardo
15737	João Roberto
15738	João Rodolfo
15739	João Schmidt
15740	João Silva
15741	João Talocha
15742	João Teixeira
15743	João Victor
15744	João Vigário
15745	João Virgínia
15746	Joãozinho
15747	Joël
15748	Joël Monteiro
15749	Joëlle
15750	Jr. Morais
15751	Jr. Urso
15752	Jr.Caiçara
15753	Ju
15754	Ju An
15755	Ju Hwan
15756	Ju Kong
15757	Ju Se Jong
15758	Ju Yong
15759	Ju yeop
15760	JuAn
15761	JuKong
15762	JuYong
15763	Juan
15764	Juan Alano
15765	Juan Antonio
15766	Juan Bautista
15767	Juan Bernat
15768	Juan Cala
15769	Juan Camilo
15770	Juan Carlos
15771	Juan Cruz
15772	Juan David
15773	Juan Diego
15774	Juan Eduardo
15775	Juan Everton
15776	Juan Fernando
15777	Juan Ferney
15778	Juan Francisco
15779	Juan Gabriel
15780	Juan Hernández
15781	Juan Ibiza
15782	Juan Iglesias
15783	Juan Ignacio
15784	Juan José
15785	Juan Llambrich
15786	Juan Luis
15787	Juan Manuel
15788	Juan Martín
15789	Juan Mata
15790	Juan Matheus
15791	Juan Miguel
15792	Juan Muñoz
15793	Juan Pablo
15794	Juan Pedro
15795	Juan Pérez
15796	Juan Ramírez
15797	Juan Sebastián
15798	Juan Soriano
15799	Juan Villar
15800	Juan de Dios
15801	Juanan
15802	Juande
15803	Juanfran
15804	Juanfran L.D.
15805	Juanid
15806	Juanjo Nieto
15807	Juankar
15808	Juanlu
15809	Juanlu Sánchez
15810	Juanma
15811	Juanma Bravo
15812	Juanma García
15813	Juanmi
15814	Juanpe
15815	Juanpe RL
15816	Jubal
15817	Jubal Rocha
15818	Jubril
15819	Jucie Lupeta
15820	Jude
15821	Judge
15822	Judilson Mamadu
15823	Judsel
15824	Judson
15825	Juel
15826	Juelsgård
15827	Jugas
15828	Juha
15829	Juhan
15830	Juhani
15831	Juhl
15832	Juho
15833	Juhwan
15834	Juhász
15835	Juiano Mestres
15836	Jukić
15837	Jukic
15838	Jukka
15839	Juklerød
15840	Juku
15841	Jule
15842	Julen
15843	Jules
15844	Jules-Anthony
15845	Juli Freitinho
15846	Juli Piresinho
15847	Julia
15848	Julian
15849	Julian Faye
15850	Juliana
15851	Juliana Zoe
15852	Juliano Mascarinhas
15853	Juliano Wagner
15854	Juliš
15855	Julie
15856	Julien
15857	Juliette
15858	Julininha Ruiz
15859	Julio
15860	Julio César
15861	Julio G.
15862	Julio José
15863	Julio Leonardo
15864	Julio Martínez
15865	Julius
15866	Julián
15867	Julián Javier
15868	Julião Morrinhos
15869	Jullien
15870	Jully Mutto
15871	July
15872	Juma
15873	Jun
15874	Jun Ho
15875	Jun Seok
15876	Jun Yub
15877	JunKang
15878	JunYub
15879	Junchen
15880	Juncà
15881	Juncà Reñé
15882	Junel
15883	Jung
15884	Jung Bin
15885	Jung Ho
15886	Jung Hoon Sung
15887	Jung Hyeon Woo
15888	Jung Min
15889	Jung Min Woo
15890	Jung Moon
15891	Jung S R
15892	Jung San
15893	Jung Sang Bin
15894	Jung Seok Hwa
15895	Jung Sung Ryong
15896	Jung Won
15897	Jung Woo
15898	JungMoon
15899	Jungbauer
15900	Jungbin
15901	Jungho
15902	Jungmin
15903	Jungwirth
15904	Jungwon
15905	Junhan
15906	Junho
15907	Juninho
15908	Juninho Rocha
15909	Junior
15910	Junior Fabrice
15911	Junior Firpo
15912	Junior Messias
15913	Junior Pius
15914	Junior Quitirna
15915	Junior R.
15916	Junjian
15917	Junker
15918	Junling
15919	Junmin
15920	Junqua
15921	Junqueira Gonçalves
15922	Junqueira de Jesus
15923	Junqueiras Couto
15924	Junqueiras Duarte
15925	Junshuai
15926	Junuzović
15927	Junwei
15928	Junxian
15929	Junya
15930	Junzhe
15931	Jurado
15932	Juraj
15933	Juranović
15934	Jurcher
15935	Jure
15936	Jurgen
15937	Jurić
15938	Juric
15939	Jurica
15940	Juricić
15941	Juris
15942	Juriën
15943	Jurkovskis
15944	Jurman
15945	Jurriën
15946	Jurrjens
15947	Just
15948	Justen
15949	Justice
15950	Justien
15951	Justin
15952	Justinas
15953	Justine
15954	Justiniano
15955	Justo
15956	Justus
15957	Justvan
15958	Justyna
15959	Jusuf
15960	Jusufi
15961	Jutkiewicz
15962	Jutrić
15963	Juvan
15964	Juvenal
15965	Juwara
15966	Juyeop
15967	Juárez
15968	Jyoti
15969	Jyrgal
15970	Jáchym
15971	Jácome da Silva
15972	Jáder
15973	Jája Silva
15974	Ján
15975	János
15976	Jäger
15977	Jäkel
15978	Jänicke
15979	Järvi
15980	Järvinen
15981	Jääskeläinen
15982	Jérémie
15983	Jérémy
15984	Jérémy Mellot
15985	Jérôme
15986	Jéssica
15987	Jéssica Silva
15988	Jímer
15989	Jóhann Berg
15990	Jóhannesson
15991	Jóhannis
15992	Jóhannsson
15993	Jóhansen
15994	Jójó
15995	Jón Dagur
15996	Jón Daði
15997	Jón Guðni
15998	Jónsson
15999	Jóźwiak
16000	Jökull
16001	Jönsson
16002	Jörg
16003	Jörgensen
16004	Jörn
16005	Jønsson
16006	Jørgen
16007	Jørgen Kili
16008	Jørgen Strand
16009	Jørgensen
16010	Jørn
16011	Júlia Bárbara
16012	Júlia Maria
16013	Júlio
16014	Júlio Carolino
16015	Júlio César
16016	Júlio Romão
16017	Júlio Tavares
16018	Július
16019	Júnior
16020	Júnior Brumado
16021	Júnior Caiçara
16022	Júnior Moraes
16023	Júnior Morais
16024	Júnior Negão
16025	Júnior Santos
16026	Júnior Urso
16027	Jürgen
16028	Jürgensen
16029	Kārkliņš
16030	Kądzior
16031	Kąkolewski
16032	Kędziora
16033	K. Alvarez
16034	K. Bare
16035	K. Bua
16036	K. Carrasco
16037	K. Dawson
16038	K. Dimitrov
16039	K. Escamilla
16040	K. Frei
16041	K. Hernández
16042	K. J. Acosta
16043	K. Koba Leïn
16044	K. Kouao
16045	K. Laba
16046	K. Laglais
16047	K. Larsen
16048	K. Medina da Silva
16049	K. Misao
16050	K. Nieto
16051	K. Petratos
16052	K. Ramírez
16053	K. Robles
16054	K. Sene
16055	K. Sibo
16056	K. Silva
16057	K. Sönmez
16058	K.Abdullah
16059	K.AlBarakah
16060	K.Alkhathlan
16061	K.Barnawi
16062	K.Ghamdi
16063	K.Ghannam
16064	K.Hafez
16065	K.Martinez
16066	K.N'Doram
16067	K.Nagera
16068	K.Navas
16069	K.Olivas
16070	K.Rassoul
16071	K.Schlotterbeck
16072	K.Simon
16073	K.Yeboah
16074	Kılınç
16075	Kılıç
16076	Kılıçarslan
16077	Kırıntılı
16078	Kıvanç
16079	Kļaviņš
16080	Kłos
16081	Kłudka
16082	Kříž
16083	Ka
16084	Kačaniklić
16085	Kačaraba
16086	Kağan
16087	Kałuziński
16088	Kaabi
16089	Kaabouni
16090	Kaagman
16091	Kaahin
16092	Kaalund
16093	Kaan
16094	Kaan Kanak
16095	Kaarina
16096	Kaasa
16097	Kaat
16098	Kaša
16099	Kašpar
16100	Kaba
16101	Kabak
16102	Kabali
16103	Kabamba
16104	Kabangu
16105	Kabasele
16106	Kabashi
16107	Kabelo
16108	Kabia
16109	Kabita
16110	Kabitana
16111	Kablan
16112	Kabo
16113	Kabongo
16114	Kabore
16115	Kabran
16116	Kacharaba
16117	Kachawut
16118	Kachi
16119	Kachunga
16120	Kacou
16121	Kacper
16122	Kaczmarczyk
16123	Kaczmarek
16124	Kaczmarski
16125	Kada
16126	Kadah
16127	Kadam
16128	Kadare
16129	Kade
16130	Kadeřábek
16131	Kadeisha
16132	Kader
16133	Kadewere
16134	Kadidiatou
16135	Kadile
16136	Kadin
16137	Kadioglu
16138	Kadir
16139	Kadish
16140	Kadjo
16141	Kadlec
16142	Kadreddin
16143	Kadrii
16144	Kadyrova
16145	Kadzamira
16146	Kael
16147	Kaewdara
16148	Kaewvoraxai
16149	Kafele
16150	Kagawa
16151	Kage
16152	Kagetoki
16153	Kagiso
16154	Kagome
16155	Kagona
16156	Kahale
16157	Kahl
16158	Kahoku
16159	Kahraman
16160	Kahveci
16161	Kai
16162	Kai Lukas
16163	Kaib
16164	Kaikai
16165	Kailas
16166	Kailash
16167	Kailen
16168	Kaimo Lima
16169	Kaimu
16170	Kaina
16171	Kaine
16172	Kainho Selva
16173	Kainz
16174	Kaio Aldair
16175	Kaio Antonaldo
16176	Kaio Fabiano
16177	Kaio Figueiras
16178	Kaio Jesus
16179	Kaio de Freitas
16180	Kaipo
16181	Kaique
16182	Kaique Rocha
16183	Kairaba
16184	Kairinen
16185	Kaiser
16186	Kaite
16187	Kaith
16188	Kaito
16189	Kaiyne
16190	Kaiyu
16191	Kaiyuan
16192	Kaj
16193	Kajal
16194	Kajdiž
16195	Kajikawa
16196	Kajus
16197	Kakabadze
16198	Kakay
16199	Kakeeto
16200	Kakhaberidze
16201	Kakhar
16202	Kakita
16203	Kakitani
16204	Kaklamanakis
16205	Kakou
16206	Kaku
16207	Kakuta
16208	Kaká
16209	Kal
16210	Kala
16211	Kalaimathi
16212	Kalajdžić
16213	Kalambayi
16214	Kalas
16215	Kalavati
16216	Kalavti
16217	Kaldırım
16218	Kale
16219	Kalei
16220	Kalejs
16221	Kalem
16222	Kalenga
16223	Kaleth
16224	Kali
16225	Kalidou
16226	Kalif
16227	Kalifa
16228	Kalig
16229	Kalil
16230	Kalimuendo
16231	Kalin
16232	Kalinga
16233	Kalinić
16234	Kalinkowski
16235	Kalinski
16236	Kalita
16237	Kalivas
16238	Kalivod
16239	Kaliyev
16240	Kalkan
16241	Kalla
16242	Kalle
16243	Kallesøe
16244	Kalley
16245	Kallis
16246	Kallman
16247	Kallon
16248	Kallu
16249	Kalludra
16250	Kalniņš
16251	Kalogeropoulos
16252	Kalombo
16253	Kaloutsikidis
16254	Kaloyan
16255	Kalpana
16256	Kalpi
16257	Kalu
16258	Kalulu
16259	Kalunga
16260	Kalusha
16261	Kalvach
16262	Kalvin
16263	Kaly
16264	Kalyani
16265	Kam
16266	Kama
16267	Kamad
16268	Kamada
16269	Kamagate
16270	Kamal
16271	Kamala
16272	Kamaldeen
16273	Kamalesh
16274	Kamali
16275	Kamaljit
16276	Kamalpreet
16277	Kamanga
16278	Kamano
16279	Kamara
16280	Kamardin
16281	Kamat
16282	Kambale
16283	Kamberi
16284	Kambire
16285	Kamble
16286	Kambole
16287	Kambou
16288	Kamdjo
16289	Kamentzev
16290	Kamenz
16291	Kami
16292	Kamiński
16293	Kamifukumoto
16294	Kamijima
16295	Kamiko
16296	Kamil
16297	Kamil Ahmet
16298	Kaminski
16299	Kamiya
16300	Kamjian
16301	Kamla
16302	Kamlang
16303	Kamlesh
16304	Kammerbauer
16305	Kammerknecht
16306	Kamohelo
16307	Kamol
16308	Kampa
16309	Kampetsis
16310	Kampl
16311	Kamran
16312	Kamron
16313	Kamsoba
16314	Kamuzu
16315	Kamwana
16316	Kana
16317	Kana Biyik
16318	Kana-Biyik
16319	Kanabah
16320	Kanach
16321	Kanak
16322	Kanamori
16323	Kanasani
16324	Kanate
16325	Kanatsızkuş
16326	Kanazaki
16327	Kanchan
16328	Kanda
16329	Kandarian
16330	Kande
16331	Kandet
16332	Kandouss
16333	Kane
16334	Kaneko
16335	Kanemoto
16336	Kang
16337	Kang Dong Hyeok
16338	Kang Han
16339	Kang Hee
16340	Kang Hyeon
16341	Kang Hyeon Mu
16342	Kang Hyun Muk
16343	Kang In
16344	Kang Jae Woo
16345	Kang Joon
16346	Kang Min Soo
16347	Kang Sang Hee
16348	Kang Sang Woo
16349	Kang Seong-jin
16350	Kang Tae Won
16351	Kang Yoon Gu
16352	Kang Yun Koo
16353	Kang Yun Seong
16354	KangJoon
16355	Kanga
16356	Kangah
16357	Kanghan
16358	Kanghee
16359	Kanghyeon
16360	Kangin
16361	Kangin Lee
16362	Kangwena
16363	Kankkunnen
16364	Kankoshi
16365	Kanku
16366	Kann
16367	Kanno
16368	Kannoly Praveen
16369	Kanoa
16370	Kanokwan
16371	Kanouté
16372	Kanstrup
16373	Kant
16374	Kanta
16375	Kantarovski
16376	Kante
16377	Kanteh
16378	Kanti
16379	Kanté
16380	Kanu
16381	Kanvar
16382	Kanwar
16383	Kanya
16384	Kanyama
16385	Kanye
16386	Kaoru
16387	Kaouch
16388	Kapacak
16389	Kapalu
16390	Kapanadze
16391	Kapepwe
16392	Kapil
16393	Kapino
16394	Kaplan
16395	Kapo
16396	Kapono
16397	Kapoor
16398	Kapp
16399	Kappel
16400	Kappelhof
16401	Kaprelian
16402	Kaprof
16403	Kaptoum
16404	Kapustka
16405	Kaput
16406	Kapuuo
16407	Kar
16408	Kara
16409	Karačić
16410	Karabec
16411	Karabo
16412	Karaca
16413	Karadağ
16414	Karaklajić
16415	Karaklajic
16416	Karakuş
16417	Karam
16418	Karaman
16419	Karamoh
16420	Karamoko
16421	Karan
16422	Karanga
16423	Karanjit
16424	Karargyris
16425	Karataş
16426	Karavaev
16427	Karayan
16428	Karayel
16429	Karayev
16430	Karazor
16431	Karbownik
16432	Karchaoui
16433	Kardeşler
16434	Kareem
16435	Karel
16436	Karen
16437	Karen Isa
16438	Kargbo
16439	Kari
16440	Karic
16441	Karidioula
16442	Karila
16443	Karim
16444	Karimi
16445	Karimova
16446	Karin
16447	Karina
16448	Karius
16449	Karjalainen
16450	Karki
16451	Karkun
16452	Karl
16453	Karl-Johan
16454	Karla
16455	Karlan
16456	Karlen
16457	Karlo
16458	Karlovac
16459	Karlsen
16460	Karlsson
16461	Karlsson Lagemyr
16462	Karlström
16463	Karlstrøm
16464	Karly
16465	Karmakar
16466	Karmen
16467	Karner
16468	Karnezis
16469	Karo
16470	Karol
16471	Karol Caeiro
16472	Karole Pombal
16473	Karolina
16474	Karolína
16475	Karpov
16476	Karrikaburu
16477	Karsdorp
16478	Kartal
16479	Karthik
16480	Karttunen
16481	Kartum
16482	Karunaratne
16483	Karuthadathkuni
16484	Karweina
16485	Karwot
16486	Kasami
16487	Kasanwirjo
16488	Kasanzi Lubamba
16489	Kaseem
16490	Kaseko
16491	Kasem
16492	Kasesela
16493	Kasey
16494	Kashi
16495	Kashif
16496	Kashiwa
16497	Kashket
16498	Kashyap
16499	Kasim
16500	Kasimov
16501	Kasiya
16502	Kask
16503	Kasote
16504	Kasparian
16505	Kasper
16506	Kassandra
16507	Kassi
16508	Kastaneer
16509	Kastanos
16510	Kastelic
16511	Kastenhofer
16512	Kastenmeier
16513	Kastrati
16514	Kastriot
16515	Kasumu
16516	Kasun
16517	Kataroyan
16518	Katarzyna
16519	Katayama
16520	Kateřina
16521	Kateb
16522	Kateryna
16523	Kath
16524	Katharina
16525	Kathrin
16526	Katić
16527	Katie
16528	Katiliene
16529	Katiyo
16530	Katiza
16531	Katja
16532	Katlego
16533	Kato
16534	Katompa Mvumpa
16535	Katona
16536	Katoto
16537	Katranis
16538	Katrin
16539	Katrina
16540	Katsantonis
16541	Katsuhiro
16542	Katsuki
16543	Katsunori
16544	Katsuya
16545	Katterbach
16546	Kattimani
16547	Katty
16548	Katura
16549	Katya
16550	Katz
16551	Kau
16552	Kaufmanis
16553	Kaufmann
16554	Kaujeua
16555	Kauko
16556	Kaunda
16557	Kaur
16558	Kaura
16559	Kauranen
16560	Kaushalya
16561	Kauã Abranches
16562	Kauã Reisende
16563	Kauã Ricardo
16564	Kauã Zanson
16565	Kauê Enaldo
16566	Kavčič
16567	Kavah
16568	Kavaliauskas
16569	Kavanagh
16570	Kaveh
16571	Kaven
16572	Kaveshnikov
16573	Kavita
16574	Kavrazlı
16575	Kawabe
16576	Kawachi
16577	Kawaguchi
16578	Kawai
16579	Kawakami
16580	Kawanami
16581	Kawasaki
16582	Kawashima
16583	Kawaya
16584	Kawin
16585	Kawsar
16586	Kaxe
16587	Kay
16588	Kaya
16589	Kayamba
16590	Kayan
16591	Kayden
16592	Kaye
16593	Kayembe
16594	Kayesa
16595	Kaymak
16596	Kayne
16597	Kayo
16598	Kayode
16599	Kays
16600	Kayser
16601	Kaysone
16602	Kazımcan
16603	Kazarian
16604	Kazeem
16605	Kazigaba
16606	Kazim
16607	Kazim-Richards
16608	Kazimír
16609	Kazlauskas
16610	Kazmierczak
16611	Kazu
16612	Kazue
16613	Kazuhiro
16614	Kazuki
16615	Kazuma
16616	Kazunari
16617	Kazuo
16618	Kazuya
16619	Kazuyoshi
16620	Kaíque Mutto
16621	Kaíque Osvaldo
16622	Kaíqundo
16623	Kaíqundo Calado
16624	Kaíquão Castro
16625	Kaïboué
16626	Ke
16627	Keșerü
16628	Ke Zh.
16629	Ke Zhao
16630	Keagan
16631	Keaghan
16632	Keala
16633	Kean
16634	Keanan
16635	Keane
16636	Keanin
16637	Keanu
16638	Kearney
16639	Kearns
16640	Kearyn
16641	Keating
16642	Keaton
16643	Kebadilwe
16644	Kebairejang
16645	Kebano
16646	Kebba
16647	Kebbal
16648	Kebe
16649	Kebede
16650	Kechrida
16651	Kechta
16652	Kecskés
16653	Kedziora
16654	Kee Hee
16655	KeeHee
16656	Keegan
16657	Keelan
16658	Keeley
16659	Keen
16660	Keenan
16661	Kees
16662	Kefalas
16663	Kegs
16664	Kehinde
16665	Kehl
16666	Kehl-Goméz
16667	Kehr
16668	Kehrer
16669	Kei
16670	Keidi
16671	Keigo
16672	Keijiro
16673	Keillor-Dunn
16674	Keimo
16675	Keinan
16676	Keipidile
16677	Keira
16678	Keiren
16679	Keisha
16680	Keisuke
16681	Keita
16682	Keita Balde
16683	Keita-Ruel
16684	Keitel
16685	Keith
16686	Keito
16687	Keiya
16688	Kekana
16689	Kekuta
16690	Kelava
16691	Kelechi
16692	Keles
16693	Keleshian
16694	Keletso
16695	Kelii
16696	Kelivelson
16697	Kellan
16698	Kelland
16699	Kelle
16700	Kelleher
16701	Keller
16702	Kelley
16703	Kellian
16704	Kellond-Knight
16705	Kelly
16706	Kellyn
16707	Kelman
16708	Kelvin
16709	Kelvin Patrick
16710	Kelwyn
16711	Kelyan
16712	Kelyn
16713	Kema
16714	Kemal
16715	Kemar
16716	Kemen
16717	Kemp
16718	Kempe
16719	Kempf
16720	Kempin
16721	Kempter
16722	Ken
16723	Kenan
16724	Kenan Özer
16725	Kendall
16726	Kendrick
16727	Kendrys
16728	Kenedy
16729	Keneiloe
16730	Keng-shi
16731	Kengo
16732	Kenji
16733	Kenji-Van
16734	Kenlock
16735	Kennedy
16736	Kenneth
16737	Kenny
16738	Kenny Prince
16739	Kenny Rocha Santos
16740	Kenosi
16741	Kenrick
16742	Kensuke
16743	Kent
16744	Kent Håvard
16745	Kent Malic
16746	Kent-Are
16747	Kenta
16748	Kenti
16749	Kento
16750	Kenya
16751	Kenyatta
16752	Kenyon
16753	Kenyu
16754	Kenza
16755	Kenzo
16756	Keo
16757	Keogh
16758	Keohane
16759	Keokham
16760	Kepa
16761	Keqiang
16762	Kerber
16763	Kerekou
16764	Kerem
16765	Kerian
16766	Kerim
16767	Kerimov
16768	Kerk
16769	Kerkdijk
16770	Kern
16771	Kernjak
16772	Kerouedan
16773	Kerr
16774	Kerrie
16775	Kerrigan
16776	Kerrin
16777	Kerrouche
16778	Kerry
16779	Kerschbaum
16780	Kerschbaumer
16781	Kersen
16782	Kersken
16783	Kersnik
16784	Kersten
16785	Kert
16786	Kerui
16787	Kervick
16788	Kervina
16789	Kesandu
16790	Kesen
16791	Keseru
16792	Kesgin
16793	Keshi
16794	Keshishian
16795	Kesler Hayden
16796	Kessie
16797	Kessié
16798	Kessler
16799	Ketboge
16800	Kete
16801	Ketkeo
16802	Ketkeophomphone
16803	Keto
16804	Ketola
16805	Ketso
16806	Keun Bae
16807	Keun Ho
16808	KeunBae
16809	Keven
16810	Kevin
16811	Kevin Manuel
16812	Kevin Martin
16813	Kevin V.
16814	Kevin-Prince
16815	Kevorkian
16816	Keweser
16817	Kewin
16818	Key
16819	Keyendrah
16820	Keylor
16821	Keys
16822	Keyta
16823	Keïta
16824	Kgaogelo
16825	Kgosi
16826	Kha
16827	Khabako
16828	Khabra
16829	Khac-Kham
16830	Khacef
16831	Khachatryan
16832	Khadagid
16833	Khadija
16834	Khadra
16835	Khailoti
16836	Khairul
16837	Khal
16838	Khalaf
16839	Khaled
16840	Khaleel
16841	Khalfan
16842	Khalid
16843	Khalid Eid
16844	Khalid. E
16845	Khalif
16846	Khalifa
16847	Khalil
16848	Khalili
16849	Khaly
16850	Kham
16851	Khama
16852	Khamchai
16853	Khamdao
16854	Khamdara
16855	Khamikov
16856	Khamis
16857	Khamphu
16858	Khamtay
16859	Khan
16860	Khanal
16861	Khanna
16862	Khant
16863	Khanya
16864	Kharaishvili
16865	Kharat
16866	Kharatin
16867	Kharchouch
16868	Kharchu
16869	Kharotakhel
16870	Khasa
16871	Khasela
16872	Khashyar
16873	Khat
16874	Khatoon
16875	Khatun
16876	Khawlhring
16877	Khay
16878	Khaya
16879	Khayat
16880	Khazeni
16881	Khazri
16882	Khedira
16883	Kheira
16884	Khelifi
16885	Khemdee
16886	Kherbouche
16887	Khetang
16888	Khin
16889	Khiry
16890	Khocholava
16891	Kholmatov
16892	Kholov
16893	Khondakar
16894	Khong
16895	Khosla
16896	Khouma
16897	Khoury
16898	Khrapaty
16899	Khrystyna
16900	Khubrani
16901	Khudyakov
16902	Khujamov
16903	Khumalo
16904	Khumo
16905	Khune
16906	Khurana
16907	Khutsishvili
16908	Khéphren
16909	Ki
16910	Ki Hun
16911	Ki Hwan
16912	Ki Je
16913	Ki Pyo
16914	Ki Sung Yueng
16915	Ki-Jana
16916	KiHun
16917	KiJe
16918	Kiaga
16919	Kian
16920	Kiana
16921	Kibe
16922	Kida
16923	Kidosa
16924	Kiełb
16925	Kieffer
16926	Kieftenbeld
16927	Kielberg
16928	Kieliba
16929	Kieran
16930	Kiernan
16931	Kieron
16932	Kiese Thelin
16933	Kieszek
16934	Kiet
16935	Kieu
16936	Kihwan
16937	Kiimiko
16938	Kijewski
16939	Kik
16940	Kika
16941	Kika Nazareth
16942	Kikanović
16943	Kike
16944	Kike Barja
16945	Kike Carrasco
16946	Kike G.
16947	Kike García
16948	Kike Hermoso
16949	Kike Pérez
16950	Kike Saverio
16951	Kiki
16952	Kiklaisz
16953	Kiko
16954	Kiko Bondoso
16955	Kiko Casilla
16956	Kiko F.
16957	Kiko Femenía
16958	Kiko Olivas
16959	Kikonda
16960	Kikuchi
16961	Kilama
16962	Kilgour
16963	Kilian
16964	Kiliann
16965	Kilkenny
16966	Killian
16967	Killip
16968	Kilman
16969	Kilota
16970	Kilpatrick
16971	Kiltie
16972	Kim
16973	Kim Bo Kyung
16974	Kim Bo Seop
16975	Kim Bong Jin
16976	Kim Bong Soo
16977	Kim Byeom Yong
16978	Kim Chae Woon
16979	Kim Chang Soo
16980	Kim Dae Gyeong
16981	Kim Dae Jung
16982	Kim Dae Won
16983	Kim Dae Woo
16984	Kim Do Hyeok
16985	Kim Dong Bum
16986	Kim Dong Heon
16987	Kim Dong Hyun
16988	Kim Dong Woo
16989	Kim Geon Woong
16990	Kim Gi Yeol
16991	Kim Gun Hee
16992	Kim Gyeong Jae
16993	Kim Hee Seung
16994	Kim Ho Nam
16995	Kim Hyun
16996	Kim Hyun Sung
16997	Kim Jae Woo
16998	Kim Ji Hyun
16999	Kim Jin Hyeon
17000	Kim Jin Hyuk
17001	Kim Jin Hyun
17002	Kim Jin Su
17003	Kim Jin Sung
17004	Kim Jin Ya
17005	Kim Jong Woo
17006	Kim Joo Hwan
17007	Kim Joo Won
17008	Kim Joon Beom
17009	Kim Joon Hyeong
17010	Kim Ju Kong
17011	Kim Ju Yeop
17012	Kim Jun Ho
17013	Kim Jun Yub
17014	Kim Jung Ho
17015	Kim Kee Hee
17016	Kim Keun Bae
17017	Kim Ki Hwan
17018	Kim Kwang Suk
17019	Kim Kyu Pyo
17020	Kim Min Gyu
17021	Kim Min Hyeok
17022	Kim Min Jae
17023	Kim Min Jun
17024	Kim Min Seok
17025	Kim Min Tae
17026	Kim Min Woo
17027	Kim Moon Hwan
17028	Kim Oh Gyu
17029	Kim Ryun Seong
17030	Kim Sang Jun
17031	Kim Sang Won
17032	Kim Seung Dae
17033	Kim Seung Gyu
17034	Kim Seung Joon
17035	Kim Soo Beom
17036	Kim Sung Joon
17037	Kim Sung Ju
17038	Kim Tae Gon
17039	Kim Tae Hwan
17040	Kim Tae Hyeon
17041	Kim Tae Yang
17042	Kim Won Gun
17043	Kim Won Sik
17044	Kim Woo Suk
17045	Kim Ye Ji
17046	Kim Yeon Soo
17047	Kim Young Bin
17048	Kim Young Gwon
17049	Kim Young Kwang
17050	Kim Young Uk
17051	Kim Yu Sung
17052	Kimberly
17053	Kimiya
17054	Kimmich
17055	Kimmo
17056	Kimoto
17057	Kimpembe
17058	Kimpioka
17059	Kimura
17060	Kina
17061	Kind
17062	Kinda
17063	King
17064	Kingsale
17065	Kingsley
17066	Kinnunen
17067	Kinoshita
17068	Kinsella
17069	Kinsombi
17070	Kinzig
17071	Kinzo
17072	Kiomourtzoglou
17073	Kion
17074	Kioso
17075	Kipiani
17076	Kiprit
17077	Kipré
17078	Kips
17079	Kiran
17080	Kirby
17081	Kirdar
17082	Kirejczyk
17083	Kirian
17084	Kiril
17085	Kirilenko
17086	Kirill
17087	Kirilo
17088	Kiritopa
17089	Kirk
17090	Kirkeskov
17091	Kirkevold
17092	Kirkpatrick
17093	Kirkwood
17094	Kirschbaum
17095	Kirsten
17096	Kirstine
17097	Kirsty
17098	Kishan
17099	Kishimoto
17100	Kishor
17101	Kisiel
17102	Kisku
17103	Kiss
17104	Kister
17105	Kit
17106	Kita
17107	Kitagawa
17108	Kitajima
17109	Kitala
17110	Kitana
17111	Kitazume
17112	Kitchen
17113	Kitching
17114	Kite
17115	Kiteishvili
17116	Kitela
17117	Kitolano
17118	Kitsiou
17119	Kitso
17120	Kittel
17121	Kitto
17122	Kitu
17123	Kiyine
17124	Kiyoshi
17125	Kiyotake
17126	Kizza
17127	Kizzi
17128	Kjaergaard
17129	Kjartansson
17130	Kjeldsen
17131	Kjell
17132	Kjetil
17133	Kjær
17134	Kla Elisinha
17135	Kla Han
17136	Klaas
17137	Klaassen
17138	Klaesson
17139	Klaiber
17140	Klandt
17141	Klara
17142	Klarer
17143	Klarissa Abravanel
17144	Klassen
17145	Klatte
17146	Klaudijs
17147	Klaus
17148	Klausen
17149	Klauss
17150	Klauss de Mello
17151	Kleber
17152	Kleeberg
17153	Kleemann
17154	Klefisch
17155	Kleiber
17156	Klein
17157	Kleindienst
17158	Kleinhansl
17159	Kleinheisler
17160	Kleinherne
17161	Kleinsorge
17162	Klem
17163	Klemen
17164	Klemenčič
17165	Klement
17166	Klepec
17167	Kletos
17168	Klewin
17169	Klich
17170	Klimala
17171	Kliment
17172	Klimowicz
17173	Kline
17174	Klingenburg
17175	Klinger
17176	Klinkenberg
17177	Klinsmann
17178	Kljestan
17179	Klos
17180	Klose
17181	Klostermann
17182	Klouchi
17183	Kluivert
17184	Klupś
17185	Klußmann
17186	Klynge
17187	Klysner
17188	Klyçewa
17189	Kléber
17190	Kléri
17191	Klöpper
17192	Kløve
17193	Klünter
17194	Kmet
17195	Knaak
17196	Knap
17197	Knasmüllner
17198	Knauff
17199	Knavs
17200	Knezevic
17201	Knežević
17202	Knibbs
17203	Knight
17204	Knight-Percival
17205	Knighton
17206	Knill
17207	Knipping
17208	Knoche
17209	Knockaert
17210	Knoester
17211	Knoll
17212	Knost
17213	Knothe
17214	Knowledge
17215	Knowles
17216	Knox
17217	Knoyle
17218	Knudsen
17219	Knudtzon
17220	Knut
17221	Knut Inge
17222	Knut-André
17223	Knutsen
17224	Knöferl
17225	Ko
17226	Ko Kwang Min
17227	Kołodziej
17228	Kościelny
17229	Koaeana
17230	Košir
17231	Kob Sook
17232	Koba Leïn
17233	Kobald
17234	Kobayashi
17235	Kobe
17236	Kobel
17237	Kobenan
17238	Kobras
17239	Koby
17240	Kobylański
17241	Kobylanski
17242	Koch
17243	Kochalski
17244	Kochorashvili
17245	Kocić
17246	Kocic
17247	Kocijan
17248	Kociubinski
17249	Kocjubinskiy
17250	Kock
17251	Kocsis
17252	Kocuk
17253	Kocyła
17254	Koda
17255	Kodai
17256	Kodama
17257	Kodek
17258	Kodelja
17259	Koder
17260	Kodjo Fo-Doh
17261	Kodro
17262	Koen
17263	Koffi
17264	Kofi
17265	Kofler
17266	Koga
17267	Kogalniceanu
17268	Kogler
17269	Koh
17270	Koh Myong Jin
17271	Kohei
17272	Kohler
17273	Kohr
17274	Koi
17275	Koide
17276	Koike
17277	Koiki
17278	Koindredi
17279	Koit
17280	Koita
17281	Koivula
17282	Koizumi
17283	Koji
17284	Kojic
17285	Kojima
17286	Kojiro
17287	Kok
17288	Kokalj
17289	Kokayi
17290	Koke
17291	Koke Vegas
17292	Kokelj
17293	Kokhreidze
17294	Koki
17295	Kokkinoftas
17296	Koko
17297	Kokole
17298	Kokolj
17299	Kokolo
17300	Kokorin
17301	Kokot
17302	Kol
17303	Kolašinac
17304	Kolar
17305	Kolarov
17306	Kolbeinn
17307	Kolbeinn Birgir
17308	Koldo
17309	Koldo Obieta
17310	Kolettis
17311	Kolev
17312	Koli
17313	Kolingba
17314	Kolinger
17315	Kolja
17316	Koljić
17317	Koljic
17318	Kolke
17319	Koller
17320	Kolmanič
17321	Kolmotov
17322	Kolo Muani
17323	Kolodziejczak
17324	Kololli
17325	Koloskov
17326	Kolosova
17327	Kolovetsios
17328	Kolskogen
17329	Kolář
17330	Komai
17331	Komal
17332	Komar
17333	Komenan
17334	Komenda
17335	Komljenović
17336	Komnen
17337	Komposch
17338	Konadu
17339	Konan
17340	Konaré
17341	Konate
17342	Konaté
17343	Koncewicz-Żyłka
17344	Konczkowski
17345	Kondo
17346	Kondogbia
17347	Kone
17348	Kong
17349	Kong Min Hyeon
17350	Kong Y.Q.
17351	Kong Yinquan
17352	Kongkaoriab
17353	Kongolo
17354	Kongsro
17355	Konig
17356	Koning
17357	Konishi
17358	Konno
17359	Kononov
17360	Konoplia
17361	Konoplyanka
17362	Konosuke
17363	Konrad
17364	Konradsen
17365	Konrád
17366	Konsa
17367	Konsta
17368	Konstandin
17369	Konstantelias
17370	Konstantin
17371	Konstantinas
17372	Konstantinos
17373	Konstantinov
17374	Konstantopoulos
17375	Kontos
17376	Kontzoglou
17377	Konté
17378	Koné
17379	Koo
17380	Koo Bon Chul
17381	Koo Dae Young
17382	Koo Ja Ryong
17383	Kook Young
17384	KookYoung
17385	Koolman
17386	Koomson
17387	Koopmans
17388	Koopmeiners
17389	Kop
17390	Kopacz
17391	Kopano
17392	Kopczyński
17393	Kopecká
17394	Koperski
17395	Kopic
17396	Kopo
17397	Koppel
17398	Kopplin
17399	Korab
17400	Koray
17401	Korb
17402	Korbinian
17403	Korboa
17404	Korede
17405	Koren
17406	Koreniuk
17407	Koreshi
17408	Korey
17409	Korhonen
17410	Koriche
17411	Korkizoglu
17412	Korkmaz
17413	Kornelius N.
17414	Kornell
17415	Korniienko
17416	Kornrél
17417	Kornvig
17418	Korošec
17419	Koroi
17420	Koroki
17421	Korolev
17422	Koroma
17423	Koronkiewicz
17424	Korsen
17425	Korte
17426	Kortne
17427	Kortney
17428	Koruk
17429	Korutürk
17430	Korzuschek
17431	Kos
17432	Kosami
17433	Kosche
17434	Koscielny
17435	Kosei
17436	Koshi
17437	Kosidis
17438	Koskela
17439	Koskinen
17440	Kosmas
17441	Kosovar
17442	Kosovare
17443	Kossi
17444	Kossonou
17445	Kossounou
17446	Kosta
17447	Kostadinov
17448	Kostadinović
17449	Kostandin
17450	Kostandinos
17451	Kostas
17452	Koster
17453	Kostevych
17454	Kostić
17455	Kostopulos
17456	Kostorz
17457	Kostrzewski
17458	Kostya
17459	Kosuke
17460	Kota
17461	Kotal
17462	Kotaro
17463	Kothari
17464	Kother
17465	Kotnik
17466	Kotsiras
17467	Kotzke
17468	Koua
17469	Kouacou
17470	Kouadio
17471	Kouadio Manu
17472	Kouadio-Yves
17473	Kouagba
17474	Kouakou
17475	Kouame
17476	Kouamé
17477	Kouao
17478	Kouassi
17479	Kouassi J.E.
17480	Kouassivi-Benissan
17481	Koubek
17482	Koude
17483	Koudou
17484	Koue
17485	Koufos
17486	Koulibaly
17487	Kouman
17488	Koumetio
17489	Koundé
17490	Kour
17491	Kourbelis
17492	Kourniakis
17493	Kourouma
17494	Koutouan
17495	Koutris
17496	Koutroumbis
17497	Koutsakos
17498	Koutsias
17499	Kouyate
17500	Kouyaté
17501	Kovač
17502	Kovačević
17503	Kovačić
17504	Kovačič
17505	Kovařík
17506	Kovacević
17507	Kovachev
17508	Kovacic
17509	Koval
17510	Kovalchuk
17511	Kovalenko
17512	Kovář
17513	Kovács
17514	Kowalczyk
17515	Kowalik
17516	Kowalski
17517	Kownacki
17518	Koya
17519	Koyalipou
17520	Koyamatsu
17521	Kozłowski
17522	Kozak
17523	Koziello
17524	Kozioł
17525	Kozlov
17526	Kozubal
17527	Kozuka
17528	Koželuh
17529	Koç
17530	Koçi
17531	Kpan
17532	Kpozo
17533	Kra
17534	Kraev
17535	Kraft
17536	Krafth
17537	Kragl
17538	Krahl
17539	Krajewska
17540	Krajnc
17541	Kralj
17542	Kramarić
17543	Kramarz
17544	Kramer
17545	Kramo
17546	Kranevitter
17547	Kranz
17548	Krapikas
17549	Krasniqi
17550	Krasso
17551	Krastev
17552	Kratochvíl
17553	Kratzer
17554	Kraulich
17555	Kraus
17556	Krause
17557	Krauß
17558	Krauße
17559	Kravchenko
17560	Kravchuk
17561	Kravets
17562	Krawczyk
17563	Krebs
17564	Kreilach
17565	Krejčí
17566	Kreković
17567	Kremer
17568	Krempicki
17569	Krenn
17570	Kreshnik
17571	Kretzschmar
17572	Kreuzer
17573	Kreuzriegler
17574	Krezic
17575	Kričak
17576	Kriazhev
17577	Krieger
17578	Krienzer
17579	Krier
17580	Krikorian
17581	Krilanovich
17582	Krish
17583	Krishan
17584	Krishn
17585	Krishna
17586	Kristaps
17587	Kristensen
17588	Kristers
17589	Kristi
17590	Kristian
17591	Kristian Bernt
17592	Kristiansen
17593	Kristijan
17594	Kristin
17595	Kristina
17596	Kristine
17597	Kristinsson
17598	Kristiyan
17599	Kristián
17600	Kristjan
17601	Kristján
17602	Kristmundur
17603	Kristof
17604	Kristofer
17605	Kristoffer
17606	Kristoffer Lund
17607	Kristoffer N.
17608	Kristoffersen
17609	Kristopher
17610	Krists
17611	Kristófer
17612	Krisztofer
17613	Kritciuk
17614	Kritikos
17615	Kritsyuk
17616	Krivotsyuk
17617	Krizanić
17618	Krizmanić
17619	Križman
17620	Krkić Pérez
17621	Krūmiņš
17622	Krličević
17623	Krmenčík
17624	Kroesen
17625	Krogh
17626	Krogstad
17627	Kroll
17628	Kronberger
17629	Kronholm
17630	Kroon
17631	Kroos
17632	Krovinović
17633	Krueger
17634	Kruk
17635	Krul
17636	Krumbiegel
17637	Krunić
17638	Krupa
17639	Krupin
17640	Kruse
17641	Kruspzky
17642	Kryštof
17643	Krychowiak
17644	Kryeziu
17645	Krygård
17646	Krykun
17647	Krylov
17648	Kryspin
17649	Kryss
17650	Krystian
17651	Krystupas
17652	Krystyna
17653	Kryvtsov
17654	Krzysztof
17655	Krzysztofek
17656	Král
17657	Krämer
17658	Krätschmer
17659	Kräuchi
17660	Krépin
17661	Król
17662	Krüger
17663	Ksenia
17664	Ku
17665	Kučera
17666	Kuba
17667	Kuban
17668	Kubiak
17669	Kubica
17670	Kubicki
17671	Kubilay
17672	Kubisa
17673	Kubo
17674	Kuchaev
17675	Kucharczyk
17676	Kuchta
17677	Kuciak
17678	Kucka
17679	Kuco
17680	Kudo
17681	Kudrat
17682	Kudrat Ablet
17683	Kudrov
17684	Kudryashov
17685	Kudus
17686	Kuechler
17687	Kuen
17688	Kuhn
17689	Kuikkonen
17690	Kuiper
17691	Kuipers
17692	Kujałowicz
17693	Kujović
17694	Kujovic
17695	Kujtim
17696	Kujur
17697	Kukharevych
17698	Kuki Zalazar
17699	Kukk
17700	Kuku
17701	Kukułowicz
17702	Kukuruzović
17703	Kulach
17704	Kulasekera
17705	Kuldeep
17706	Kulembe Ribeiro
17707	Kulenović
17708	Kuliew
17709	Kulikov
17710	Kulkarni
17711	Kulke
17712	Kullberg
17713	Kulpa
17714	Kuluc
17715	Kulusevski
17716	Kumar
17717	Kumar Das
17718	Kumara
17719	Kumari
17720	Kumbhar
17721	Kumbulla
17722	Kums
17723	Kumund
17724	Kumwenda
17725	Kun
17726	Kun Agüero
17727	Kunal
17728	Kunava
17729	Kundaikar
17730	Kunde
17731	Kundu
17732	Kunene
17733	Kung
17734	Kung Tai Cheng
17735	Kuni
17736	Kunimitsu
17737	Kunimoto
17738	Kunst
17739	Kunti
17740	Kuntz
17741	Kunvar
17742	Kunwar
17743	Kunyue
17744	Kunz
17745	Kunze
17746	Kuol
17747	Kupczak
17748	Kupusović
17749	Kuqi
17750	Kurata
17751	Kurdi
17752	Kurkawa
17753	Kurkjian
17754	Kurlis
17755	Kurminowski
17756	Kurnia
17757	Kurokawa
17758	Kuroki
17759	Kurosawa
17760	Kurt
17761	Kurtić
17762	Kurtović
17763	Kurtulus
17764	Kurukalıp
17765	Kurumaya
17766	Kuruniyan
17767	Kuruçuk
17768	Kurzawa
17769	Kurzweg
17770	Kushtim
17771	Kushtrim
17772	Kusić
17773	Kusini
17774	Kusk
17775	Kusmirowicz
17776	Kusnadi
17777	Kuster
17778	Kusum
17779	Kutako
17780	Kuteli
17781	Kutepov
17782	Kutesa
17783	Kuti
17784	Kutlu
17785	Kutschke
17786	Kuttin
17787	Kutucu
17788	Kuul
17789	Kuusik
17790	Kuveljić
17791	Kuwahara
17792	Kuzimski
17793	Kuzman
17794	Kuznetsov
17795	Kuzyaev
17796	Kvamme
17797	Kvaran
17798	Kvasina
17799	Kvekve
17800	Kvekveskiri
17801	Kvesić
17802	Kvia-Egeskog
17803	Kvile
17804	Kvilitaia
17805	Kvinge
17806	Kvistgaarden
17807	Kvržić
17808	Kwabe
17809	Kwada
17810	Kwadwo
17811	Kwak
17812	Kwak Kwang Sun
17813	Kwak Yoon Ho
17814	Kwaku
17815	Kwame
17816	Kwan
17817	Kwanda
17818	Kwang Hoon
17819	Kwang Jun
17820	Kwang Min
17821	Kwang Suk
17822	Kwang Sun
17823	KwangHoon
17824	KwangJun
17825	KwangMin
17826	KwangSuk
17827	KwangSun
17828	Kwasi
17829	Kwateng
17830	Kwaw
17831	Kwayera
17832	Kwei
17833	Kwelele
17834	Kweon
17835	Kweon Han Jin
17836	Kwiatkowski
17837	Kwiecień
17838	Kwon
17839	Kwon Chang Hoon
17840	Kwon Jae Beom
17841	Kwon Ki Pyo
17842	Kwon Kyung Won
17843	Kwon Seong Yoon
17844	Kwon Soon Hyung
17845	Kwoun
17846	Kwoun Sun Tae
17847	Kyah
17848	Kyaing
17849	Kye
17850	Kyei
17851	Kyereh
17852	Kyle
17853	Kylian
17854	Kylych
17855	Kyo Won
17856	KyoWon
17857	Kyogo
17858	Kyohei
17859	Kyosuke
17860	Kyoung Rok
17861	Kyprianou
17862	Kyra
17863	Kyriakidou
17864	Kyriakopoulos
17865	Kyriakos
17866	Kyriakou
17867	Kyrian
17868	Kyron
17869	Kyselý
17870	Kyu Pyo
17871	Kyu hyun
17872	KyuPyo
17873	Kyum
17874	Kyung Bae
17875	Kyung Chan
17876	Kyung Tae
17877	Kyung Won
17878	KyungChan
17879	Kyungbae
17880	Kyungwon
17881	Kywa
17882	Káčer
17883	Kádár
17884	Kári
17885	Károly
17886	Käbin
17887	Käck
17888	Käuper
17889	Kåre
17890	Kébé
17891	Kélian
17892	Képler Laveran
17893	Kévin
17894	Kévin Manuel
17895	Kévin Rodrigues
17896	Köbbing
17897	Köhl
17898	Köhler
17899	Köhlert
17900	Köhn
17901	Kökcü
17902	Kökçü
17903	König
17904	Königsdörffer
17905	Königsmann
17906	Könnecke
17907	Köpke
17908	Körber
17909	Köstenbauer
17910	Köybaşı
17911	Kúdela
17912	Kübler
17913	Küc
17914	Kühlwetter
17915	Kühn
17916	Külekçi
17917	Küçük
17918	L. Acosta
17919	L. Ashby-Hammond
17920	L. Balanta
17921	L. Caballero
17922	L. Caicedo
17923	L. Campana
17924	L. Cano
17925	L. Chávez
17926	L. Cisse
17927	L. Coelho
17928	L. Cáceres
17929	L. Cárdenas
17930	L. Damião
17931	L. Díaz
17932	L. Felipe
17933	L. Fernandes
17934	L. Fuentes
17935	L. Gallardo
17936	L. García
17937	L. Gustavo
17938	L. Gómez
17939	L. Jara
17940	L. Jensen
17941	L. Krejčí
17942	L. Lima
17943	L. López
17944	L. Marin
17945	L. Mercado
17946	L. Milla
17947	L. Morales
17948	L. Muriel
17949	L. Nmecha
17950	L. Ofori
17951	L. Olaza
17952	L. Owusu
17953	L. Paiva
17954	L. Paquetá
17955	L. Pavez
17956	L. Paz
17957	L. Pfeiffer
17958	L. Puyol
17959	L. Quiñones
17960	L. Ramazani
17961	L. Reyes
17962	L. Rodriguez
17963	L. Smith
17964	L. Vangioni
17965	L. Verstraete
17966	L. Veríssimo
17967	L. Villagra
17968	L. Áfrico
17969	L.Acosta
17970	L.Araujo
17971	L.Benito
17972	L.Bonatini
17973	L.Castellanos
17974	L.Cook
17975	L.D.Kappel
17976	L.Gonzalez
17977	L.González
17978	L.Gustavo
17979	L.Johansson
17980	L.Miranda
17981	L.Ocampos
17982	L.Passerini
17983	L.Pérez
17984	L.Rioja
17985	L.Sepe
17986	L.Suárez
17987	L.Tramoni
17988	LZ Chhangte
17989	La
17990	La Gumina
17991	La Mantia
17992	La Mantía
17993	La. Rose
17994	LaGrassa
17995	Laaksonen
17996	Laba
17997	Labadie
17998	Labbe
17999	Labbé
18000	Labinot
18001	Laborda
18002	Laborde
18003	Labrín
18004	Labyad
18005	Lacatus
18006	Lacazette
18007	Lacey
18008	Lach
18009	Lachenpa
18010	Lachlan
18011	Lachman
18012	Lachuer
18013	Laci
18014	Lackner
18015	Lacle
18016	Lacombe
18017	Lacoste
18018	Lacoux
18019	Lacroix
18020	Ladapo
18021	Ladić
18022	Ladinetti
18023	Ladislav
18024	Ladumdžija
18025	Lafferty
18026	Lafleur
18027	Lafon
18028	Lafont
18029	Laforte Beretta
18030	Laforte Medeiros
18031	Lafortiscinho
18032	Lafuente Nunes
18033	Lagarde
18034	Lagator
18035	Lagerbielke
18036	Laghari
18037	Lagi
18038	Lago
18039	Lago Junior
18040	Lago Pontes Esteves
18041	Lagoas Regalo
18042	Lagos
18043	Lagsir
18044	Laguardia
18045	Laguardia Cisneros
18046	Lagunov
18047	Laharnsai
18048	Lahdo
18049	Lahne
18050	Lahssaini
18051	Lahtinen
18052	Laia
18053	Laia Aleixandri
18054	Laidlaw
18055	Laifis
18056	Laimer
18057	Laine
18058	Lainer
18059	Lainez
18060	Laing
18061	Lainton
18062	Laird
18063	Lais
18064	Laitinen
18065	Laiton
18066	Lajami
18067	Lajud
18068	Lakatos
18069	Lakenmacher
18070	Lakhan
18071	Lakin
18072	Lakra
18073	Lakshman
18074	Lakshmi
18075	Laksmi
18076	Lal
18077	Lala
18078	Lalas
18079	Lalbiakhlua
18080	Laldinliana
18081	Lalengmawia
18082	Lalhlimpuia
18083	Lalhrezuala
18084	Lalit
18085	Lalita
18086	Lalkhawpuimawia
18087	Lallana
18088	Lallawmawma
18089	Lallianzuala
18090	Lalmuanpuia
18091	Lalnunfela
18092	Lalrindika
18093	Lalrinzuala
18094	Lalruatthara
18095	Lalthathanga
18096	Lalthuammawia
18097	Lam
18098	Lamanna
18099	Lamara
18100	Lamb
18101	Lambert
18102	Lamberti
18103	Lambrechts
18104	Lambros
18105	Lambèse
18106	Lameiras
18107	Lamela
18108	Lamelas
18109	Lamie
18110	Lamin
18111	Lamine
18112	Lamine Jaquité
18113	Lamkel Zé
18114	Lammens
18115	Lammers
18116	Lamont
18117	Lampard
18118	Lampe
18119	Lampropoulos
18120	Lampros
18121	Lamprou
18122	Lampson
18123	Lamptey
18124	Lamti
18125	Lamy
18126	Laméndola
18127	Lan
18128	Lan J.X.
18129	Lan Jingxuan
18130	Lana
18131	Lanaro
18132	Lancaster
18133	Lance
18134	Lanchi
18135	Landazuri
18136	Lander
18137	Landgraf
18138	Landivar
18139	Landry
18140	Landu
18141	Landázuri
18142	Lane
18143	Lang
18144	Langel
18145	Langer
18146	Langerak
18147	Langfeld
18148	Langley
18149	Langlois
18150	Lanini
18151	Lanka
18152	Lankester
18153	Lankford
18154	Lannert
18155	Lansana
18156	Lansare
18157	Lansbury
18158	Lanzillotta
18159	Lanzini
18160	Laorent
18161	Lapadula
18162	Laporte
18163	Lapoussin
18164	Lappalainen
18165	Lapslie
18166	Lara
18167	Lara Grande
18168	Laranjeiro Rosan
18169	Laranjeiro Sá
18170	Laranjo Coelho
18171	Largie
18172	Larie
18173	Larin
18174	Larissa
18175	Larkeche
18176	Laroche
18177	Laros
18178	Larotonda
18179	Larouci
18180	Larra
18181	Larralde
18182	Larrauri
18183	Larrazabal
18184	Larrubia
18185	Larrubia Romano
18186	Larrucea Arrien
18187	Larry
18188	Larrys
18189	Lars
18190	Lars Krogh
18191	Lars Lukas
18192	Lars Mogstad
18193	Lars Olden
18194	Lars-Jørgen
18195	Larsen
18196	Larson
18197	Larsonneur
18198	Larsson
18199	Laryea
18200	Lasagna
18201	Lasalo
18202	Lascelles
18203	Lasha
18204	Lasith
18205	Laskar
18206	Laskaris
18207	Lasme
18208	Laso
18209	Lass
18210	Lass B.
18211	Lassana
18212	Lasse
18213	Lasse Berg
18214	Lassen
18215	Lassi
18216	Lassina
18217	Lassine
18218	Lassiter
18219	Lasso
18220	Lasso De La Vega
18221	Lastre
18222	Lasure
18223	Lasure Briz
18224	Lata
18225	Latcumi
18226	Late
18227	Latfwala
18228	Latham
18229	Latibeaudiere
18230	Latif
18231	Latifi
18232	Latinovich
18233	Lato
18234	Latorre Grueso
18235	Latorre Viñals
18236	Latouchent
18237	Latovlevici
18238	Lattanzio
18239	Latteier
18240	Lattwein
18241	Latty-Fairweather
18242	Latza
18243	Laube Pinheiro
18244	Lauberbach
18245	Laucha
18246	Lauder
18247	Lauenborg
18248	Laukkonen
18249	Launay
18250	Launius
18251	Lauper
18252	Laura
18253	Laure
18254	Laure Santeiro
18255	Laureano
18256	Laureano Thomas
18257	Lauren
18258	Laurențiu
18259	Laurens
18260	Laurent
18261	Laurent Jacques
18262	Laurenz
18263	Laurenço
18264	Lauridsen
18265	Laurie
18266	Laurienté
18267	Laurini
18268	Laurits
18269	Lauritsen
18270	Laursen
18271	Lautaro
18272	Lauwers
18273	Lavado
18274	Lavalée
18275	Lavanchy
18276	Lavdrim
18277	Lavelle
18278	Lavery
18279	Lavia
18280	Lavinier
18281	Lavoie
18282	Lavín Rodríguez
18283	Law
18284	Lawa
18285	Lawal
18286	Lawless
18287	Lawlor
18288	Lawrence
18289	Lawrence Ati
18290	Lawrence-Gabriel
18291	Lawrie
18292	Lawrie-Lattanzio
18293	Laws
18294	Lawson
18295	Lawton
18296	Laxalt
18297	Laxman
18298	Laxmi
18299	Laxmikant
18300	Layouni
18301	Layvin
18302	Layún
18303	Lazăr
18304	Lazar
18305	Lazardis
18306	Lazare
18307	Lazaridis
18308	Lazaro
18309	Lazaros
18310	Lazarous
18311	Lazarov
18312	Lazo
18313	Lazo Romero
18314	Lazović
18315	Lazzari
18316	Laçi
18317	Laïdouni
18318	Le
18319	Le Bihan
18320	Le Cardinal
18321	Le Douaron
18322	Le Fondre
18323	Le Fée
18324	Le Goff
18325	Le Grand
18326	Le Marchand
18327	Le Normand
18328	Le Roux
18329	Le Sommer
18330	Le Tallec
18331	Le corre
18332	Lea
18333	Leabua
18334	Leach
18335	Leafe
18336	Leah
18337	Leahy
18338	Leak
18339	Leake
18340	Leal
18341	Leal Cintra
18342	Leal Díaz
18343	Leal Neto
18344	Leal Porfírio
18345	Leander
18346	Leandro
18347	Leandro Damião
18348	Leandro Fabiano
18349	Leandro Freddy
18350	Leandro Marcos
18351	Leandro Miguel
18352	Leandro Pereira
18353	Leandro Pestanha
18354	Leandro Silva
18355	Leandro Vivenço
18356	Leandros
18357	Leanne
18358	Leart
18359	Leasă
18360	Leautey
18361	Leavy
18362	Leaños
18363	Leš
18364	Lebeau
18365	Lebedenko
18366	Lebedev
18367	Lebenthle
18368	Leblanc
18369	Leblanq
18370	Leblond
18371	Lebo
18372	Lebogang
18373	Lebohang
18374	Lebon
18375	Lebona
18376	Leborgne
18377	Lebreton
18378	Lebrun
18379	Lebusa
18380	Leca
18381	Lecanda
18382	Lechner
18383	Leckie
18384	Leclerc
18385	Leclercq
18386	Lecocq
18387	Lecoeuche
18388	Lecomte
18389	Leconte
18390	Lecoq
18391	Lecroix
18392	Ledeiro Serra
18393	Lederman
18394	Ledesma
18395	Ledezma
18396	Ledion
18397	Lednev
18398	Ledson
18399	Leduc
18400	Lee
18401	Lee Bum Soo
18402	Lee Bum Young
18403	Lee Byeong Wook
18404	Lee Chan Dong
18405	Lee Chang Geun
18406	Lee Chang Min
18407	Lee Chang Yong
18408	Lee Chung Yong
18409	Lee Dong Hee
18410	Lee Dong Jun
18411	Lee Dong Kyung
18412	Lee Dong Ryul
18413	Lee Dong Su
18414	Lee Eu Ddeum
18415	Lee Gi Hyeok
18416	Lee Gwang Hyeok
18417	Lee Gwang Yeon
18418	Lee Gyu Seong
18419	Lee Hak Yun
18420	Lee Han Beom
18421	Lee Han Do
18422	Lee Han Saim
18423	Lee Hee Kyun
18424	Lee Ho
18425	Lee Ho Jae
18426	Lee In Gyu
18427	Lee Jae Sung
18428	Lee Jae Won
18429	Lee Jeong Hyeop
18430	Lee Ji Hoon
18431	Lee Ji Yong
18432	Lee Jin Hyung
18433	Lee Jin Yong
18434	Lee Jong Hoon
18435	Lee Jong Sung
18436	Lee Jong Wook
18437	Lee Joon Suk
18438	Lee Joon Yong
18439	Lee Ju Yong
18440	Lee Jun
18441	Lee Jung Min
18442	Lee Jung Moon
18443	Lee Kang Han
18444	Lee Kang Hee
18445	Lee Kang Hyeon
18446	Lee Keun Ho
18447	Lee KeunHo
18448	Lee Ki Je
18449	Lee Kwang Jun
18450	Lee Kyung Tae
18451	Lee Min Gi
18452	Lee Myung Jae
18453	Lee Pung Yeon
18454	Lee Sang Ki
18455	Lee Seok Gyu
18456	Lee Seung Gi
18457	Lee Seung Mo
18458	Lee Seung Woo
18459	Lee Si Young
18460	Lee Soo Bin
18461	Lee Soon Min
18462	Lee Sung Ju
18463	Lee Sung Yoon
18464	Lee Tae Hee
18465	Lee Tae Suk
18466	Lee Yeong Jae
18467	Lee Yong
18468	Lee Yong Rae
18469	Lee You Hyeon
18470	Lee Young Joon
18471	Lee Yun Oh
18472	Leela
18473	Leemans
18474	Leena
18475	Leerdam
18476	Leeroy
18477	Lees
18478	Lees-Melou
18479	Leeuwenburgh
18480	Lefebvre
18481	Lefevere
18482	Lefort
18483	Lefteris
18484	Lefèvre
18485	Legendre
18486	Leger
18487	Legge
18488	Legrand
18489	Legros
18490	Leguizamón
18491	Legzdins
18492	Lehmann
18493	Lehne Olsen
18494	Lehner
18495	Lehtinen
18496	Lehto
18497	Lehtonen
18498	Lei
18499	Lei T.L.
18500	Lei Tenglong
18501	Leibold
18502	Leider
18503	Leif
18504	Leifsson
18505	Leigh
18506	Leighton
18507	Leijon
18508	Leila
18509	Leila Ouahabi
18510	Leima Donatelo
18511	Leine
18512	Leipertz
18513	Leire
18514	Leistner
18515	Leitch
18516	Leite De Souza
18517	Leite Figueira
18518	Leitgeb
18519	Leitner
18520	Leitsch
18521	Leiva
18522	Lejeune
18523	Lejoly
18524	Leka
18525	Lekan
18526	Leke
18527	Lekhal
18528	Lekhanya
18529	Leko
18530	Lekoelea
18531	Leks
18532	Lekue
18533	Lekue Martínez
18534	Lekven
18535	Leleu
18536	Lelievre
18537	Lelle
18538	Lelong
18539	Lema
18540	Lemaire
18541	Lemaitre
18542	Lemanea
18543	Lemar
18544	Lemaître
18545	Lembit
18546	Lemey
18547	Lemina
18548	Leminger
18549	Lemmens
18550	Lemmerer
18551	Lemoignan
18552	Lemoine
18553	Lemon
18554	Lemonnier
18555	Lemos
18556	Lemos Collazo
18557	Lemperle
18558	Lemti
18559	Lena
18560	Lenaerts
18561	Lencina
18562	Lencinas
18563	Lene
18564	Leneis
18565	Leng
18566	Lengani
18567	Lenglet
18568	Lenie
18569	Lenihan
18570	Lenjani
18571	Lennard
18572	Lennart
18573	Lennerd
18574	Lenni
18575	Lennon
18576	Lennox
18577	Lenny
18578	Leno
18579	Lenoir
18580	Lens
18581	Lenshina
18582	Lenz
18583	Leo
18584	Leo Baptistao
18585	Leo Caldeirinha
18586	Leo Ceara
18587	Leo Coelho
18588	Leo Godoy
18589	Leo Jardim
18590	Leo Román
18591	Leo Silva
18592	Leo Suárez
18593	Leo Vimieiro
18594	Leon
18595	Leon A
18596	Leonard
18597	Leonardo
18598	Leonardo B.
18599	Leonardo Freijão
18600	Leonardo Lopes
18601	Leonardo Luis
18602	Leonardo Miguel
18603	Leonardo Rocha
18604	Leonas
18605	Leone
18606	Leonel
18607	Leonhard
18608	Leonid
18609	Leonidas
18610	Leonie
18611	Leontiy
18612	Leonço
18613	Leopold
18614	Leordinho Paes
18615	Leotrim
18616	Leovac
18617	Lepasa
18618	Lepatin
18619	Lepczyński
18620	Lepe
18621	Lepenant
18622	Lepp
18623	Lerager
18624	Lerato
18625	Lercher
18626	Lerma
18627	Leroux
18628	Leroy
18629	Leroy-Jacques
18630	Les
18631	Lesage
18632	Lesako
18633	Lescano
18634	Leseli
18635	Leshabela
18636	Lesieur
18637	Lesiotis
18638	Lesley
18639	Leslie
18640	Lesmono
18641	Lesniak
18642	Lestienne
18643	Leszek
18644	Letard
18645	Letele
18646	Letellier
18647	Leth
18648	Letheren
18649	Letić
18650	Letica
18651	Letinha Lia
18652	Letizia
18653	Letoa
18654	Letonja
18655	Letschert
18656	Letsholo
18657	Letsie
18658	Letícia
18659	Letícia Lia
18660	Leuenberger
18661	Leugers
18662	Leupolz
18663	Leutrim
18664	Leutwiler
18665	Lev
18666	Levan
18667	Levar
18668	Levent
18669	Leveque
18670	Leverton
18671	Levi
18672	Levin
18673	Levingston
18674	Levitt
18675	Levon
18676	Levy
18677	Lewald
18678	Lewandowski
18679	Leweling
18680	Lewicki
18681	Lewie
18682	Lewington
18683	Lewis
18684	Lewis-Potter
18685	Lewkot
18686	Lewys
18687	Lex
18688	Lex-Tyger
18689	Leya Iseka
18690	Leye
18691	Leyendeker
18692	Leyes
18693	Leys
18694	Leysen
18695	Leyva
18696	Leyvin
18697	Lezama
18698	Lezca
18699	Lezcano
18700	Lezzerini
18701	Leândro
18702	Leão
18703	León
18704	León Bernal
18705	León Cebrián
18706	León Limones
18707	Leôncio Lobeiro
18708	Leôncio Roger
18709	Lgharbi
18710	Li
18711	Li A.
18712	Li Ang
18713	Li B.X.
18714	Li Boxi
18715	Li CH.
18716	Li Chao
18717	Li G.W
18718	Li G.X.
18719	Li Guangwen
18720	Li Guanxi
18721	Li H.
18722	Li H.L.
18723	Li H.R.
18724	Li Hailong
18725	Li Hang
18726	Li Hao
18727	Li Haoran
18728	Li J. Y.
18729	Li Jiayue
18730	Li K.
18731	Li Ke
18732	Li L.
18733	Li Lei
18734	Li M. W.
18735	Li Mengwen
18736	Li P.
18737	Li Peng
18738	Li S.Y.
18739	Li SH.
18740	Li SH.L.
18741	Li SH.Y.
18742	Li Shenglong
18743	Li Shenyuan
18744	Li Shuai
18745	Li Songyi
18746	Li T.X.
18747	Li Tixiang
18748	Li X.
18749	Li X.P.
18750	Li X.Q.
18751	Li Xiang
18752	Li Xingqi
18753	Li Xuepeng
18754	Li Y.
18755	Li Y.Q.
18756	Li Y.Y.
18757	Li Yang
18758	Li Ying
18759	Li Yuanyi
18760	Li Yunqiu
18761	Li Zh.Zh.
18762	Li Zhizhao
18763	Lia Juliana
18764	Liaga
18765	Liam
18766	Liamine
18767	Lian
18768	Liang
18769	Liang SH.W.
18770	Liang Shaowen
18771	Liangming
18772	Liao
18773	Liao C.J.
18774	Liao Chengjian
18775	Liao J.J.
18776	Liao Junjian
18777	Liao L.SH.
18778	Liao Lisheng
18779	Liao W.
18780	Liao Wei
18781	Lias
18782	Liayat
18783	Liška
18784	Liban
18785	Liberato
18786	Libman
18787	Liboko
18788	Libor
18789	Librado
18790	Liburd
18791	Lichnovsky
18792	Licht
18793	Lichtfus
18794	Licinha Bardini
18795	Lidberg
18796	Liddell
18797	Liddle
18798	Lie
18799	Liechti
18800	Lieder
18801	Lieke
18802	Liel
18803	Lien
18804	Lienard
18805	Liendl
18806	Lienhart
18807	Liepa
18808	Liepiņš
18809	Liesegang
18810	Lieuw
18811	Lievens
18812	Liezel
18813	Lightbourne
18814	Lihadji
18815	Lihao
18816	Likai
18817	Likotsi
18818	Lila
18819	Lilaben
18820	Lilian
18821	Liliana
18822	Liliu
18823	Lilja
18824	Liljenbäck
18825	Lillard
18826	Lillis
18827	Lillo Catalá
18828	Lilou
18829	Lily
18830	Lim
18831	Lim Chai Min
18832	Lim Jin Woo
18833	Lim Jong Eun
18834	Lim Sang Hyub
18835	Lima
18836	Lima Almeida
18837	Lima Correia
18838	Lima Ferreira
18839	Lima Linhares
18840	Lima Magalhães
18841	Lima Pereira
18842	Lima Rodrigues
18843	Lima Santos
18844	Lima Semedo
18845	Lima Silva Machado
18846	Lima dos Reis
18847	Lima dos Santos
18848	Limbombe
18849	Limnios
18850	Lin
18851	Lin CH.Y.
18852	Lin Chuangyi
18853	Lin G.Y.
18854	Lin Guoyu
18855	Lin L.M.
18856	Lin Liangming
18857	Lin Y. P.
18858	Lin Yuping
18859	Lina
18860	Linares
18861	Lincoln
18862	Lind
18863	Linda
18864	Lindahl
18865	Lindberg
18866	Linde
18867	Lindeiro Couto
18868	Lindell
18869	Lindelof
18870	Lindelöf
18871	Lindenhahn
18872	Lindgren
18873	Lindner
18874	Lindqvist
18875	Lindrit
18876	Lindsay
18877	Lindseth
18878	Lindsey
18879	Lindström
18880	Lindstrøm
18881	Lines
18882	Lineth
18883	Linetty
18884	Ling
18885	Ling J.
18886	Ling Jie
18887	Lingard
18888	Lingman
18889	Lingr
18890	Linguet
18891	Lingwei
18892	Linh
18893	Lini
18894	Links
18895	Linnes
18896	Lino
18897	Lino Essier
18898	Lino Francisco
18899	Linpeng
18900	Lins
18901	Linsbichler
18902	Linsmayer
18903	Linssen
18904	Linton
18905	Lintott
18906	Linus
18907	Lio
18908	Liod
18909	Lion
18910	Lionel
18911	Lior
18912	Lipovec
18913	Lipski
18914	Lira
18915	Liridon
18916	Lirik
18917	Lirim
18918	Lirola
18919	Lirola Kosok
18920	Lis
18921	Lisa
18922	Lisa-Marie
18923	Lisakovich
18924	Lisandro
18925	Lisandro Pedro
18926	Lisandro Semedo
18927	Lisandru
18928	Lisareda Abravanel
18929	Lisberg
18930	Lisboa Oliveira
18931	Lise
18932	Liseth
18933	Lisheng
18934	Lissens
18935	List
18936	Lister
18937	Listkowski
18938	Liston
18939	Listro
18940	Litka
18941	Lito Duarte
18942	Little
18943	Liu
18944	Liu B.B.
18945	Liu Binbin
18946	Liu D.Z.
18947	Liu Dianzuo
18948	Liu G.B.
18949	Liu Guobo
18950	Liu H.
18951	Liu Huan
18952	Liu J.
18953	Liu J.H.
18954	Liu J.SH.
18955	Liu J.X.
18956	Liu Jiahui
18957	Liu Jian
18958	Liu Jiashen
18959	Liu Junshuai
18960	Liu Junxian
18961	Liu L.
18962	Liu Le
18963	Liu SH.B.
18964	Liu Sh. K.
18965	Liu Sh. Sh.
18966	Liu Shangkun
18967	Liu Shanshan
18968	Liu Shibo
18969	Liu W.G.
18970	Liu Weiguo
18971	Liu X.Y.
18972	Liu Xinyu
18973	Liu Y.
18974	Liu Y. Q.
18975	Liu Yang
18976	Liu Yanqiu
18977	Liu Yun
18978	Liu Zh.L.
18979	Liu Zh.R.
18980	Liu Zhenli
18981	Liu Zhurun
18982	Liudvikas
18983	Liuyu
18984	Livaja
18985	Livaković
18986	Livermore
18987	Livingstone
18988	Liviu
18989	Livolant
18990	Livramento
18991	Lixandru
18992	Liyanage
18993	Liyu
18994	Liza
18995	Lizbeth
18996	Lize
18997	Lizio
18998	Lizoain Cruz
18999	Lizzie
19000	Liénard
19001	Ljajić
19002	Ljuban
19003	Ljubić
19004	Ljubičić
19005	Ljubicic
19006	Ljubomir
19007	Ljujić
19008	Ljung
19009	Ljungberg
19010	Lkhagvasuren
19011	Llabrés
19012	Llabrés Exposito
19013	Llanez
19014	Llanez Jr.
19015	Llano
19016	Lleshi
19017	Lletget
19018	Llewellyn
19019	Lleyton
19020	Lliuya
19021	Llonch
19022	Llonch Puyaltó
19023	Llorente
19024	Llorente Moreno
19025	Llorente R.
19026	Llorente Ríos
19027	Llorente Torres
19028	Lloris
19029	Lloyd
19030	Llugiqi
19031	Lluis
19032	Lluis Andreu
19033	Lluis Lopez
19034	Lluis Tarrés
19035	Lluís
19036	Lluís López
19037	Lo
19038	Lo Celso
19039	Loaiza
19040	Loba
19041	Lobateiro Gomes
19042	Lobato
19043	Lobato Selva
19044	Lobeiro Cunha
19045	Lobete
19046	Lobete Cienfuegos
19047	Lobinger
19048	Lobjanidze
19049	Lobo
19050	Lobo Silva
19051	Loboda
19052	Lobos
19053	Lobotka
19054	Lobry
19055	Loc Thuc
19056	Locadia
19057	Locatelli
19058	Lochoshvili
19059	Lock
19060	Lockett
19061	Lockhart
19062	Locko
19063	Lockyer
19064	Lod
19065	Lode
19066	Lodeira Araujo
19067	Lodeiro
19068	Lodeiro Ferreira
19069	Lodi dos Santos
19070	Loera
19071	Loes
19072	Loft
19073	Loftur
19074	Loftus-Cheek
19075	Logan
19076	Logarzo
19077	Logoreci
19078	Logue
19079	Lohani
19080	Lohar
19081	Lohkemper
19082	Lohmann
19083	Lohner Maia
19084	Loick
19085	Loiodice
19086	Loiseau
19087	Lojze
19088	Lokaj
19089	Loken
19090	Lokhande
19091	Lokotsch
19092	Lola
19093	Lola Gallardo
19094	Lolley
19095	Lollo
19096	Lomb
19097	Lomba
19098	Lomba Neto
19099	Lombard
19100	Lombardi
19101	Lombardo
19102	Lombán
19103	Lomidze
19104	Lomotey
19105	Lomovitskiy
19106	Lomónaco
19107	Lončar
19108	Loncar
19109	London
19110	Lonergan
19111	Long
19112	Long W.H.
19113	Long Wenhao
19114	Longdon
19115	Longelo
19116	Longelo-Mbulu
19117	Longfei
19118	Longhai
19119	Longher
19120	Longman
19121	Longo
19122	Longridge
19123	Longstaff
19124	Lonsana
19125	Lontieff
19126	Lonwijk
19127	LookBook
19128	Lookman
19129	Lopane
19130	Lopes
19131	Lopes Fernandes
19132	Lopes Martins
19133	Lopes Paixão
19134	Lopes Pereira
19135	Lopes Vieira
19136	Lopes Xavier
19137	Lopes de Souza
19138	Lopeti
19139	Lopez
19140	Lopy
19141	Lora
19142	Loran
19143	Lorch
19144	Lord
19145	Lore
19146	Loreintz
19147	Loren
19148	Lorenc
19149	Lorenco
19150	Lorentzen
19151	Lorenz
19152	Lorenzo
19153	Loret
19154	Loretz
19155	Loric
19156	Loridan
19157	Lorik
19158	Loris
19159	Loriyan
19160	Loroña
19161	Lorrai
19162	Lorsheyd
19163	Loránd
19164	Loría
19165	Losada
19166	Losada Aragunde
19167	Losada Gómez
19168	Loshaj
19169	Losilla
19170	Loska
19171	Loskutovs
19172	Lothar
19173	Lotomba
19174	Lotte
19175	Lotti
19176	Lou
19177	Loua
19178	Loubongo
19179	Loubongo-M'Boungou
19180	Louchet
19181	Loue
19182	Loughlan
19183	Loughran
19184	Louie
19185	Louis
19186	Louisa
19187	Louise
19188	Louiserre
19189	Louka
19190	Loukou
19191	Loum
19192	Loup
19193	Loureiro Cardoso
19194	Lourency
19195	Lourency R
19196	Louri Beretta
19197	Lourival Adnan
19198	Lourival Dinisco
19199	Lourival Rodeiro
19200	Louro Padilha
19201	Lousntak
19202	Lousvartian
19203	Louvaris
19204	Louza
19205	Lova
19206	Lovato
19207	Lovatt
19208	Lovše
19209	Love
19210	Lovera
19211	Lovick
19212	Lovitz
19213	Lovre
19214	Lovren
19215	Lovrencsics
19216	Lovrić
19217	Lovrič
19218	Lovro
19219	Low
19220	Lowe
19221	Lowery
19222	Lowry
19223	Lowton
19224	Loyola
19225	Lozano
19226	Lozano Llona
19227	Lozano Lluch
19228	Lozano Vizuete
19229	Lozoya
19230	Loïc
19231	Loïs
19232	Lu
19233	Lu X.Y.
19234	Lu Xianyong
19235	Luamba
19236	Luan
19237	Luan Capanni
19238	Luan David
19239	Luan Peres
19240	Luan Sendeiro
19241	Luan Vágner
19242	Luan dos Santos
19243	Luana
19244	Luayza
19245	Luštica
19246	Lubala
19247	Lubambo
19248	Lubis
19249	Luboš
19250	Lubomír
19251	Luc
19252	Luca
19253	Luca Sangalli
19254	Lucaj
19255	Lucas
19256	Lucas Acosta
19257	Lucas Ahijado
19258	Lucas Boyé
19259	Lucas Covolan
19260	Lucas Cunha
19261	Lucas Eduardo
19262	Lucas Esteves
19263	Lucas Fernandes
19264	Lucas Gabriel
19265	Lucas Jaques
19266	Lucas João
19267	Lucas Leiva
19268	Lucas Lima
19269	Lucas Luciano
19270	Lucas M.
19271	Lucas Maciel
19272	Lucas Maia
19273	Lucas Mantela
19274	Lucas Mineiro
19275	Lucas Monzón
19276	Lucas Moura
19277	Lucas Paquetá
19278	Lucas Pedro
19279	Lucas Piazón
19280	Lucas Possignolo
19281	Lucas Pérez
19282	Lucas Romero
19283	Lucas Silva
19284	Lucas Souza
19285	Lucas Taylor
19286	Lucas Tolentino
19287	Lucas Torró
19288	Lucas V.
19289	Lucas Veríssimo
19290	Lucas Vázquez
19291	Lucas de Vega
19292	Lucas Áfrico
19293	Lucassen
19294	Lucchetti
19295	Lucena
19296	Lucero
19297	Lucho
19298	Lucho García
19299	Lucian
19300	Luciano
19301	Luciano Cacheira
19302	Luciano Renato
19303	Luciano Silva
19304	Lucie
19305	Lucien
19306	Lucija
19307	Lucio
19308	Lucioni
19309	Luckassen
19310	Luckeneder
19311	Lucoqui
19312	Lucu
19313	Lucumi
19314	Lucumí
19315	Lucy
19316	Lucía
19317	Lucía García
19318	Luděk
19319	Ludewig
19320	Ludis
19321	Ludovic
19322	Ludovit
19323	Ludvig
19324	Ludvigs
19325	Ludwig
19326	Ludwigson
19327	Luengo Redondo
19328	Luftar
19329	Lugano
19330	Lugo
19331	Luís Phelipe
19332	Luifer
19333	Luigi
19334	Luik
19335	Luildo Simões
19336	Luimo Boas Santos
19337	Luipa
19338	Luis
19339	Luis Alberto
19340	Luis Andrés
19341	Luis Arcadio
19342	Luis Benjamin
19343	Luis Carbonell
19344	Luis Carlos
19345	Luis Castillo
19346	Luis Claudinei
19347	Luis Couprins
19348	Luis David
19349	Luis Díaz
19350	Luis Enrique
19351	Luis Federico
19352	Luis Fernando
19353	Luis Florencio
19354	Luis Gabriel
19355	Luis Gustavo
19356	Luis Henrique
19357	Luis Javier
19358	Luis Jesús
19359	Luis Leonardo
19360	Luis López
19361	Luis Manuel
19362	Luis Mateo
19363	Luis Melquiades
19364	Luis Miguel
19365	Luis Milla
19366	Luis Muñoz
19367	Luis Neri
19368	Luis Paezinho
19369	Luis Perea
19370	Luis Pérez
19371	Luis Rioja
19372	Luis Yamil
19373	Luis Ángel
19374	Luisinho Conradi
19375	Luisinho Lúcio
19376	Luismi
19377	Luitjes
19378	Luiz
19379	Luiz Araújo
19380	Luiz Carlos
19381	Luiz Felipe
19382	Luiz Fernando
19383	Luiz Frello
19384	Luiz Guilherme
19385	Luiz Gustavo
19386	Luiz Júnior
19387	Luiz Lúcio
19388	Luiz Nunes
19389	Luiz Phellype
19390	Luiz Santiago
19391	Luiza
19392	Luján
19393	Luka
19394	Lukacevic
19395	Lukaku
19396	Lukas
19397	Luke
19398	Lukeba
19399	Lukić
19400	Lukic
19401	Lukoki
19402	Lukov
19403	Luković
19404	Lukovs
19405	Lukáš
19406	Lukébakio
19407	Lulzim
19408	Lulëzim
19409	Lumanza L
19410	Lumanza Lembi
19411	Lumb
19412	Lumbardh
19413	Lumeka
19414	Lumley
19415	Lumturi
19416	Lun Ang
19417	Luna
19418	Luna Diale
19419	Luna Rodriguez
19420	Lund
19421	Lundal
19422	Lundberg
19423	Lunddal
19424	Lunde
19425	Lundemo
19426	Lundevall
19427	Lundgaard
19428	Lundgren
19429	Lundholm
19430	Lundin
19431	Lunding
19432	Lundqvist
19433	Lundrim
19434	Lundstram
19435	Lundström
19436	Lunev
19437	Lung
19438	Lungoyi
19439	Lungu
19440	Lungwitz
19441	Lunin
19442	Luningning
19443	Luo
19444	Luo G. P.
19445	Luo Guiping
19446	Luo H.
19447	Luo Hao
19448	Luo J.
19449	Luo J.H.
19450	Luo Jing
19451	Luo Junhan
19452	Luo X.
19453	Luo Xin
19454	Luo Y.
19455	Luo Yi
19456	Luoa
19457	Luong
19458	Luongo
19459	Lupapa
19460	Luperto
19461	Lupu
19462	Lupul
19463	Luqman
19464	Luquinha
19465	Luquinhas
19466	Lusamba
19467	Lusiusz
19468	Lustenberger
19469	Lustica
19470	Lustig
19471	Lutfi
19472	Luthe
19473	Luther
19474	Lutiger
19475	Lutonda
19476	Lutsharel
19477	Luuk
19478	Lux
19479	Luyindama
19480	Luyten
19481	Luz Horta
19482	Luz Sanches
19483	Luís Alberto
19484	Luís Augusto
19485	Luís Bastos
19486	Luís Carlos
19487	Luís Fellipe
19488	Luís Fernando
19489	Luís Figo
19490	Luís Filipe
19491	Luís Henrique
19492	Luís Machado
19493	Luís Manuel
19494	Luís Martins
19495	Luís Mata
19496	Luís Maximiano
19497	Luís Miguel
19498	Luís Mota
19499	Luís Neto
19500	Luís Pedro
19501	Luís Rafael
19502	Luís Rocha
19503	Luís Santos
19504	Luíz Carlos
19505	Lwin
19506	Ly
19507	Lyanco
19508	Lyden
19509	Lydia
19510	Lydie
19511	Lye
19512	Lykkegaard
19513	Lykogiannis
19514	Lyle
19515	Lynch
19516	Lynch Sanchéz
19517	Lynden
19518	Lyndon
19519	Lynen
19520	Lyness
19521	Lynford
19522	Lynn
19523	Lyons
19524	Lyons-Foster
19525	Lyratzis
19526	Lys
19527	Lysandros
19528	Lysenko
19529	Lysgård
19530	Lyska
19531	Lyu P.
19532	Lyu W.J.
19533	Lyudmila
19534	László
19535	Léa Siliki
19536	Léa-Siliki
19537	Léandre
19538	Léider
19539	Léo
19540	Léo Andrade
19541	Léo Bonatini
19542	Léo Ceará
19543	Léo Chú
19544	Léo Duarte
19545	Léo Jardim
19546	Léo Sena
19547	Léo Silva
19548	Léon
19549	Léris
19550	Lértora
19551	Lê
19552	Lódico
19553	López
19554	López Alcaide
19555	López Andúgar
19556	López Arboleas
19557	López Cabrera
19558	López Carballo
19559	López Carracedo
19560	López Galache
19561	López Huesca
19562	López Kaleniuk
19563	López Menéndez
19564	López Moreno
19565	López Muñoz
19566	López Mármol
19567	López Quintana
19568	López Ramón
19569	López Ratón
19570	López Rodríguez
19571	López Sabata
19572	López Salguero
19573	López Silva
19574	López Álvarez
19575	Löfgren
19576	Löfkvist
19577	Löfquist
19578	Löhmannsröben
19579	Löhr
19580	Lössl
19581	Löwe
19582	Löwen
19583	Løkberg
19584	Lúcio Anselmo
19585	Lúcio Calegario
19586	Lü
19587	Lü Peng
19588	Lü Wenjun
19589	Lüchinger
19590	Lüthi
19591	Lý
19592	Mățan
19593	Măgureanu
19594	Mălăele
19595	Măr
19596	Mărgărit
19597	Mărieș
19598	Mączyński
19599	M'Bala
19600	M'Baye
19601	M'Bemba
19602	M'Bolhi
19603	M'Bondo
19604	M'Bra
19605	M'Changama
19606	M'Mombwa
19607	M'Vila
19608	M'hamdi
19609	M. Afaneh
19610	M. Ahmed
19611	M. Alamri
19612	M. Alhaeti
19613	M. Ali
19614	M. Alkuwaykibi
19615	M. Alshammari
19616	M. Alshanqeeti
19617	M. Alsubaie
19618	M. Arzamendia
19619	M. Azevedo
19620	M. Baixinho
19621	M. Balikwisha
19622	M. Berisha
19623	M. Bogusz
19624	M. Boselli
19625	M. Brasil
19626	M. C. Akpınar
19627	M. Caicedo
19628	M. Campaña
19629	M. Caraglio
19630	M. Carcelen
19631	M. Cardona
19632	M. Cardoso
19633	M. Casco
19634	M. Coronel
19635	M. Corredera
19636	M. Covea
19637	M. Demir
19638	M. Diaz
19639	M. Estrada
19640	M. Fall
19641	M. Fateel
19642	M. Fernandes
19643	M. Ferreira
19644	M. Fraih
19645	M. Franco
19646	M. Fuad
19647	M. Garay
19648	M. García
19649	M. González
19650	M. Grujić
19651	M. Gómez
19652	M. Götze
19653	M. Hernando
19654	M. Hofmann
19655	M. Hoyos
19656	M. Ibáñez
19657	M. Jamal
19658	M. Jaramillo
19659	M. Jimenez
19660	M. Jones
19661	M. Kaan
19662	M. Kamara
19663	M. Kanno
19664	M. Khalfan
19665	M. Koné
19666	M. Layún
19667	M. Llambrich
19668	M. Llorente
19669	M. Maga
19670	M. Marius
19671	M. Mateu
19672	M. Mauro
19673	M. Mert
19674	M. Meza
19675	M. Mohammadi
19676	M. Oliveira
19677	M. Olivera
19678	M. Olmedo
19679	M. Ortíz
19680	M. Otazu
19681	M. Oyola
19682	M. Parrales
19683	M. Pasinato
19684	M. Peybernes
19685	M. Pineida
19686	M. Popescu
19687	M. Quarta
19688	M. Quiroga
19689	M. Rabuñal
19690	M. Rais
19691	M. Reina
19692	M. Rharsalla
19693	M. Ribeiro Ferreira
19694	M. Saldívar
19695	M. Salem
19696	M. Salisu
19697	M. Sanchez
19698	M. Santilli
19699	M. Shaker
19700	M. Sosa
19701	M. Suarez
19702	M. Sánchez
19703	M. Tamari
19704	M. Topal
19705	M. Torres
19706	M. Trezeguet
19707	M. Ureña
19708	M. Uzuni
19709	M. Vanderlei
19710	M. Vargas
19711	M. Veloso
19712	M. Viña
19713	M. Waris
19714	M.A. Leal
19715	M.Abbas
19716	M.Abusabaan
19717	M.Aldosari
19718	M.Alnajrani
19719	M.Alsaeed
19720	M.Alsahli
19721	M.Alsaiari
19722	M.Alzubaidi
19723	M.Arambarri
19724	M.Araújo
19725	M.Bakhit
19726	M.Barreiro
19727	M.Bouldini
19728	M.Constantin
19729	M.Coronel
19730	M.Dardai
19731	M.Douglas
19732	M.Doyle
19733	M.Eggestein
19734	M.Elia
19735	M.Elneny
19736	M.Erdem
19737	M.Estigarribia
19738	M.Fofana
19739	M.González
19740	M.Hosseini
19741	M.Jr.Diagne
19742	M.Khubrani
19743	M.L. Jarjué
19744	M.L.S. Trejo
19745	M.Lainez
19746	M.Longstaff
19747	M.M. Saizar
19748	M.Maignan
19749	M.Misfeer
19750	M.Naji
19751	M.Navarro
19752	M.Nervo
19753	M.Njie
19754	M.Olivera
19755	M.Palacios
19756	M.Perez
19757	M.Perg
19758	M.Ponce
19759	M.Salah
19760	M.Sarr
19761	M.Shanqiti
19762	M.Silva
19763	M.Smith
19764	M.Thiam
19765	M.Thuler
19766	M.Toure
19767	M.Trigueros
19768	M.Trésor
19769	M.Valiente
19770	M.Wagué
19771	M.Wallace
19772	M.Örnek
19773	Młyński
19774	MOUNT, Mason
19775	Ma
19776	Ma F.Y.
19777	Ma Fuyu
19778	Ma J.
19779	Ma Jun
19780	Ma K.Y.
19781	Ma Kunyue
19782	Ma Sang Hoon
19783	Ma X.Y.
19784	Ma Xingyu
19785	Ma Zhen
19786	Małachowski
19787	Małek
19788	Małgorzata
19789	Maadi
19790	Maalin
19791	Maambo
19792	Maanum
19793	Maariyah
19794	Maarja
19795	Maarouf
19796	Maarten
19797	Maas
19798	Maathai
19799	Maatsen
19800	Mašek
19801	Mašović
19802	Mabanda
19803	Mabandla
19804	Mabasa
19805	Mabaso
19806	Mabe
19807	Mabiala
19808	Mabil
19809	Mabiliso
19810	Mac
19811	Mac Allister
19812	Mac-Intosch
19813	MacCall
19814	MacColl
19815	MacCutcheon
19816	MacDonald
19817	MacFarlane
19818	MacGillivray
19819	MacGregor
19820	MacIver
19821	MacKay
19822	MacKeith
19823	MacKenzie
19824	MacKie
19825	MacKinley
19826	MacKinnon
19827	MacKintosh
19828	MacLean
19829	MacLeman
19830	MacLeod
19831	MacMahon
19832	MacMath
19833	MacMillan
19834	MacNeil
19835	MacPherson
19836	Macagno
19837	Macar
19838	Macari
19839	Macarinho Louro
19840	Macario André
19841	Macaulay
19842	Macauley
19843	Mace
19844	Macedo
19845	Macedo Calegari
19846	Macedo da Silva
19847	Maceira Nascimento
19848	Maceiras
19849	Macek
19850	Macey
19851	Machach
19852	Machado
19853	Machado Beto Alves
19854	Machado Chagas
19855	Machado Ferreira
19856	Machado Mata
19857	Machado Ribeiro
19858	Machado Vilela
19859	Macheda
19860	Machemko
19861	Machida
19862	Machin
19863	Machino
19864	Machop
19865	Machoro
19866	Machuca
19867	Machín Dicombo
19868	Machín Pérez
19869	Machís
19870	Maciaszek
19871	Maciej
19872	Maciejewski
19873	Maciek
19874	Maciel
19875	Mackay-Steven
19876	Mackenzie
19877	Mackie
19878	Macklin
19879	Mackye
19880	Maclaren
19881	Macías
19882	Madallah
19883	Madan
19884	Madanapal
19885	Madani
19886	Madar
19887	Madara
19888	Madari
19889	Maddison
19890	Maddox
19891	Made
19892	Madeira
19893	Madeira Caeiro Figo
19894	Madeleine
19895	Madelen
19896	Madelin
19897	Madhu
19898	Madhuri
19899	Madine
19900	Madinha Eustáquio
19901	Madison
19902	Madiyar
19903	Madlasomo
19904	Madon
19905	Madrazo
19906	Madrid
19907	Madrigal
19908	Mads
19909	Mads Bech
19910	Mads Døhr
19911	Mads Emil
19912	Mads Fagerli
19913	Mads Juel
19914	Madsen
19915	Madu
19916	Madueke
19917	Madueña
19918	Maduka
19919	Maduro
19920	Mady
19921	Mae
19922	Maeda
19923	Maegan
19924	Maejima
19925	Maekawa
19926	Mael
19927	Maela
19928	Maertens
19929	Maes
19930	Maesko
19931	Maffeo
19932	Maffeo Becerra
19933	Mafileo
19934	Mafla
19935	Mafouta
19936	Maga
19937	Magalhães
19938	Magalhães Almeida
19939	Magalhães de Sá
19940	Magallanes
19941	Magallán
19942	Magar
19943	Magarian
19944	Magaña
19945	Magda
19946	Magdalena
19947	Magdelene
19948	Magee
19949	Magela Acuna
19950	Magela Bardini
19951	Magela Sá
19952	Magellan
19953	Magennis
19954	Maggi
19955	Maggiore
19956	Maghoma
19957	Magi Bardini
19958	Magill
19959	Magkeev
19960	Maglica
19961	Magloire
19962	Magnanelli
19963	Magnani
19964	Magnar
19965	Magnetti
19966	Magnier
19967	Magnin
19968	Magno
19969	Magnus
19970	Magnus Finne
19971	Magnus Kofod
19972	Magnus Retsius
19973	Magnus S.
19974	Magnus Wolff
19975	Magnusson
19976	Magnée
19977	Magnússon
19978	Mago
19979	Magomed
19980	Magsudov
19981	Maguette
19982	Maguinho
19983	Maguire
19984	Magull
19985	Magyar
19986	Mahad
19987	Mahadev
19988	Mahafooz
19989	Mahafshar
19990	Mahajan
19991	Mahamadou
19992	Mahamat
19993	Mahamud
19994	Mahamé
19995	Mahan
19996	Mahanta
19997	Mahapatra
19998	Maharana
19999	Mahasampo
20000	Mahat
20001	Mahata
20002	Mahato
20003	Mahavir
20004	Mahdi
20005	Mahe
20006	Mahecha
20007	Mahela
20008	Mahendra
20009	Maher
20010	Mahesh
20011	Mahi
20012	Mahieu
20013	Mahinya
20014	Mahir
20015	Mahjari
20016	Mahkota
20017	Mahlangu
20018	Mahlon
20019	Mahmood
20020	Mahmoud
20021	Mahmud
20022	Mahmud Safiq
20023	Mahmut
20024	Mahn
20025	Mahnashi
20026	Mahno
20027	Mahon
20028	Mahoney
20029	Mahou
20030	Mahrer
20031	Mahrez
20032	Mahsun
20033	Mahto
20034	Mai
20035	Maia Da Silva
20036	Maia Padilha
20037	Maia Reis
20038	Maia Silva
20039	Maic
20040	Maicol
20041	Maid
20042	Maidana
20043	Maideira Almeida
20044	Maier
20045	Maigaard
20046	Maignan
20047	Maiiti
20048	Maik
20049	Maikel
20050	Maikel Catarino
20051	Maikel M.
20052	Maikel Mesa
20053	Maikel Renan
20054	Maillard
20055	Maillet
20056	Maimaiti
20057	Maimaitiyili
20058	Maimun
20059	Main
20060	Maina
20061	Mainero
20062	Mainka
20063	Mair
20064	Maira
20065	Maire
20066	Maisuradze
20067	Maita
20068	Maite
20069	Maite Oroz
20070	Maiti
20071	Maitland-Niles
20072	Maity
20073	Maiz
20074	Maja
20075	Majarashi
20076	Majchrowicz
20077	Majecki
20078	Majed
20079	Majed.K
20080	Majeed
20081	Majer
20082	Majerus
20083	Majetschak
20084	Majewski
20085	Majhi
20086	Maji
20087	Majid
20088	Majok
20089	Majrashi
20090	Majri
20091	Majsterek
20092	Majstorović
20093	Majumdar
20094	Majumder
20095	Mak
20096	Makan Winkle
20097	Makana
20098	Makani
20099	Makar
20100	Makarenko
20101	Makarić
20102	Makaridze
20103	Makaringe
20104	Makarios
20105	Makariy
20106	Makarov
20107	Makatounakis
20108	Makavan
20109	Make
20110	Makelele
20111	Makengo
20112	Makgaka
20113	Makhaya
20114	Makhkamov
20115	Makhosetive
20116	Makhtar
20117	Makhulu
20118	Makienok
20119	Makino
20120	Makis
20121	Mako
20122	Makoenoe
20123	Makoto
20124	Makouana
20125	Makoun
20126	Makouta
20127	Makowski
20128	Makreckis
20129	Makridis
20130	Maksim
20131	Maksimenko
20132	Maksimov
20133	Maksimović
20134	Maksimovic
20135	Maksym
20136	Maksymilian
20137	Makulska
20138	Makwetla
20139	Makélélé
20140	Mal
20141	Mala
20142	Malachi
20143	Malachowski
20144	Malacia
20145	Malaeka
20146	Malagón
20147	Malaitai
20148	Malaj
20149	Malakar
20150	Malaly
20151	Malanda
20152	Malang
20153	Malangi
20154	Malard
20155	Malati
20156	Malatini
20157	Malbašić
20158	Malbec
20159	Malcı
20160	Malcah
20161	Malcolm
20162	Malcom
20163	Malcorra
20164	Malcuit
20165	Maldini
20166	Maldonado
20167	Maldybaev
20168	Male
20169	Male 1
20170	Male 2
20171	Male 3
20172	Male 4
20173	Male_10
20174	Male_7
20175	Malec
20176	Malede
20177	Maleh
20178	Malek
20179	Malele
20180	Malen
20181	Malepa
20182	Males
20183	Malete
20184	Maley
20185	Malheiro
20186	Malheiro de Sá
20187	Malhotra
20188	Mali
20189	Malick
20190	Malicki
20191	Malico Paulino
20192	Malicsek
20193	Malik
20194	Malin
20195	Malinga
20196	Malinov
20197	Malinovskyi
20198	Malinowska
20199	Malinowski
20200	Malka
20201	Malkin
20202	Malkolm
20203	Mallı
20204	Malla
20205	Mallan
20206	Mallay
20207	Mallet
20208	Malley
20209	Malli
20210	Mallick
20211	Mallik
20212	Mallika
20213	Mallo Novegil
20214	Mallon
20215	Mallory
20216	Mallé
20217	Malo
20218	Maloča
20219	Malone
20220	Maloney
20221	Malong
20222	Malrechauffe
20223	Malsa
20224	Malte
20225	Malthe
20226	Malti
20227	Malvind
20228	Malá
20229	Malý
20230	Mama Baldé
20231	Mama Samba
20232	Mamadi Caba
20233	Mamadi Camará
20234	Mamadou
20235	Mamady
20236	Mamani
20237	Mamaní
20238	Mamardashvili
20239	Mamashayev
20240	Mamat
20241	Mamata
20242	Mamba
20243	Mambimbi
20244	Mambo
20245	Mambwe
20246	Mame
20247	Mame Diouf
20248	Mamedovi
20249	Mamengi
20250	Mamikonian
20251	Mamina
20252	Mammadov
20253	Mammeri
20254	Mammini
20255	Mamoepa
20256	Mamor
20257	Mamoudou
20258	Mampala
20259	Mamta
20260	Mamudu
20261	Mamut
20262	Man
20263	Mana
20264	Manabu
20265	Manaf
20266	Manafá
20267	Manafá Jancó
20268	Manaj
20269	Manakov
20270	Manassé
20271	Manato
20272	Manceau
20273	Mancienne
20274	Mancilla
20275	Mancinelli
20276	Mancini
20277	Manconi
20278	Mancosu
20279	Mancuello
20280	Mancuso
20281	Mancín
20282	Mandal
20283	Mandala
20284	Mandanda
20285	Mandar
20286	Mandash
20287	Mandava
20288	Mande
20289	Mandeep
20290	Mandela
20291	Mandi
20292	Mandouki
20293	Mandous
20294	Mandragora
20295	Mandrea
20296	Mandroiu
20297	Mandron
20298	Mandukhai
20299	Mandé
20300	Mane
20301	Manea
20302	Manenti
20303	Manfred
20304	Manfredini
20305	Manga
20306	Mangal
20307	Mangala
20308	Mangani
20309	Mangat
20310	Mangin
20311	Mangoro
20312	Manhoef
20313	Mani
20314	Maniani
20315	Manicone
20316	Maniga
20317	Manik
20318	Manish
20319	Manisha
20320	Manjarrés
20321	Manjhi
20322	Manjit
20323	Manjrekar
20324	Manju
20325	Manjula
20326	Manjunatha
20327	Mankaba
20328	Manley
20329	Mann
20330	Manna
20331	Mannbjørn
20332	Manneh
20333	Mannhardt
20334	Manni Garcia
20335	Manning
20336	Mannion
20337	Mannone
20338	Mannsverk
20339	Mannus
20340	Manny
20341	Manohar
20342	Manoj
20343	Manolas
20344	Manole
20345	Manolis
20346	Manolo
20347	Manolo Reina
20348	Manon
20349	Manor
20350	Manosalva
20351	Manotas
20352	Manoubi
20353	Manoukian
20354	Manprit
20355	Manquillo
20356	Manquillo Gaitán
20357	Manrique
20358	Mans
20359	Mansell
20360	Mansilla
20361	Manson
20362	Mansor B.
20363	Mansour
20364	Mansur
20365	Mansurov
20366	Mantalos
20367	Mantela Patrício
20368	Mantilla
20369	Mantl
20370	Mantuan
20371	Manu
20372	Manu Apeh
20373	Manu Barreiro
20374	Manu Garcia
20375	Manu García
20376	Manu Garrido
20377	Manu Hernando
20378	Manu Kone
20379	Manu Martos
20380	Manu Molina
20381	Manu Morillo
20382	Manu Morlanes
20383	Manu N. Molina
20384	Manu Navarro
20385	Manu Sánchez
20386	Manu Trigueros
20387	Manu Vallejo
20388	Manua
20389	Manuel
20390	Manuel Antonio
20391	Manuel Fernandes
20392	Manuel Galán
20393	Manuel H.
20394	Manuel Leonardo
20395	Manuel Luís
20396	Manvelyan
20397	Manvir
20398	Manwell
20399	Manyama
20400	Manyluak
20401	Manzala
20402	Manzano Cortés
20403	Manzari
20404	Mané
20405	Mao
20406	Mao K.Y.
20407	Mao Kaiyu
20408	Maocha
20409	Maolida
20410	Maouassa
20411	Map
20412	Mapemba
20413	Maphosa
20414	Mapi León
20415	Mapira
20416	Mara
20417	Maraš
20418	Maracás
20419	Maradishvili
20420	Maradona
20421	Marafona
20422	Marak
20423	Marandi
20424	Marash
20425	Maraval
20426	Marc
20427	Marc Andre
20428	Marc Baró
20429	Marc Cardona
20430	Marc Echarri
20431	Marc Gual
20432	Marc Martínez
20433	Marc Mateu
20434	Marc Navarro
20435	Marc Roca
20436	Marc Vales
20437	Marc Valiente
20438	Marc-André
20439	Marc-Aurèle
20440	Marc-Francois
20441	Marc-Oliver
20442	Marcano
20443	Marcano Sierra
20444	Marcao
20445	Marceau
20446	Marcel
20447	Marcelin
20448	Marcelinho Moraisco
20449	Marcelino
20450	Marcelo
20451	Marcelo André
20452	Marcelo Antônio
20453	Marcelo Emanuel
20454	Marcelo Grohe
20455	Marcelo Lopes
20456	Marcelo Machado
20457	Marcelo Pitaluga
20458	Marcelo Vildeia
20459	Marcelo dos Santos
20460	March
20461	Marchal
20462	Marchand
20463	Marchante
20464	Marche
20465	Marchena
20466	Marchena Millán
20467	Marchenko
20468	Marchesano
20469	Marcheseyan
20470	Marchesín
20471	Marchetti
20472	Marchiori
20473	Marchizza
20474	Marchwiński
20475	Marchán
20476	Marchán Vidal
20477	Marcia
20478	Marcial
20479	Marciano
20480	Marcin
20481	Marcinho
20482	Marciniak
20483	Marcinkowski
20484	Marcio
20485	Marcio Augusto
20486	Marcioni
20487	Marco
20488	Marco André
20489	Marco Asensio
20490	Marco Baixinho
20491	Marco Davide
20492	Marco Filipe
20493	Marco João
20494	Marco Paixão
20495	Marco Paulo
20496	Marco Pereira
20497	Marco Sangalli
20498	Marco Soares
20499	Marcondes
20500	Marcone
20501	Marcos
20502	Marcos A.
20503	Marcos Alam
20504	Marcos Alonso
20505	Marcos André
20506	Marcos Antonio
20507	Marcos Celorrio
20508	Marcos JR.
20509	Marcos Júnior
20510	Marcos Lavín
20511	Marcos Llorente
20512	Marcos Mauro
20513	Marcos Paneira
20514	Marcos Paulo
20515	Marcos Robson
20516	Marcos Rojo
20517	Marcos Silva
20518	Marcq
20519	Marcus
20520	Marcus Holmgren
20521	Marcussen
20522	Marcão
20523	Mardi
20524	Mardial Cunha
20525	Mardial Sidney
20526	Mardirosian
20527	Mareš
20528	Marechal
20529	Marega
20530	Marek
20531	Mareko
20532	Maren
20533	Marengo
20534	Maresca
20535	Maresic
20536	Maret
20537	Margaret
20538	Margarida
20539	Margaux
20540	Margetson
20541	Margit
20542	Margot
20543	Margreitter
20544	Margueron
20545	Margush
20546	Marić
20547	Mari Paz
20548	Mari Paz Vilas
20549	Maria
20550	Maria Francisca
20551	Mariam
20552	Mariama
20553	Marian
20554	Mariana
20555	Mariana Azevedo
20556	Mariani
20557	Marianna
20558	Mariano
20559	Maric
20560	Marichal
20561	Marie
20562	Marieke
20563	Marieme
20564	Maries
20565	Mariette
20566	Marija
20567	Marijan
20568	Marijus
20569	Marin
20570	Marina
20571	Marinato
20572	Marinatos
20573	Marinšek
20574	Marinelli
20575	Marinescu
20576	Marini
20577	Marino
20578	Marino Alkorta
20579	Marinović
20580	Marinovic
20581	Marinus
20582	Mario
20583	Mario G.
20584	Mario Gaspar
20585	Mario González
20586	Mario Hdez.
20587	Mario Hermoso
20588	Mario Hernández
20589	Mario Ordoñez
20590	Mario Rodríguez
20591	Mario Rui
20592	Mario S.
20593	Mario Soriano
20594	Mario Suárez
20595	Mario-Jason
20596	Marion
20597	Mariona
20598	Marios
20599	Maripuu
20600	Maripán
20601	Maris
20602	Marisa
20603	Marit
20604	Mariterangi
20605	Maritu
20606	Marius
20607	Mariusz
20608	Mariya
20609	Mariz Luís
20610	Marié
20611	Mariño Villar
20612	Mark
20613	Mark-Anthony
20614	Markaj
20615	Markanday
20616	Markarian
20617	Markel
20618	Markel Lozano
20619	Markelic
20620	Markelo
20621	Markey
20622	Markiewicz
20623	Markitesov
20624	Markmanrud
20625	Marko
20626	Markov
20627	Marković
20628	Markovic
20629	Marks
20630	Marku
20631	Markus
20632	Marley
20633	Marlinito Dias
20634	Marlion Gustavo
20635	Marlion Rolim
20636	Marlion Rômulo
20637	Marlion Simões
20638	Marlon
20639	Marlon Barninho
20640	Marlon Lourival
20641	Marlon Nideiro
20642	Marlon Rômulo
20643	Marlon Suliman
20644	Marlos
20645	Marmoush
20646	Marnon
20647	Maro
20648	Maroši
20649	Marokhy
20650	Marong
20651	Maroni
20652	Maronne
20653	Maroof
20654	Marosi
20655	Marouane
20656	Marozsan
20657	Marozsán
20658	Marques
20659	Marques Amorim
20660	Marques Barni
20661	Marques Borges
20662	Marques Gonçalves
20663	Marques Loureiro
20664	Marques Malho
20665	Marques Paiva
20666	Marques Siqueira
20667	Marquet
20668	Marquez
20669	Marquinhos
20670	Marquinhos Cipriano
20671	Marquis
20672	Marqués
20673	Marran
20674	Marreh
20675	Marrero Monzón
20676	Marriott
20677	Marrone
20678	Marsden
20679	Marseiler
20680	Marsh
20681	Marshall
20682	Marshall-Rutty
20683	Marsiglia
20684	Marsman
20685	Mart
20686	Marta
20687	Marta Cardona
20688	Marta Corredera
20689	Martac
20690	Martegani
20691	Marteiro Santoso
20692	Martel
20693	Marteli
20694	Martell
20695	Martelli Dias
20696	Marten
20697	Martens
20698	Martha
20699	Marti
20700	Martić
20701	Martial
20702	Martijn
20703	Martim
20704	Martin
20705	Martin Cordeia
20706	Martin Niøten
20707	Martin Rønning
20708	Martin Victor
20709	Martina
20710	Martineau
20711	Martinek
20712	Martinelli
20713	Martinelli Silva
20714	Martinez
20715	Martinho
20716	Martini
20717	Martinkus
20718	Martino
20719	Martinović
20720	Martinovic
20721	Martins
20722	Martins Almeida
20723	Martins Alves
20724	Martins Bueno
20725	Martins Carriço
20726	Martins Faria
20727	Martins Gomes
20728	Martins Indi
20729	Martins Ladislau
20730	Martins Moreira
20731	Martins Rocha
20732	Martins Santos
20733	Martinsen
20734	Martinsson
20735	Martis
20736	Martos Campillo
20737	Martos Rodríguez
20738	Marty
20739	Martyn
20740	Martí Salvador
20741	Martín
20742	Martín Arias
20743	Martín Bejarano
20744	Martín Calderón
20745	Martín Caricol
20746	Martín Corral
20747	Martín Fernández
20748	Martín García
20749	Martín Luengo
20750	Martín Manuel
20751	Martín Núñez
20752	Martín Odriozola
20753	Martín S.
20754	Martín Valerón
20755	Martín Vigaray
20756	Martínes
20757	Martínez
20758	Martínez Andrés
20759	Martínez Aranda
20760	Martínez Berridi
20761	Martínez Calvo
20762	Martínez Cortés
20763	Martínez Dupuy
20764	Martínez Escobedo
20765	Martínez García
20766	Martínez Garzón
20767	Martínez Gil
20768	Martínez Gonzálvez
20769	Martínez López
20770	Martínez Quarta
20771	Martínez Riera
20772	Martínez Rubio
20773	Maru
20774	Marušić
20775	Maruhashi
20776	Marulanda
20777	Marusic
20778	Maruyama
20779	Marvan
20780	Marvelous
20781	Marvin
20782	Marvin Olawale
20783	Marvin Oswaldo
20784	Marwan
20785	Marwane
20786	Marwin
20787	Marx
20788	Marxen
20789	Marxer
20790	Mary
20791	Maryam
20792	Maryan
20793	Marçal
20794	Marçal de Oliveira
20795	Marí Villar
20796	María
20797	María Alharilla
20798	María Francesca
20799	María Isabel
20800	María León
20801	María Paz
20802	María Pilar
20803	María Victoria
20804	Marín
20805	Marín Gómez
20806	Marín Ruz
20807	Mas
20808	Mas Jaume
20809	Masaaki
20810	Masahiko
20811	Masakazu
20812	Masaki
20813	Masaku
20814	Masana
20815	Masao
20816	Masaoka
20817	Masaso
20818	Masato
20819	Masatoshi
20820	Masaya
20821	Masayoshi
20822	Mascarell
20823	Mascarell González
20824	Mascarinhas Concp.
20825	Mascorro
20826	Mase
20827	Maseela
20828	Masengo
20829	Mashama
20830	Masharipov
20831	Masheeda
20832	Mashiane
20833	Mashoor
20834	Masid
20835	Masiello
20836	Masih
20837	Masika
20838	Masina
20839	Masip
20840	Masip López
20841	Masipag
20842	Masire
20843	Maslov
20844	Masmud
20845	Mason
20846	Masood
20847	Masopust
20848	Masouras
20849	Masouras G
20850	Massa
20851	Massadio
20852	Massamba
20853	Massaro
20854	Masse
20855	Massengo
20856	Massey
20857	Massimo
20858	Masson
20859	Massop
20860	Massouema
20861	Masterson
20862	Mastil
20863	Mastný
20864	Mastriani
20865	Masuaku
20866	Masuda
20867	Masuko
20868	Masuyama
20869	Mat
20870	Matěj
20871	Matějka
20872	Matějů
20873	Mata
20874	Mata Arnaiz
20875	Mata García
20876	Mata Pedro Lourenço
20877	Matacena
20878	Matahi
20879	Matan
20880	Matanović
20881	Matarrita
20882	Matas
20883	Matazo
20884	Matchoi
20885	Matchoi Djaló
20886	Matei
20887	Mateiu
20888	Matej
20889	Matenje
20890	Mateo
20891	Mateo Agustín
20892	Mateo Mejía
20893	Mateos Ramajo
20894	Mateta
20895	Matete
20896	Mateu
20897	Mateu Jaume
20898	Mateu Morey
20899	Mateu Sanjuán
20900	Mateus
20901	Mateus Bernardo
20902	Mateus Couteira
20903	Mateus Criciúma
20904	Mateus Pasinato
20905	Mateus Quaresma
20906	Mateusz
20907	Mathabo
20908	Mathenia
20909	Matheo
20910	Matheson
20911	Matheus
20912	Matheus Aiás
20913	Matheus Bardeira
20914	Matheus Costa
20915	Matheus Cunha
20916	Matheus Fellipe
20917	Matheus Jadson
20918	Matheus N.
20919	Matheus Nunes
20920	Matheus Pereira
20921	Matheus R.
20922	Matheus Reis
20923	Matheus Rossetto
20924	Matheus Santos
20925	Matheus Savio
20926	Matheus Silva
20927	Matheus Sávio
20928	Matheus Thuler
20929	Matheus dos Santos
20930	Mathew
20931	Mathias
20932	Mathias Eriksen
20933	Mathiasen
20934	Mathiesen
20935	Mathieson
20936	Mathieu
20937	Mathis
20938	Mathisen
20939	Mathoho
20940	Mathéo
20941	Mathías
20942	Mati
20943	Matić
20944	Mati.P.G
20945	Matias
20946	Matias Fortuna
20947	Matic
20948	Matija
20949	Matijaš
20950	Matilde
20951	Matilde Fidalgo
20952	Matilde Mota
20953	Matip
20954	Matis
20955	Matis Carvalho
20956	Matisse
20957	Matitina
20958	Matjaž
20959	Matko
20960	Matla
20961	Matlapin
20962	Matlou
20963	Mato
20964	Matondo
20965	Matope
20966	Matos
20967	Matos García
20968	Matoub
20969	Matous
20970	Matras
20971	Matricardi
20972	Mats
20973	Mats Møller
20974	Matsheke
20975	Matsima
20976	Matsimela
20977	Matsu
20978	Matsubara
20979	Matsuda
20980	Matsui
20981	Matsuki
20982	Matsumoto
20983	Matsumura
20984	Matsuo
20985	Matsuoka
20986	Matsura
20987	Matsushita
20988	Matsuura
20989	Matsuzawa
20990	Matt
20991	Matteo
20992	Mattheus A.
20993	Mattheus Oliveira
20994	Matthew
20995	Matthews
20996	Matthias
20997	Matthieu
20998	Matthijs
20999	Matthis
21000	Matthys
21001	Matthäus
21002	Matthéo
21003	Matti
21004	Mattia
21005	Mattias
21006	Mattie
21007	Mattiello
21008	Mattijs
21009	Mattila
21010	Mattock
21011	Matts
21012	Mattsson
21013	Matty
21014	Mattéo
21015	Matubbar
21016	Matuidi
21017	Matusiwa
21018	Matuszewski
21019	Matvey
21020	Matvienko
21021	Matynia
21022	Matyáš
21023	Matz
21024	Matéo
21025	Matías
21026	Matúš
21027	Mau
21028	Mau de Faria
21029	Maubleu
21030	Maud
21031	Maudo Lamine
21032	Maughan
21033	Mauk
21034	Maulun
21035	Maung
21036	Maupay
21037	Mauragis
21038	Maureen
21039	Maurel
21040	Maurer
21041	Mauri
21042	Mauri Borgho
21043	Maurice
21044	Mauricio
21045	Maurides
21046	Maurin
21047	Maurits
21048	Maurizio
21049	Mauriçio Clerez
21050	Mauriçio César
21051	Mauro
21052	Mauro Cildinho
21053	Mauro Daniel
21054	Mauro Guilherme
21055	Mauro JR
21056	Mauro Jaqueson
21057	Mauro Júnior
21058	Mauro Pierre
21059	Mauro Riboas
21060	Mauro Rodrigues
21061	Maury
21062	Maurya
21063	Maurício
21064	Maurício José
21065	Maurício Wilson
21066	Mauu
21067	Mavec
21068	Mavididi
21069	Mavinga
21070	Mavraj
21071	Mavropanos
21072	Mavros
21073	Mavroudis
21074	Mavuso
21075	Maw
21076	Mawa
21077	Mawana
21078	Mawia
21079	Mawihmingthanga
21080	Mawlanyaz
21081	Mawson
21082	Max
21083	Max Gradel
21084	Max-Alain
21085	Maxamed
21086	Maxen
21087	Maxence
21088	Maxi
21089	Maxi Salas
21090	Maxi Villa
21091	Maxim
21092	Maxime
21093	Maximiano
21094	Maximilian
21095	Maximiliano
21096	Maximov
21097	Maxsø
21098	Maxted
21099	Maxwel
21100	Maxwell
21101	May
21102	Maya
21103	Mayada
21104	Mayat
21105	Mayckel
21106	Maycon
21107	Mayembe
21108	Mayembo
21109	Mayer
21110	Maykol
21111	Maynard
21112	Maynard-Brewer
21113	Maynor
21114	Mayor
21115	Mayoral
21116	Mayoral Lastras
21117	Mayoral Moya
21118	Mayorga
21119	Mayr
21120	Mayrhofer
21121	Mayron
21122	Mazaki
21123	Mazen
21124	Mazipov
21125	Maziz
21126	Mazraoui
21127	Mazur
21128	Mazurek
21129	Mazyad
21130	Mazza
21131	Mazzantti
21132	Mazzitelli
21133	Mazzocchi
21134	Mazzola
21135	Maçon
21136	Maéva
21137	Maël
21138	Maïga
21139	Mbabu
21140	Mbacke
21141	Mbaizo
21142	Mballo
21143	Mbamba
21144	Mbandi
21145	Mbappé
21146	Mbarga
21147	Mbaye
21148	Mbayo
21149	Mbe Soh
21150	Mbeki
21151	Mbemba
21152	Mbengue
21153	Mbenza
21154	Mbete
21155	Mbeumo
21156	Mbhondlo
21157	Mbia
21158	Mbock
21159	Mbock Bathy Nka
21160	Mbodji
21161	Mboko
21162	Mbom
21163	Mboula Queralt
21164	Mboungou
21165	Mboup
21166	Mbow
21167	Mboyo
21168	Mbuku
21169	Mbumba
21170	Mbwana Ally
21171	McAleny
21172	McAlinden
21173	McAllister
21174	McArdle
21175	McArthur
21176	McAuley
21177	McBride
21178	McBurnie
21179	McCabe
21180	McCafferty
21181	McCall
21182	McCallum
21183	McCalmont
21184	McCann
21185	McCart
21186	McCarthy
21187	McCartney
21188	McCarty
21189	McCauley
21190	McChrystal
21191	McClean
21192	McCleary
21193	McClelland
21194	McCloskey
21195	McCluskey
21196	McConnell
21197	McConville
21198	McCormack
21199	McCormick
21200	McCourt
21201	McCowan
21202	McCowatt
21203	McCoy
21204	McCracken
21205	McCrorie
21206	McCulloch
21207	McCullough
21208	McDaid
21209	McDermott
21210	McDonagh
21211	McDonald
21212	McDonnell
21213	McDougall
21214	McDowell
21215	McEachran
21216	McEleney
21217	McEneff
21218	McEntee
21219	McEvoy
21220	McEwan
21221	McFadden
21222	McFadzean
21223	McFarlane
21224	McFayden
21225	McGahey
21226	McGarry
21227	McGarvey
21228	McGavin
21229	McGeady
21230	McGee
21231	McGeehan
21232	McGeouch
21233	McGhee
21234	McGill
21235	McGing
21236	McGinley
21237	McGinn
21238	McGinty
21239	McGlynn
21240	McGoldrick
21241	McGonigle
21242	McGovern
21243	McGowan
21244	McGrandles
21245	McGrath
21246	McGraw
21247	McGree
21248	McGregor
21249	McGuane
21250	McGuigan
21251	McGuinness
21252	McGuire
21253	McHale
21254	McHugh
21255	McInnes
21256	McIntosh
21257	McIntyre
21258	McJannet
21259	McKay
21260	McKee
21261	McKenna
21262	McKennie
21263	McKenzie
21264	McKenzie-Lyle
21265	McKeown
21266	McKinney
21267	McKirdy
21268	McKnight
21269	McLachlan
21270	McLaren
21271	McLaughlin
21272	McLean
21273	McLellan
21274	McLennan
21275	McLeod
21276	McLoughlin
21277	McMahon
21278	McManaman
21279	McManus
21280	McMaster
21281	McMillan
21282	McMoordy King
21283	McMorrow
21284	McMullan
21285	McMullen
21286	McNair
21287	McNally
21288	McNamara
21289	McNamee
21290	McNeil
21291	McNeill
21292	McNicholas
21293	McNulty
21294	McPake
21295	McPherson
21296	McQueen
21297	McQuillan
21298	McShane
21299	McTominay
21300	McVeigh
21301	McVey
21302	McWilliams
21303	Mchangama
21304	Md.Fardin
21305	Međimorec
21306	Mead
21307	Meara
21308	Mešanović
21309	Mebude
21310	Meccariello
21311	Mechele
21312	Meddah
21313	Medeiros
21314	Medeiros Resende
21315	Medeiros da Silva
21316	Medel
21317	Medellín
21318	Medenova
21319	Medhi
21320	Medić
21321	Medic
21322	Medina
21323	Medina Delgado
21324	Medina Rengel
21325	Medina Ricoy
21326	Medioub
21327	Medjimorec
21328	Medley
21329	Medranda
21330	Medrán
21331	Medrán Just
21332	Medunjanin
21333	Mee
21334	Meehan
21335	Meekison
21336	Meena
21337	Meera
21338	Mees
21339	Meetei
21340	Meffert
21341	Megan
21342	Meghan
21343	Megiolaro Alves
21344	Megyeri
21345	Mehdi
21346	Mehdi B.
21347	Mehenni
21348	Meher
21349	Mehew
21350	Mehlem
21351	Mehmedi
21352	Mehmedović
21353	Mehmet
21354	Mehmet Can
21355	Mehmet Erdem
21356	Mehmeti
21357	Mehremić
21358	Mehring
21359	Mehssatou
21360	Mehta
21361	Mehtab
21362	Mei
21363	Mei F.
21364	Mei Fang
21365	Meien
21366	Meier
21367	Meijer
21368	Meik
21369	Meikayla
21370	Meilinger
21371	Meire Carvalho
21372	Meire Costinho
21373	Meireles
21374	Meireles Correia
21375	Meireles Costa
21376	Meireles Petri
21377	Meirelinson
21378	Meirelles
21379	Meirás Abrão
21380	Meisel
21381	Meisl
21382	Meite
21383	Meitei
21384	Meißner
21385	Mejak
21386	Mejbri
21387	Mejía
21388	Mejía Piedrahita
21389	Mejías
21390	Meka
21391	Mekina
21392	Melamed Ribaudo
21393	Melanie
21394	Melany
21395	Melayro
21396	Melbourne
21397	Mele
21398	Melegoni
21399	Meleke
21400	Melendo
21401	Melendo Jiménez
21402	Melero
21403	Melero Manzanares
21404	Meleán
21405	Melfried
21406	Melgar
21407	Melhado
21408	Meli
21409	Melia
21410	Meliande
21411	Melih
21412	Melikian
21413	Melinda Goiás
21414	Melinda Marina
21415	Meling
21416	Melissa
21417	Melissa Gomes
21418	Melkadze
21419	Melker
21420	Mellack
21421	Melle
21422	Mellish
21423	Mellor
21424	Mellot
21425	Melluso
21426	Melmedelija
21427	Melnjak
21428	Melnyk
21429	Melo Chaves
21430	Melo Fagundes
21431	Melo Feijó
21432	Melo da Silva
21433	Melville
21434	Melvin
21435	Melvin Luan
21436	Melvin Parrela
21437	Melvin Regalito
21438	Melvin-Lambert
21439	Melvine
21440	Memet Abdulla
21441	Memet-Ali
21442	Memet-Raim
21443	Memišević
21444	Memnos
21445	Memo
21446	Memphis
21447	Mena
21448	Menacho
21449	Menalo
21450	Menard
21451	Menayese
21452	Menceiros Cunha
21453	Mendes
21454	Mendes Abranches
21455	Mendes Alves
21456	Mendes Andrade
21457	Mendes Gomes
21458	Mendes Júnior
21459	Mendes Mango
21460	Mendes Paciência
21461	Mendes Ribeiro
21462	Mendes Rodrigues
21463	Mendes Vicente
21464	Mendes de Medeiros
21465	Mendes-Gomes
21466	Mendez
21467	Mendi
21468	Mendieta
21469	Mendis
21470	Mendive
21471	Mendonça
21472	Mendonça Cabral
21473	Mendoza
21474	Mendy
21475	Mendyl
21476	Mendía
21477	Mendía Berasategi
21478	Menendez
21479	Meneses
21480	Meneses Vila
21481	Menezes
21482	Menezes Duarte
21483	Meng
21484	Mengi
21485	Mengwen
21486	Menig
21487	Menosse
21488	Mensah
21489	Mensiro
21490	Mentor
21491	Menz
21492	Menzel
21493	Menzi
21494	Menzies
21495	Menéndez
21496	Mepham
21497	Mera
21498	Meraş
21499	Meram
21500	Meraz
21501	Mercado
21502	Mercan
21503	Mercelina
21504	Mercer
21505	Mercier
21506	Mercioiu
21507	Mercy
21508	Mercè
21509	Merdji
21510	Meredith
21511	Meredow
21512	Merel
21513	Merentiel
21514	Meret
21515	Mergen
21516	Merghem
21517	Mergim
21518	Mergl
21519	Meriah
21520	Merih
21521	Meriluoto
21522	Merima
21523	Merino
21524	Merino Zazón
21525	Merino Zuloaga
21526	Meritan
21527	Meritão
21528	Merkel
21529	Merle
21530	Merlin
21531	Merlini
21532	Merlo
21533	Merloi
21534	Mero
21535	Merola
21536	Merolla
21537	Meroni
21538	Merquelanz
21539	Merques Gomes
21540	Merrie
21541	Mert
21542	Mert Hakan
21543	Mert Miraç
21544	Mert Çetin
21545	Mert-Yusuf
21546	Mertens
21547	Merve
21548	Merveille
21549	Meré
21550	Meré Pérez
21551	Mesa Piñero
21552	Mesa Quevedo
21553	Mesa Travieso
21554	Mesake
21555	Mesay
21556	Meschack
21557	Meseguer
21558	Meseguer Cavas
21559	Meseira Zonta
21560	Meshal
21561	Meshari
21562	Meshino
21563	Meshki
21564	Meshkov
21565	Meshram
21566	Mesić
21567	Mesik
21568	Mesina
21569	Meslier
21570	Mesqueira Serpa
21571	Mesquita Lopes
21572	Messeguem
21573	Messerli
21574	Messi
21575	Messias
21576	Messias Jr.
21577	Messias dos Santos
21578	Messina
21579	Mestrança Silva
21580	Mestres Silveira
21581	Mestres de Mesquita
21582	Mesut
21583	Mesías
21584	Mesík
21585	Metarapi
21586	Metcalfe
21587	Mete
21588	Mete Kaan
21589	Metehan
21590	Metin
21591	Metinho
21592	Meto Silu
21593	Metsing
21594	Meulenbelt
21595	Meulens
21596	Meulensteen
21597	Meunier
21598	Mevlja
21599	Mevlüt
21600	Mewis
21601	Mexer
21602	Meyer
21603	Meyerhöfer
21604	Meyers
21605	Meylis
21606	Meza
21607	Meza Colli
21608	Mezquida
21609	Mezu
21610	Meïte
21611	Meïté
21612	Mfulu
21613	Mhango
21614	Mher
21615	Mhlanga
21616	Mi
21617	Mićin
21618	Mi H.L.
21619	Mi Haolun
21620	Miłosz
21621	Mia
21622	Miah
21623	Miandrisoa
21624	Miangue
21625	Miao
21626	Miazga
21627	Mišić
21628	Mica Pinto
21629	Micaela Laila
21630	Micah
21631	Micallef
21632	Miceli
21633	Mich'el
21634	Michał
21635	Michael
21636	Michael Dimeira
21637	Michael Renan
21638	Michaels
21639	Michail
21640	Michailidis
21641	Michal
21642	Michalak
21643	Michalis
21644	Michalski
21645	Michaud
21646	Michaël
21647	Michel
21648	Michel Ange
21649	Michel Cruceiro
21650	Michel David
21651	Michelbrink
21652	Michele
21653	Michelin
21654	Michelis
21655	Michelle
21656	Michels
21657	Michiel
21658	Michiels
21659	Michildo Melo
21660	Michorl
21661	Michut
21662	Michy
21663	Mick
21664	Mickael da Silva
21665	Mickaël
21666	Mickel
21667	Mickels
21668	Mickelson
21669	Mickey
21670	Micky
21671	Miculescu
21672	Middleton
21673	Midtsjø
21674	Midtskogen
21675	Midzierski
21676	Miedema
21677	Mielitz
21678	Mier
21679	Mier Martínez
21680	Miers
21681	Miervaldis
21682	Mierzejewski
21683	Miesenböck
21684	Mifflin
21685	Mifsud
21686	Migel-Max
21687	Mighten
21688	Mignolet
21689	Mignon
21690	Migouel
21691	Migue
21692	Miguel
21693	Miguel Aires
21694	Miguel Angel
21695	Miguel Baeza
21696	Miguel Berry
21697	Miguel Cardoso
21698	Miguel Crespo
21699	Miguel Edson
21700	Miguel Fdez.
21701	Miguel Fernández
21702	Miguel Filipe
21703	Miguel Kaíque
21704	Miguel Luís
21705	Miguel Maga
21706	Miguel Morro
21707	Miguel Muñoz
21708	Miguel O.
21709	Miguel Oliveira
21710	Miguel Puche
21711	Miguel Reisinho
21712	Miguel Rodríguez
21713	Miguel Rubio
21714	Miguel Silva
21715	Miguel Veloso
21716	Miguel Vieira
21717	Miguel Ángel
21718	Miguel Ângelo
21719	Miguelón
21720	Mihăilă
21721	Miha
21722	Mihael
21723	Mihaela
21724	Mihai
21725	Mihail
21726	Mihailo
21727	Mihailovic
21728	Mihaiu
21729	Mihaj
21730	Mihajlo
21731	Mihalcea
21732	Mihanta
21733	Mihara
21734	Mihojević
21735	Mihov
21736	Mihusan
21737	Mihály
21738	Mijat
21739	Mijnans
21740	Mijo
21741	Mika
21742	Mika Costinho
21743	Mikael
21744	Mikael Norø
21745	Mikal
21746	Mikal Berg
21747	Mikalis
21748	Mikalsen
21749	Mikautadze
21750	Mikaël
21751	Mike
21752	Mike Trésor
21753	Mikel
21754	Mikel Carro
21755	Mikel Iribas
21756	Mikel Rico
21757	Mikel San José
21758	Mikel Álvaro
21759	Mikeladze
21760	Mikelbrencis
21761	Mikeltadze
21762	Mikey
21763	Mikhail
21764	Mikhailov
21765	Mikheil
21766	Mikhos
21767	Miki
21768	Mikić
21769	Miki Muñoz
21770	Miki Villar
21771	Mikic
21772	Mikkael
21773	Mikkel
21774	Mikkel Møller
21775	Mikkelsen
21776	Mikko
21777	Mikkola
21778	Mikołaj
21779	Mikołajczyk
21780	Mikos
21781	Mila
21782	Milad
21783	Milambo
21784	Milan
21785	Milanese
21786	Milanovic
21787	Milazar Coimbra
21788	Milazar Santoso
21789	Milaçar Kenedy
21790	Mile
21791	Milena
21792	Milenko
21793	Milenković
21794	Mileo Vidotti
21795	Miler
21796	Miles
21797	Miletić
21798	Mileusnić
21799	Milhazes Agra
21800	Milić
21801	Milica
21802	Milik
21803	Milinković-Savić
21804	Milivojević
21805	Milla Manzanares
21806	Milla Peña
21807	Millar
21808	Mille
21809	Millen
21810	Miller
21811	Miller B.
21812	Milleskog
21813	Millet
21814	Millico
21815	Millie
21816	Milligan
21817	Million
21818	Millot
21819	Mills
21820	Millán
21821	Millán Iranzo
21822	Milne
21823	Milner
21824	Milo
21825	Miloš
21826	Milošević
21827	Miloc
21828	Milos
21829	Milosevic
21830	Milot
21831	Milovanov
21832	Milsom
21833	Milson
21834	Milton
21835	Milton Boas
21836	Milton Menceiros
21837	Milunović
21838	Milutin
21839	Mimaroğlu
21840	Mimmi
21841	Mimoun
21842	Min
21843	Min Dong Hwan
21844	Min Geol
21845	Min Gi
21846	Min Gwang
21847	Min Gyu
21848	Min Hyeok
21849	Min Hyeon
21850	Min Jae
21851	Min Jun
21852	Min Ki
21853	Min Kyu
21854	Min Sang Gi
21855	Min Seo
21856	Min Seok
21857	Min Sik
21858	Min Soo
21859	Min Tae
21860	Min Woo
21861	Min-Had
21862	Min-seo
21863	MinGeol
21864	MinGi
21865	MinGwang
21866	MinGyu
21867	MinHyeok
21868	MinHyeon
21869	MinKi
21870	MinKyu
21871	MinSoo
21872	MinWoo
21873	Mina
21874	Mina Lorenzo
21875	Minagawa
21876	Minami
21877	Minamino
21878	Minasian
21879	Minassian
21880	Minati
21881	Minato
21882	Mincheng
21883	Minchev
21884	Minda
21885	Minde
21886	Minervino da Silva
21887	Mines
21888	Ming
21889	Ming T.
21890	Ming Tian
21891	Ming'an
21892	Mingjian
21893	Mings
21894	Mingueza
21895	Mingueza García
21896	Minh
21897	Mini
21898	Minissale
21899	Minjinsor
21900	Minjun
21901	Minnaert
21902	Minnema
21903	Minoda
21904	Minogue
21905	Minoru
21906	Minos
21907	Minseo
21908	Minseok
21909	Minwoo
21910	Minzhe
21911	Mior
21912	Miqayel
21913	Miquel
21914	Miquel i Pons
21915	Mir
21916	Mir Vicente
21917	Mira
21918	Miracco
21919	Mirahmetjan
21920	Mirakyan
21921	Miralem
21922	Miramar Rocha
21923	Miramón
21924	Miran
21925	Miranchuk
21926	Miranchuk An.
21927	Miranda
21928	Miranda Boacho
21929	Miranda González
21930	Miras
21931	Mirazar Coelho
21932	Mircea
21933	Mirchev
21934	Mireille
21935	Mirek
21936	Miri Couto
21937	Miriany Zonta
21938	Mirko
21939	Mirkovic
21940	Mirlan
21941	Mirlind
21942	Mirmić
21943	Miro
21944	Miron
21945	Mironov
21946	Miroslav
21947	Mirza
21948	Mirzov
21949	Mirzoyan
21950	Misa
21951	Misael
21952	Misaki
21953	Misao
21954	Misbah
21955	Mischitz
21956	Misheck
21957	Mishima
21958	Mishra
21959	Misidjan
21960	Mislav
21961	Missaoui
21962	Missilou
21963	Missipo
21964	Mistri
21965	Miszta
21966	Mita
21967	Mitaj
21968	Mitch
21969	Mitchel
21970	Mitchell
21971	Mithalesh
21972	Mitku
21973	Mitoglou
21974	Mitoma
21975	Mitov
21976	Mitov Nilsson
21977	Mitra
21978	Mitran
21979	Mitrea
21980	Mitriță
21981	Mitrita
21982	Mitrović
21983	Mitryushkin
21984	Mitsuharu
21985	Mitsui
21986	Mitsumaru
21987	Mitsuta
21988	Mitsuya
21989	Mittelstädt
21990	Miullen
21991	Miura
21992	Miusam
21993	Miutescu
21994	Miya
21995	Miyagi
21996	Miyahara
21997	Miyaichi
21998	Miyamoto
21999	Miyan
22000	Miyashiro
22001	Miyazaki
22002	Miyazawa
22003	Miyoshi
22004	Miyuki
22005	Mizell
22006	Mizrachi
22007	Mizuki
22008	Mizunuma
22009	Mjelde
22010	Mkaza
22011	Mkhitaryan
22012	Mkhize
22013	Mladen
22014	Mladenović
22015	Mlakar
22016	Mlangeni
22017	Mleczko
22018	Mlinaric
22019	Mmaee
22020	Mngomeni
22021	Mngonyama
22022	Mnoga
22023	Mntambo
22024	Mo
22025	Mo.Harzan
22026	Moaath
22027	Moataz
22028	Mobashir
22029	Moberg
22030	Moberg Karlsson
22031	Mocanu
22032	Mochrie
22033	Mociu
22034	Mockenhaupt
22035	Moctar Sidi
22036	Modak
22037	Modelski
22038	Moder
22039	Modestas
22040	Modeste
22041	Modi
22042	Modibo
22043	Modise
22044	Modolo
22045	Modou
22046	Modrić
22047	Moe
22048	Moen
22049	Moen Foss
22050	Moens
22051	Moescu
22052	Moffat
22053	Moffi
22054	Mofolo
22055	Mogensen
22056	Mogoș
22057	Mogoșanu
22058	Mogos
22059	Mogosanu
22060	Mohaed
22061	Mohamad
22062	Mohamed
22063	Mohamed Ali
22064	Mohamed Buya
22065	Mohamed Réda
22066	Mohamed Tuhami
22067	Mohamed-Ali
22068	Mohamed. A
22069	Mohammad
22070	Mohammadi
22071	Mohammed
22072	Mohammed Mohsen
22073	Mohammed Sajid
22074	Mohammed. S
22075	Mohan
22076	Mohanad
22077	Mohand Mohamedi
22078	Mohanty
22079	Mohar
22080	Moharrami
22081	Mohd Bakir
22082	Mohd Shakir
22083	Mohd Tariq
22084	Mohea
22085	Mohite
22086	Mohlin
22087	Mohr
22088	Mohsen
22089	Moi Delgado
22090	Moi Gómez
22091	Moilwa
22092	Moir
22093	Moirangthem
22094	Moisander
22095	Moise
22096	Moises
22097	Moisie
22098	Moisés
22099	Mojalefa
22100	Mojica
22101	Mok
22102	Mokae
22103	Mokete
22104	Mokitimi
22105	Mokoena
22106	Mokono
22107	Mokonzi
22108	Mokotjo
22109	Moktam
22110	Mokwa
22111	Mol
22112	Mola
22113	Molchan
22114	Moldeiro Vaz
22115	Moldovan
22116	Moldoveanu
22117	Molefe
22118	Molefi
22119	Molenaar
22120	Molina
22121	Molina Gutiérrez
22122	Molina Martínez
22123	Molina Rodríguez
22124	Molina Valero
22125	Molina Vidal
22126	Molinaro
22127	Molinas
22128	Molino
22129	Molins
22130	Molisa
22131	Moll
22132	Molla
22133	Molleda
22134	Mollejo
22135	Mollejo Carpintero
22136	Moller
22137	Mollet
22138	Mollo
22139	Molloy
22140	Mollya
22141	Molnár
22142	Moloney
22143	Molumby
22144	Molyneux
22145	Momar
22146	Mombris
22147	Momchil
22148	Momin
22149	Momo
22150	Momoh
22151	Monaghan
22152	Monare
22153	Moncayola
22154	Moncayola Tollar
22155	Monchu
22156	Moncini
22157	Monconduit
22158	Moncur
22159	Mondal
22160	Mondonico
22161	Monetti
22162	Monfray
22163	Mongil Adeva
22164	Mongudhi
22165	Monico Salvador
22166	Monier
22167	Monika
22168	Monique
22169	Monja
22170	Monk
22171	Monlouis
22172	Monnet
22173	Monnier
22174	Monoldorov
22175	Monreal
22176	Monreal Eraso
22177	Monsalvo
22178	Monschein
22179	Monshi
22180	Montanari
22181	Montandon
22182	Montano
22183	Montassar
22184	Montassar Talbi
22185	Montaña
22186	Montaño
22187	Monte
22188	Monteiro
22189	Monteiro Almada
22190	Monteiro Alvarenga
22191	Monteiro Moura
22192	Monteiro da Costa
22193	Montejano
22194	Montenegro
22195	Montero
22196	Montero Rubio
22197	Montes
22198	Montgomery
22199	Monther
22200	Monthé
22201	Monti
22202	Montiel
22203	Montiel Caballero
22204	Montiel Rodríguez
22205	Montipò
22206	Montoro
22207	Montoro J.M.
22208	Montoro Sánchez
22209	Montoya
22210	Montoya Torralbo
22211	Montserrat
22212	Montsma
22213	Monyane
22214	Monye
22215	Monzango
22216	Monzeglio
22217	Monzialo
22218	Monzón
22219	Monzón Lemos
22220	Moo Yol
22221	MooYeol
22222	Moodley
22223	Moody
22224	Moon
22225	Moon Chang Jin
22226	Moon Hwan
22227	Moon Seon Min
22228	Mooney
22229	Moonga
22230	Moor
22231	Moore
22232	Moore-Taylor
22233	Moosa
22234	Mooy
22235	Moqhabi
22236	Mor
22237	Mora
22238	Morabet
22239	Morad
22240	Moradaoğlu
22241	Moraes
22242	Moraes Júnior
22243	Moragrega
22244	Morahan
22245	Morais
22246	Morais Júnior
22247	Morais Silva
22248	Morales
22249	Morales Nogales
22250	Moralez
22251	Moran
22252	Morand
22253	Morandi
22254	Morar
22255	Morariu
22256	Morata
22257	Morata Martín
22258	Morato
22259	Moravec
22260	Moraza
22261	Morchenko
22262	Morci
22263	Morcillo Conesa
22264	More
22265	Moreau
22266	Moreira
22267	Moreira Alves
22268	Moreira Fagundes
22269	Moreira Magalhães
22270	Moreira da Silva
22271	Morel
22272	Moreland
22273	Morelli
22274	Morelo
22275	Morelos
22276	Moren
22277	Moreno
22278	Moreno Balagueró
22279	Moreno Barroso
22280	Moreno Fuertes
22281	Moreno Garbayo
22282	Moreno Lopera
22283	Moreno Machado
22284	Moreno Martínez
22285	Moreno Meca
22286	Moreno Pérez
22287	Moreno Rebanal
22288	Moreno Taboada
22289	Morente Oliva
22290	Moreo
22291	Morer Cabrera
22292	Moreto
22293	Moreto Cassamá
22294	Moretti
22295	Morey Bauza
22296	Morey Bauzá
22297	Morgan
22298	Morgans
22299	Morgantini
22300	Mori
22301	Moriba
22302	Morientes
22303	Morilla
22304	Morilla Bolancé
22305	Morillas
22306	Morillas Jiménez
22307	Morillo
22308	Morillo León
22309	Morin
22310	Morina
22311	Morioka
22312	Moris
22313	Morishige
22314	Morishima
22315	Morishita
22316	Morita
22317	Moritz
22318	Moriyama
22319	Morlanes
22320	Morlanes Ariño
22321	Morley
22322	Moro
22323	Moro Cassamá
22324	Moro Prescoli
22325	Morobe
22326	Morojele
22327	Moros Gracia
22328	Morosini
22329	Moroz
22330	Morozov
22331	Morrell
22332	Morrinhos Paes
22333	Morris
22334	Morris Luís
22335	Morrison
22336	Morrissey
22337	Morro Muñoz
22338	Morroni
22339	Morrow
22340	Morsli
22341	Morsy
22342	Mortadha
22343	Mortaza
22344	Morten
22345	Morten Ågnes
22346	Mortensen
22347	Morteza
22348	Mortier
22349	Mortimer
22350	Mortimer Moreno
22351	Morton
22352	Moruțan
22353	Morutan
22354	Morvan
22355	Mory
22356	Moryké
22357	Morán Arribas
22358	Morávek
22359	Morínigo
22360	Morón García
22361	Moschión
22362	Moscopolis
22363	Moseki
22364	Mosele
22365	Moser
22366	Moses
22367	Moshe
22368	Moshoeshoe
22369	Mosili
22370	Moskvin
22371	Mosolesa
22372	Mosquera
22373	Mosquero
22374	Moss
22375	Mossa
22376	Mostafa
22377	Mostovoy
22378	Moswen
22379	Mosór
22380	Mota
22381	Mota Carvalho
22382	Mota Castro Trincão
22383	Mota Damasco
22384	Motaz
22385	Motaz.H
22386	Mothiba
22387	Moti
22388	Motihala
22389	Motlasi
22390	Motohiko
22391	Motoi
22392	Motshwari
22393	Motswane
22394	Motta
22395	Mou
22396	Moua
22397	Mouandilmadji
22398	Moubandje
22399	Moubiala
22400	Mouctar
22401	Moudi
22402	Moueffek
22403	Moufi
22404	Mouhamadou
22405	Mouhamadou-Naby
22406	Moukoudi
22407	Moulden
22408	Moulin
22409	Mouloud
22410	Moult
22411	Moumi Ngamaleu
22412	Mounaïm
22413	Mounir
22414	Mounié
22415	Mount
22416	Mountney
22417	Moura
22418	Mourad
22419	Mourad Daoudi
22420	Mourdoukoutas
22421	Mouri
22422	Mouria Silva
22423	Mourid
22424	Mourtada
22425	Mous
22426	Mousa
22427	Mousinho
22428	Moussa
22429	Moussa Jr.
22430	Mousset
22431	Moussiti-Oko
22432	Moustafa
22433	Moustapha
22434	Moustfa
22435	Moutachy
22436	Moutinho
22437	Mouton
22438	Moutoussamy
22439	Mouyokolo
22440	Movila
22441	Movsesian
22442	Mowatt
22443	Moya
22444	Moya Vega
22445	Moyano
22446	Moyano Jimenez
22447	Moyo
22448	Moyoyo
22449	Moyá
22450	Mozarov
22451	Mozo
22452	Moïse
22453	Mpakati
22454	Mpanzu
22455	Mpasi
22456	Mpeba
22457	Mphafi
22458	Mphahlele
22459	Mpho
22460	Mpindi
22461	Mpindi Ekani
22462	Mpmekelelo
22463	Mpoku
22464	Mpontshane
22465	Mrabti
22466	Mridha
22467	Mrowca
22468	Mrozek
22469	Mruk
22470	Mráz
22471	Mróz
22472	Mshengu
22473	Msiska
22474	Msunguli
22475	Mswati
22476	Mthembu
22477	Mthimkhulu
22478	Mtima
22479	Mu
22480	Mușat
22481	Muamer
22482	Muammer
22483	Muata
22484	Muataz
22485	Mušović
22486	Mubarak
22487	Mucha
22488	Muci
22489	Muckarelli
22490	Mucolli
22491	Mudada
22492	Mudi
22493	Mudryk
22494	Muduli
22495	Mudzingwa
22496	Mudziri
22497	Mueller
22498	Mugabe
22499	Mugabi
22500	Mugoša
22501	Muhadow
22502	Muhamed
22503	Muhammad
22504	Muhammed
22505	Muhammed Egemen
22506	Muhammed Emin
22507	Muhammet
22508	Muhannad
22509	Muhannad.F
22510	Muhar
22511	Muharem
22512	Muheet Shabir
22513	Muheim
22514	Muhsen. A
22515	Muhuri
22516	Muir
22517	Muirang
22518	Mujaid
22519	Muka
22520	Mukairu
22521	Mukanin
22522	Mukendi
22523	Mukes
22524	Mukesh
22525	Mukhair
22526	Mukherjee
22527	Mukhidinov
22528	Mukhin
22529	Mukhiya
22530	Mukhtar
22531	Mukiele
22532	Mukuna
22533	Mukuna-Trouet
22534	Mukurob
22535	Mula
22536	Mula Sánchez
22537	Mulato
22538	Mulbah
22539	Mulder
22540	Muldoon
22541	Muleka
22542	Mulenga
22543	Mulet
22544	Mulgrew
22545	Mulholland
22546	Mulić
22547	Mulic
22548	Muljana
22549	Mulla
22550	Mullan
22551	Mullen
22552	Muller
22553	Mulligan
22554	Mullin
22555	Mullins
22556	Mulraney
22557	Multhaup
22558	Mulubwa
22559	Muluzi
22560	Mumba
22561	Mumbongo
22562	Mumin
22563	Mumo
22564	Mun
22565	Mun Ki
22566	Munas
22567	Munda
22568	Munetsi
22569	Mungetu
22570	Muniain
22571	Muniain Goñi
22572	Munich
22573	Munir
22574	Munjoma
22575	Munkhbold
22576	Munksgaard
22577	Munna
22578	Munni
22579	Munoz
22580	Munro
22581	Munshi
22582	Munsy
22583	Munteanu
22584	Munthali
22585	Munther
22586	Muo Cadete
22587	Mura
22588	Murad
22589	Murahmat
22590	Murakami
22591	Murara Neto
22592	Murat
22593	Murat Akça
22594	Murat Cem
22595	Murata
22596	Murati
22597	Muratović
22598	Murawski
22599	Murdoch
22600	Murg
22601	Murgaonkar
22602	Murić
22603	Muriel
22604	Murik
22605	Murillo
22606	Murillo M.
22607	Murilo
22608	Murilo Henrique
22609	Murilo Kauê
22610	Muriqi
22611	Muriqui
22612	Muris
22613	Murko
22614	Murmu
22615	Murnane
22616	Muroya
22617	Murphy
22618	Murray
22619	Murru
22620	Murrugarra
22621	Murtaz
22622	Murthada
22623	Murthy
22624	Murzaev
22625	Musa
22626	Musa Çağıran
22627	Musab
22628	Musaba
22629	Musabayev
22630	Musah
22631	Musashi
22632	Musat
22633	Musavu King
22634	Musavu-King
22635	Musayev
22636	Muscat
22637	Muscato Vieira
22638	Muschkowski
22639	Mushaga
22640	Musi
22641	Musiał
22642	Musiala
22643	Musil
22644	Musiolik
22645	Muskwe
22646	Muslera
22647	Muslija
22648	Muslim
22649	Musolitin
22650	Musona
22651	Musonda
22652	Musonda Jr
22653	Musovski
22654	Musrati
22655	Mussis
22656	Musso
22657	Mustafa
22658	Mustafa Burak
22659	Mustafi
22660	Mustafá
22661	Mustapha
22662	Musthafa
22663	Musto
22664	Mustoe
22665	Mutō
22666	Mutair
22667	Mutawe
22668	Mutch
22669	Muteb
22670	Muto
22671	Mutombo
22672	Mutsi
22673	Mutsuki
22674	Mutswunguma
22675	Mutto Abrão
22676	Mutto Heck
22677	Mutto Sampaio
22678	Muwalo
22679	Muwashar
22680	Muyl
22681	Muyumba
22682	Muzafer
22683	Muzaffar
22684	Muzaffer Cem
22685	Muzayil
22686	Muzepper
22687	Muzyk
22688	Muçi
22689	Muñoz
22690	Muñoz Benavides
22691	Muñoz Capellán
22692	Muñoz Fernández
22693	Muñoz García
22694	Muñoz Jiménez
22695	Muñoz León
22696	Muñoz Miguel
22697	Muñoz Mora
22698	Muñoz Muñoz
22699	Muñoz Obejero
22700	Mvogo
22701	Mvuka
22702	Mvula
22703	Mvuso
22704	Mwai
22705	Mwanajuma
22706	Mwangata
22707	Mwanza
22708	Mwape
22709	Mwase
22710	Mwathiwa
22711	Mwatiwa
22712	Mwene
22713	Mwepu
22714	Mwila
22715	Myat
22716	Myeong Jae
22717	Myeong Seok
22718	MyeongSeok
22719	Myeongjae
22720	Myers
22721	Myhra
22722	Myhre
22723	Myint
22724	Mykhailo
22725	Mykhaylichenko
22726	Myklebust
22727	Mykola
22728	Mykolas
22729	Mykolenko
22730	Mykyta
22731	Myles
22732	Myo
22733	Myong Jin
22734	MyongJin
22735	Myrat
22736	Myron
22737	Myrthe
22738	Myrto
22739	Mystkowski
22740	Myszor
22741	Mytaras
22742	Myung
22743	Myung Jae
22744	Myung Se Jin
22745	MyungJae
22746	Myziane
22747	Mzaouiyani
22748	Márcio
22749	Márcio Anderson
22750	Mário
22751	Mário Fernandes
22752	Mário Jorge
22753	Mário Rui
22754	Márk
22755	Márquez
22756	Márquez Baena
22757	Márquez Crespo
22758	Márquez Álvarez
22759	Márton
22760	Mátyás
22761	Máté
22762	Máximo
22763	Mäenpää
22764	Mägi
22765	Mähri
22766	Mäkelä
22767	Mäkinen
22768	Männel
22769	Männik
22770	Månsson
22771	Mårtensson
22772	Mæhle
22773	Mæland
22774	Méliande
22775	Méndez
22776	Méndez Exposito
22777	Méndez Fernández
22778	Méndez Ortega
22779	Méndez Portela
22780	Mérida Pérez
22781	Mésaque
22782	Mésaque Djú
22783	Mészáros
22784	Métanire
22785	Méïté
22786	Mërgim
22787	Míchel
22788	Míchel Zabaco
22789	Míka
22790	Mónica
22791	Mónica Mendes
22792	Mónica Soraia
22793	Möhring
22794	Möhwald
22795	Möker
22796	Mölders
22797	Möller
22798	Mörfelt
22799	Mörschel
22800	Mølgaard
22801	Møller
22802	Mørk
22803	Mújica García
22804	Mühl
22805	Mühling
22806	Müldür
22807	Müller
22808	Münst
22809	Müsel
22810	Němeček
22811	Němec
22812	N'Cho
22813	N'Da
22814	N'Diaye
22815	N'Doram
22816	N'Dri
22817	N'Golo
22818	N'Goran
22819	N'Guessan
22820	N'Mai
22821	N'Sakala
22822	N'Zi
22823	N'Zue
22824	N. Albarracín
22825	N. Antonio
22826	N. Bandiera
22827	N. Bustos
22828	N. Cabanillas
22829	N. Camacho
22830	N. Castrillon
22831	N. Eizagirre
22832	N. Felicio Carva
22833	N. Fernández
22834	N. Ferreyra
22835	N. Franco
22836	N. Freire
22837	N. Hazazi
22838	N. Ibáñez
22839	N. Machado
22840	N. Mendes
22841	N. Molina
22842	N. Moreira
22843	N. Quina
22844	N. Rodrigues
22845	N. Rojas
22846	N. Rossi
22847	N. Santos
22848	N. Semedo
22849	N. Silva
22850	N. Tenaglia
22851	N. Varela
22852	N. Volpi
22853	N.Fatih Aydın
22854	N.Jackson
22855	N.Omran
22856	N.Rabha
22857	N.Schlotterbeck
22858	N.Sliti
22859	N.Slonina
22860	N.Vikonis
22861	Na
22862	Na Sang Ho
22863	Na Sung Eun
22864	Naatan
22865	Nababkin
22866	Nabanji
22867	Nabbout
22868	Nabil
22869	Nabil Touaizi
22870	Nabin
22871	Nabiyev
22872	Nabiyeva
22873	Naby
22874	Nacer
22875	Nacho
22876	Nacho Fernández
22877	Nacho Gil
22878	Nacho Mendez
22879	Nacho Monreal
22880	Nacho Méndez
22881	Nacho P.
22882	Nacho Pastor
22883	Nacho R.
22884	Nacho Ramón
22885	Nacho Vidal
22886	Nachreiner
22887	Naciri
22888	Nadal Mesquida
22889	Nadav
22890	Nade
22891	Nadeau
22892	Nader
22893	Nadesan
22894	Nadia
22895	Nadiem
22896	Nadif
22897	Nadim
22898	Nadine
22899	Nadir
22900	Nadj
22901	Nadjack
22902	Nadjack Cassamá
22903	Nadje
22904	Nadkarni
22905	Nadrani
22906	Nadé
22907	Naeem
22908	Naeher
22909	Nafees
22910	Nafissa
22911	Naflaa
22912	Nag
22913	Nagahama
22914	Nagai
22915	Nagaishi
22916	Nagaki
22917	Nagakura
22918	Nagalo
22919	Nagamani
22920	Nagamma
22921	Naganuma
22922	Nagaraju
22923	Nagasawa
22924	Nagato
22925	Nagatsuka
22926	Nagbe
22927	Nagendra
22928	Nagera
22929	Nagisa
22930	Nago
22931	Nagy
22932	Nahida
22933	Nahikari
22934	Nahimana
22935	Nahir
22936	Nahitan
22937	Nahki
22938	Nahom Girmai
22939	Nahuel
22940	Nahuelpan
22941	Nahum
22942	Nai
22943	Naicol
22944	Naidoo
22945	Naidu
22946	Naif
22947	Naik
22948	Nail
22949	Naimwhaka
22950	Nainggolan
22951	Nair
22952	Naismith
22953	Naisseline
22954	Najafov
22955	Najar
22956	Naji
22957	Najjar
22958	Najjarine
22959	Nakabayashi
22960	Nakagawa
22961	Nakahara
22962	Nakai
22963	Nakajima
22964	Nakama
22965	Nakamba
22966	Nakamura
22967	Nakano
22968	Nakasaka
22969	Nakasawa
22970	Nakashima
22971	Nakashio
22972	Nakata
22973	Nakatani
22974	Nakayama
22975	Nakhimov
22976	Nakkim
22977	Nalanie
22978	Nalbandian
22979	Nalepa
22980	Nalić
22981	Nalic
22982	Naljit
22983	Nalumino
22984	Naman
22985	Nambahu
22986	Name
22987	Nameni
22988	Namgyal
22989	Namita
22990	Namjilyn
22991	Namkoisse
22992	Namli
22993	Nampalys
22994	Namuswa
22995	Namvar
22996	Nan
22997	Nana
22998	Nanasei
22999	Nanasi
23000	Nancy
23001	Nand
23002	Nanda
23003	Nandha
23004	Nandhakumar
23005	Nandi
23006	Nando
23007	Nanduo
23008	Nange
23009	Nangolo
23010	Nangoloh
23011	Nani
23012	Nanizayamo
23013	Nankishi
23014	Nanni
23015	Nano M.
23016	Nano Mesa
23017	Nansen
23018	Nantenaina
23019	Nanu
23020	Nanyiza
23021	Naoki
23022	Naomi
23023	Naomichi
23024	Naorem Mahesh
23025	Naoto
23026	Naoufal
23027	Naoufel
23028	Naouirou
23029	Naoya
23030	Naoyuki
23031	Napias
23032	Napolitano
23033	Nara
23034	Naranjo
23035	Narayan
23036	Narciso
23037	Narcisso Elias
23038	Narcisso Mau
23039	Nardekov
23040	Nardi
23041	Nardoni
23042	Narek
23043	Narender
23044	Narendra
23045	Naresh
23046	Narey
23047	Narh
23048	Narmyradow
23049	Narong
23050	Narro Valero
23051	Nartey
23052	Narupong
23053	Naruse
23054	Naruseb
23055	Narváez
23056	Narzary
23057	Nascente
23058	Naschberger
23059	Nascimentardo
23060	Nascimento Borges
23061	Nascimento Castro
23062	Nascimento França
23063	Nascimento Galeno
23064	Nascimento Teixeira
23065	Nascimento Vinagre
23066	Nascimento de Lima
23067	Naseer
23068	Nasenov
23069	Nash
23070	Nasim
23071	Nasima
23072	Nasir
23073	Nasiru
23074	Naskar
23075	Nasser
23076	Nassim
23077	Nassir
23078	Nastasić
23079	Nastasic
23080	Nastić
23081	Nastos
23082	Nasyrow
23083	Natalia
23084	Nataliya
23085	Natanael
23086	Natanail
23087	Natcha
23088	Nate
23089	Natek
23090	Nath
23091	Nathael Silbeira
23092	Nathael Walter
23093	Nathalie
23094	Nathan
23095	Nathan Raphael
23096	Nathan Walter
23097	Nathan-Dylan
23098	Nathanael
23099	Nathanaël
23100	Nathangelo
23101	Nathaniel
23102	Natinho Mestres
23103	Nation
23104	Natsume
23105	Natta
23106	Nattestad
23107	Natth
23108	Natália
23109	Natálie
23110	Nauber
23111	Naughton
23112	Naumov
23113	Naustdal
23114	Nautnes
23115	Navajo
23116	Naval Costa Eduardo
23117	Navarrete
23118	Navarro
23119	Navarro Aliaga
23120	Navarro Ceciliano
23121	Navarro Jiménez
23122	Navarro Muñoz
23123	Navarro Sánchez
23124	Navarro del Río
23125	Navas
23126	Navas González
23127	Naveda
23128	Naveen
23129	Navin
23130	Nawab
23131	Nawaf
23132	Nawang Topkay
23133	Nawrocki
23134	Nay
23135	Naya
23136	Nayak
23137	Nayang
23138	Nayeem
23139	Nayef
23140	Nayek
23141	Nayel
23142	Nayir
23143	Nayler
23144	Naylor
23145	Nazar
23146	Nazareno
23147	Nazareth Sousa
23148	Nazaretian
23149	Nazarian
23150	Nazario Otávio
23151	Nazario Serpe
23152	Nazarit
23153	Nazarov
23154	Nazih
23155	Nazim
23156	Nazinho
23157	Nazir
23158	Nazmul
23159	Nazon
23160	Nazário de Lima
23161	Naël
23162	Naïm
23163	Ndaba
23164	Ndabaningi
23165	Ndale
23166	Ndao
23167	Ndayishimiye
23168	Ndenbe
23169	Ndenge
23170	Nderim
23171	Ndiaye
23172	Ndicka
23173	Ndicka Matam
23174	Ndidi
23175	Ndilu
23176	Ndione
23177	Ndizeye
23178	Ndlovu
23179	Ndom
23180	Ndombele
23181	Ndong
23182	Ndongala
23183	Ndoro
23184	Ndour
23185	Ndoye
23186	Ndri
23187	Ndualu
23188	Neacșu
23189	Neacsu
23190	Neagoe
23191	Neal
23192	Neale
23193	Nealis
23194	Nebel
23195	Nebiyou
23196	Nebojša
23197	Necip
23198	Necip Uysal
23199	Neco
23200	Nedelcearu
23201	Nedelcu
23202	Nedeljko
23203	Nedim
23204	Nee
23205	Neeskens
23206	Negi
23207	Negodyayev
23208	Negoescu
23209	Negredo
23210	Negredo Sánchez
23211	Negri
23212	Negro
23213	Negru
23214	Negrão
23215	Neguț
23216	Negueba
23217	Neha
23218	Nehrig
23219	Nehuen
23220	Nehuén
23221	Neicuțescu
23222	Neicutescu
23223	Neider
23224	Neidhart
23225	Neil
23226	Neill
23227	Neilson
23228	Neira
23229	Neiva Afonso
23230	Nejc
23231	Nelinho
23232	Nelom
23233	Nelsildo Reis
23234	Nelson
23235	Nelson Arturo
23236	Nelson Freitosa
23237	Nelsson
23238	Neluț
23239	Nemanja
23240	Nemariam
23241	Nemec
23242	Nemeth
23243	Nemoto
23244	Nenakhov
23245	Nené
23246	Neo
23247	Neofytos
23248	Nepes
23249	Neraysho
23250	Nerea
23251	Nerea Eizagirre
23252	Neres
23253	Neres Campos
23254	Neri
23255	Nerijus
23256	Neris
23257	Nervo
23258	Nerwinski
23259	Nery
23260	Nesbitt
23261	Nescher
23262	Nesha
23263	Neshcheret
23264	Nesimi
23265	Neskes
23266	Ness
23267	Nessa
23268	Nesta
23269	Nestor
23270	Nestorovski
23271	Netabay
23272	Nethmi
23273	Neto
23274	Neto Borges
23275	Neto Hanne
23276	Neto Heck
23277	Neto Lopes
23278	Neto Volpi
23279	Netz
23280	Netzer
23281	Neubauer
23282	Neuberger
23283	Neudecker
23284	Neuer
23285	Neufville
23286	Neuhaus
23287	Neumann
23288	Neva Tey
23289	Nevarez
23290	Nevers
23291	Neves
23292	Neves Bessa
23293	Neves Ferreira
23294	Neves Filipe
23295	Neves Virgínia
23296	Neves Vojnovic
23297	Neveu
23298	Neviano Neves
23299	Neville
23300	Nevin
23301	Nevistić
23302	Newby
23303	Newell
23304	Newman
23305	Newton
23306	Nexhat
23307	Neyder
23308	Neyder L.
23309	Neymar
23310	Neymar Jr
23311	Neyou
23312	Neziri
23313	Nezzi
23314	Ng
23315	Ngadeu
23316	Ngakia
23317	Ngandu
23318	Ngankam
23319	Ngapandouetnbu
23320	Ngassa
23321	Ngawa
23322	Ngbakoto
23323	Ngcobo
23324	Ngezana
23325	Ngo
23326	Ngobogo
23327	Ngoc
23328	Ngom
23329	Ngoma
23330	Ngonge
23331	Ngosa
23332	Ngouabi
23333	Ngoumou
23334	Ngounou
23335	Ngounou Djayo
23336	Ngouyamsa
23337	Ngoy
23338	Nguen
23339	Nguette
23340	Ngumayo
23341	Ngumbi
23342	Nguyễn
23343	Ngwane
23344	Ngwazi
23345	Ngwekati
23346	Ngwenya
23347	Nhek
23348	Niță
23349	Nițu
23350	Niňaj
23351	Niakaté
23352	Niakhaté
23353	Niall
23354	Niamh
23355	Niamien
23356	Niane
23357	Niang
23358	Niangbo
23359	Nianzou
23360	Niarkhos
23361	Niasse
23362	Niazmand
23363	Nišić
23364	Nibungco
23365	Niccole Cintra
23366	Niccolò
23367	Nichelle
23368	Nichlas
23369	Nicholas
23370	Nicholas Aldair
23371	Nicholas Júlio
23372	Nicholls
23373	Nichols
23374	Nicholson
23375	Nick
23376	Nicke
23377	Nicklas
23378	Nicky
23379	Niclas
23380	Niclas Holm
23381	Nico
23382	Nico Díaz
23383	Nico González
23384	Nico Gorosito
23385	Nico M R
23386	Nico Melamed
23387	Nico Serrano
23388	Nico Williams
23389	Nicol
23390	Nicola
23391	Nicolae
23392	Nicolai
23393	Nicolaisen
23394	Nicolaj
23395	Nicolao
23396	Nicolao Telles
23397	Nicolas
23398	Nicolas P.
23399	Nicole
23400	Nicolino
23401	Nicoll
23402	Nicolussi Caviglia
23403	Nicolás
23404	Nicolás Eduardo
23405	Nicolás Evandro
23406	Nicolás Filhei
23407	Nicolás Formido
23408	Nicolás Júlio
23409	Nicolò
23410	Nicu
23411	Nicușor
23412	Niculaie
23413	Niczuly
23414	Nidal
23415	Nideiro Cintra
23416	Nie
23417	Nie M.
23418	Nie Meng
23419	Niederlechner
23420	Niehues
23421	Niek
23422	Niels
23423	Nielsen
23424	Niemann
23425	Niemczycki
23426	Niemi
23427	Nieminen
23428	Nietfeld
23429	Nieto
23430	Nieto Herrero
23431	Nieto Zarzoso
23432	Nieuwenhof
23433	Nieuwenhuizen
23434	Nieuwkoop
23435	Nieuwpoort
23436	Nievas
23437	Niewulis
23438	Niezgoda
23439	Nigel
23440	Nightingale
23441	Nigro
23442	Nigul
23443	Niha
23444	Niharika
23445	Nihat
23446	Niilo
23447	Nijs
23448	Nik
23449	Nika
23450	Nikam
23451	Nikell
23452	Nikhil
23453	Nikhil P
23454	Niki
23455	Nikiau
23456	Nikita
23457	Nikki
23458	Niklas
23459	Niklas Jensen
23460	Niklavs
23461	Niklo
23462	Niko
23463	Nikodem
23464	Nikola
23465	Nikolai
23466	Nikolaj
23467	Nikolajs
23468	Nikolaos
23469	Nikolaou
23470	Nikolas
23471	Nikolay
23472	Nikolić
23473	Nikolic
23474	Nikolics
23475	Nikolla
23476	Nikolov
23477	Nikoloz
23478	Nikos
23479	Nilam
23480	Nilantha
23481	Nildo Enaldo
23482	Nildo Reisão
23483	Nile
23484	Nilesh
23485	Nill
23486	Nilla
23487	Nilos
23488	Nils
23489	Nilsen
23490	Nilson
23491	Nilson Alfarinho
23492	Nilson Leôncio
23493	Nilson Rafael
23494	Nilsson
23495	Nilsson Säfqvist
23496	Nilton
23497	Nilton Varela
23498	Nim
23499	Nim Dorjee
23500	Nimaga
23501	Nina
23502	Ninaj
23503	Ninda
23504	Ning
23505	Ninga
23506	Ninković
23507	Ninkovic
23508	Nino
23509	Ninthoi
23510	Ninua
23511	Nippard
23512	Nipuni
23513	Nir
23514	Niraj
23515	Niranjan
23516	Nirmal
23517	Nirmala
23518	Nisal
23519	Nisbet
23520	Nischal
23521	Nisha
23522	Nishan
23523	Nishant
23524	Nishi
23525	Nishikawa
23526	Nishimura
23527	Nishino
23528	Nishio
23529	Nishiya
23530	Nishizawa
23531	Nishu
23532	Niskanen
23533	Nissen
23534	Nistor
23535	Nita
23536	Nitin
23537	Nito Carbelho
23538	Nito Wagner
23539	Nitu
23540	Niu
23541	Niu Z.Y.
23542	Niu Ziyi
23543	Nixon
23544	Niyaz
23545	Niyazov
23546	Niyazova
23547	Niyonsaba
23548	Nizet
23549	Niño Rodríguez
23550	Njabulo
23551	Njaka
23552	Njegoš
23553	Njie
23554	Njoku
23555	Nkabingwe
23556	Nkansah
23557	Nkanyiso
23558	Nketiah
23559	Nkhoma
23560	Nkiruka
23561	Nkobi
23562	Nkoe
23563	Nkomo
23564	Nkopane
23565	Nkosana
23566	Nkosi
23567	Nkosingiphile
23568	Nkoudou
23569	Nkounkou
23570	Nkrumah
23571	Nkuba
23572	Nkumbula
23573	Nkumbwa
23574	Nkunku
23575	Nlundulu
23576	Nmecha
23577	Nna Noukeu
23578	Nnachi
23579	Nnamani
23580	Nnamdi
23581	No
23582	Noč
23583	No Dong Geon
23584	No Ji Hun
23585	No Yun Sang
23586	Noa
23587	Noah
23588	Noah Joel
23589	Noah Sonko
23590	Noalha Rochela
23591	Noam
23592	Nobbs
23593	Noble
23594	Noboa
23595	Noborizato
23596	Nobuhito
23597	Nobuyuki
23598	Nodake
23599	Noe
23600	Noel
23601	Noelle
23602	Nogai
23603	Nogami
23604	Noguchi
23605	Nogueira
23606	Nogueira Junior
23607	Nogueira Silva
23608	Nogueira de Paula
23609	Noguera
23610	Noguera Ripoll
23611	Noh
23612	Nohoarii
23613	Noir
23614	Nojus
23615	Nokoue
23616	Nokwe
23617	Nolan
23618	Nolaskoain
23619	Nolaskoain Esnal
23620	Nolito
23621	Noll
23622	Nolsøe
23623	Nombe
23624	Nomura
23625	Noni
23626	Nonnenmacher
23627	Nono
23628	Nooh
23629	Noonan
23630	Noone
23631	Noppert
23632	Nora
23633	Norberg
23634	Norbert
23635	Norberto
23636	Norburn
23637	Nordfeldt
23638	Nordi
23639	Nordin
23640	Nordine
23641	Nordström
23642	Nordtveit
23643	Nordås
23644	Nori
23645	Noriaki
23646	Noriega
23647	Noriki
23648	Noriyoshi
23649	Norkulov
23650	Norlin
23651	Norman
23652	Normand
23653	Normann
23654	Noronha
23655	Norrington-Davies
23656	Norris
23657	North
23658	Northcott
23659	Norton
23660	Norton-Cuffy
23661	Norwood
23662	Norðdahl
23663	Nosa
23664	Nosberto Diego
23665	Nosberto Vila
23666	Nosirov
23667	Nothnagel
23668	Nottingham
23669	Noubissi
23670	Nouble
23671	Noufe
23672	Nouh
23673	Nouha
23674	Nouhou
23675	Noukeu
23676	Nour
23677	Nouri
23678	Nourreddine
23679	Noussair
23680	Nouwen
23681	Novak
23682	Novelo
23683	Novick
23684	Novikov
23685	Novillo
23686	Novljan
23687	Novo Neto
23688	Novoa
23689	Novothny
23690	Novotná
23691	Novotný
23692	Novák
23693	Nováková
23694	Nowacka
23695	Nowaczek
23696	Nowak
23697	Nowakowski
23698	Nowicki
23699	Noyakin
23700	Nozadze
23701	Noß
23702	Noé
23703	Noémie
23704	Noë
23705	Noël
23706	Noëlle
23707	Nsame
23708	Nshimirimana
23709	Nsiah
23710	Nsiala
23711	Nsibandze
23712	Nsimba
23713	Nsoki
23714	Nsona
23715	Ntazana
23716	Nteka
23717	Ntezimana
23718	Nthabiseng
23719	Ntim
23720	Ntini
23721	Ntiya-Ntiya
23722	Ntlhe
23723	Ntshebe
23724	Ntsikelelo
23725	Nu
23726	Nugent
23727	Nuhiu
23728	Nuhu
23729	Nujoma
23730	Nukan
23731	Numa
23732	Nunes
23733	Nunes Anjos
23734	Nunes Cardoso
23735	Nunes Costinho
23736	Nunes Vezo
23737	Nunes do Nascimento
23738	Nuninho Alfaro
23739	Nunn
23740	Nunnely
23741	Nuno
23742	Nuno Ailton
23743	Nuno Albertino
23744	Nuno Alexandre
23745	Nuno Caio
23746	Nuno Filipe
23747	Nuno Gonçalo
23748	Nuno Jorgino
23749	Nuno Lima
23750	Nuno Lisareda
23751	Nuno Mendes
23752	Nuno Miguel
23753	Nuno Moldeiro
23754	Nuno Moreira
23755	Nuno Padrenda
23756	Nuno Reis
23757	Nuno Santos
23758	Nuno Tavares
23759	Nuno da Costa
23760	Nuno da Silva
23761	Nunumete
23762	Nur
23763	Nurasyl
23764	Nuray
23765	Nurbek
23766	Nurdeen
23767	Nurettin
23768	Nuri
23769	Nuri Fatih
23770	Nuri Şahin
23771	Nurio
23772	Nurislam
23773	Nurković
23774	Nurminen
23775	Nurminnen
23776	Nurse
23777	Nuru
23778	Nurudeen
23779	Nuryagdy
23780	Nurzhan
23781	Nushi
23782	Nussbaumer
23783	Nuttall
23784	Nutz
23785	Nuwan
23786	Nuytinck
23787	Nuñez
23788	Nwadike
23789	Nwakaeme
23790	Nwakali
23791	Nwankwo
23792	Nwapa
23793	Nweke
23794	Nwobodo
23795	Nwoko
23796	Nya
23797	Nyakossi
23798	Nyambe
23799	Nyamsi
23800	Nyarko
23801	Nyathi
23802	Nyauza
23803	Nyberg
23804	Nyeman
23805	Nyembe
23806	Nyenetue
23807	Nyenyedzi
23808	Nygaard
23809	Nygren
23810	Nygård
23811	Nyhagen
23812	Nyholm
23813	Nyirenda
23814	Nyman
23815	Nyom
23816	Nyongo
23817	Nyoni
23818	Nys
23819	Nysted
23820	Nyström
23821	Nyunt
23822	Nyýazowa
23823	Nzanza
23824	Nzola
23825	Nzonzi
23826	Nzuzi
23827	Nández
23828	Nándor
23829	Näis
23830	Näsberg
23831	Næss
23832	Négo
23833	Nélson
23834	Nélson Miguel
23835	Nélson Oliveira
23836	Nélson Semedo
23837	Németh
23838	Néry
23839	Néstor
23840	Nóbrega Rodrigues
23841	Nørgaard
23842	Núrio Domingos
23843	Núrio Fortuna
23844	Núñez
23845	Núñez Gestoso
23846	Nübel
23847	Nürnberger
23848	Nüsken
23849	Oğulcan
23850	Oğuz
23851	Oğuzhan
23852	O'Brien
23853	O'Carroll
23854	O'Connell
23855	O'Connor
23856	O'Conor
23857	O'Doherty
23858	O'Donnell
23859	O'Dowda
23860	O'Driscoll
23861	O'Grady
23862	O'Halloran
23863	O'Hara
23864	O'Hare
23865	O'Hora
23866	O'Kane
23867	O'Keefe
23868	O'Keeffe
23869	O'Leary
23870	O'Malley
23871	O'Neil
23872	O'Neill
23873	O'Nien
23874	O'Quinn
23875	O'Reilly
23876	O'Riley
23877	O'Shaughnessy
23878	O'Shea
23879	O'Sullivan
23880	O'Toole
23881	O. Albornoz
23882	O. Alsaleem
23883	O. Batlle
23884	O. Benitez
23885	O. Campos
23886	O. Clarke
23887	O. Colman
23888	O. Cooper
23889	O. Dembélé
23890	O. Duarte
23891	O. Edwards
23892	O. Fernández
23893	O. Gallardo
23894	O. Jaiteh
23895	O. Jiménez
23896	O. López
23897	O. Macías
23898	O. Maritu
23899	O. Martínez
23900	O. Mendoza
23901	O. Mingueza
23902	O. Molinas
23903	O. Peralta
23904	O. Rey
23905	O. Richards
23906	O. Rodríguez
23907	O. Salinas
23908	O. Sancet
23909	O. Thioune
23910	O. Traoré
23911	O. Vaca
23912	O.Azaro
23913	O.Doumbia
23914	O.Hadadi
23915	O.Kante
23916	O.Rivero
23917	O.Somah
23918	O.Ustari
23919	OTP PlaceHolder 1
23920	OTP PlaceHolder 10
23921	OTP PlaceHolder 11
23922	OTP PlaceHolder 12
23923	OTP PlaceHolder 13
23924	OTP PlaceHolder 14
23925	OTP PlaceHolder 15
23926	OTP PlaceHolder 16
23927	OTP PlaceHolder 17
23928	OTP PlaceHolder 18
23929	OTP PlaceHolder 19
23930	OTP PlaceHolder 2
23931	OTP PlaceHolder 7
23932	OTP PlaceHolder 8
23933	OTP PlaceHolder 9
23934	Oaidă
23935	Oaida
23936	Oakley
23937	Oakley-Boothe
23938	Oancea
23939	Oar
23940	Oates
23941	Obafemi
23942	Obaid
23943	Obando
23944	Obasanjo
23945	Obata
23946	Obbekjær
23947	Obbi
23948	Obeng
23949	Oberdorf
23950	Oberlin
23951	Obermair
23952	Obi
23953	Obiang
23954	Obiang Avomo
23955	Obiero
23956	Obieta Alberdi
23957	Obika
23958	Obileye
23959	Obinna
23960	Obispo
23961	Obissa
23962	Obita
23963	Oblak
23964	Oblyakov
23965	Obradović
23966	Obregón
23967	Obrian
23968	Obuz
23969	Ocampo
23970	Ocampos
23971	Ocansey
23972	Ocanto
23973	Ocejo
23974	Ochen
23975	Ochieng
23976	Ochion
23977	Ochoa
23978	Ochojski
23979	Ochs
23980	Ocimar
23981	Oct.Popescu
23982	Octavian
23983	Octavio
23984	Oczkowski
23985	Océane
23986	Oda
23987	Oddei
23988	Oddmundur
23989	Oddveig
23990	Odehnal
23991	Odei
23992	Odenthal
23993	Odermatt
23994	Odeurs
23995	Odey
23996	Odgaard
23997	Odhran
23998	Odil
23999	Odilon
24000	Odimayo
24001	Odin
24002	Odin Luraas
24003	Odin Thiago
24004	Odinga
24005	Odion
24006	Odisseas
24007	Odjidja
24008	Odjidja-Ofoe
24009	Odoffin
24010	Odoh
24011	Odoi
24012	Odoi-Atsem
24013	Odoom
24014	Odriozola
24015	Odriozola Arzalluz
24016	Odsonne
24017	Odubajo
24018	Odubeko
24019	Oduber
24020	Odumosu
24021	Odunze
24022	Oduor
24023	Odusina
24024	Odval
24025	Odysseas
24026	Odysseus
24027	Oehmichen
24028	Oelschlägel
24029	Oeynhausen
24030	Offei
24031	Offenbacher
24032	Offiah
24033	Offor
24034	Offord
24035	Offrande
24036	Offrata
24037	Ofir
24038	Ofkir
24039	Ofoborh
24040	Ofoedu
24041	Ofori
24042	Ofosu
24043	Ofosu-Ayeh
24044	Oganesyan
24045	Ogashiwa
24046	Ogawa
24047	Ogbaidze
24048	Ogbeche
24049	Ogbene
24050	Ogbeta
24051	Ogbonna
24052	Ogbu
24053	Ogechika
24054	Ogedi-Uzokwe
24055	Oggesen
24056	Oghenekaro
24057	Ogie
24058	Ogier
24059	Ogilvie
24060	Ogle
24061	Ognjanov
24062	Ognjen
24063	Ogorzały
24064	Ogulcan
24065	Ogundere
24066	Oh
24067	Oh Ban Suk
24068	Oh Beom Seok
24069	Oh Gyu
24070	Oh Hoo Sung
24071	Oh Jae Suk
24072	Oh Se Hun
24073	Oh Seung Hoon
24074	Oh Yeon
24075	OhGyu
24076	Ohanian
24077	Ohashi
24078	Ohata
24079	Ohgihara
24080	Ohi
24081	Ohio
24082	Ohlsson
24083	Ohon
24084	Ohyeon
24085	Oier
24086	Oier Luengo
24087	Oihan
24088	Oikonomou
24089	Oisin
24090	Oiwa
24091	Ojala
24092	Ojeda
24093	Ojeda Saranova
24094	Ojha
24095	Ojo
24096	Ojomoh
24097	Ojukwu
24098	Oka
24099	Okada
24100	Okafor
24101	Okaka
24102	Okamoto
24103	Okamura
24104	Okan
24105	Okanaya
24106	Okaniwa
24107	Okara
24108	Okay
24109	Okazaki
24110	Okechukwu
24111	Okedina
24112	Okeke
24113	Okello
24114	Okenabirhie
24115	Okereke
24116	Oki
24117	Okimasa
24118	Okin
24119	Okita
24120	Okkels
24121	Oko
24122	Okocha
24123	Okoflex
24124	Okoh
24125	Okonkwo
24126	Okore
24127	Okorie
24128	Okoro
24129	Okoroji
24130	Okosun
24131	Okoye
24132	Okpara
24133	Okri
24134	Okriashvili
24135	Okropir
24136	Oksanen
24137	Okubo
24138	Okugawa
24139	Okui
24140	Okuma
24141	Okumu
24142	Okuno
24143	Okyere
24144	Ola
24145	Olabe
24146	Olabe Del Arco
24147	Oladoye
24148	Olaetxea
24149	Olafs
24150	Olagunju
24151	Olamide
24152	Olanrewaju
24153	Olaofe
24154	Olar
24155	Olarenwaju
24156	Olaru
24157	Olasagasti
24158	Olasagasti Imizcoz
24159	Olaus Jair
24160	Olav
24161	Olayinka
24162	Olaza
24163	Olazábal Paredes
24164	Old
24165	Olden Larsen
24166	Oldrup
24167	Ole
24168	Ole Amund
24169	Ole Didrik
24170	Ole Erik
24171	Ole Jørgen
24172	Ole Kristian
24173	Ole Martin
24174	Oleg
24175	Oleguer
24176	Oleh
24177	Oleksandr
24178	Oleksiy
24179	Oles
24180	Olesen
24181	Olev
24182	Olga
24183	Olga Carmona
24184	Olga García
24185	Olguín
24186	Olguín López
24187	Oli
24188	Olima
24189	Olimpiu
24190	Olise
24191	Oliva
24192	Oliva Chiamulera
24193	Olivares
24194	Olivas
24195	Olivas Alba
24196	Oliveira
24197	Oliveira António
24198	Oliveira Bertinato
24199	Oliveira Cardoso
24200	Oliveira Dantas
24201	Oliveira Dias
24202	Oliveira Fernandes
24203	Oliveira Geraldes
24204	Oliveira Gonçalves
24205	Oliveira Leite
24206	Oliveira Lopes
24207	Oliveira Silva
24208	Oliveira Simão
24209	Oliveira Sá
24210	Oliveira Tavares
24211	Oliveira da Silva
24212	Oliveira dos Santos
24213	Oliver
24214	Oliver Issa
24215	Oliver T.
24216	Oliver Valaker
24217	Olivera
24218	Oliveros
24219	Olivia
24220	Olivier
24221	Olivieri
24222	Olivos
24223	Oliván Herrero
24224	Oliwia
24225	Oliynyk
24226	Olkowski
24227	Olla
24228	Olle
24229	Ollie
24230	Olliero
24231	Ollivier
24232	Olly
24233	Olmedo
24234	Olmo
24235	Olmo Carvajal
24236	Olof
24237	Olofsson
24238	Olomola
24239	Olonga
24240	Olosunde
24241	Olschowsky
24242	Olsen
24243	Olses
24244	Olsson
24245	Olszewska
24246	Olszewski
24247	Oludare
24248	Olufela
24249	Olufunwa
24250	Olusanya
24251	Oluwayemi
24252	Olveira
24253	Oláh
24254	Olívia Jade
24255	Olívio
24256	Om
24257	Omaboe
24258	Omaid
24259	Oman
24260	Omaprakash
24261	Omar
24262	Omar Damen
24263	Omar Haktab
24264	Omar Mascarell
24265	Omar. Y
24266	Omar.Ki
24267	Omari
24268	Omenuke
24269	Omer
24270	Omeragic
24271	Omeruo
24272	Omesh
24273	Ominami
24274	Omir
24275	Omladič
24276	Omlin
24277	Omobamidele
24278	Omochere
24279	Omoh
24280	Omoijuanfo
24281	Omori
24282	Omoruyi Benjamin
24283	Omotosho
24284	Omotoye
24285	Omran
24286	Omrani
24287	Omsberg
24288	Omurzakov
24289	Ona
24290	Ona Batlle
24291	Onaindia Zabala
24292	Onaiwu
24293	Onana
24294	Onariase
24295	Oncescu
24296	Oncoy
24297	Ondřej
24298	Ondaan
24299	Onder
24300	Ondoa
24301	Ondrej
24302	Ondrejka
24303	Onel
24304	Onetto
24305	Ong
24306	Ongenda
24307	Onguéné
24308	Oni
24309	Oniangue
24310	Oniangué
24311	Oniel
24312	Onishi
24313	Onisiwo
24314	Onni
24315	Ono
24316	Onomah
24317	Onose
24318	Ontiveros
24319	Ontiveros Parra
24320	Ontužāns
24321	Onuachu
24322	Onur
24323	Onur Ergün
24324	Onurcan
24325	Onurhan
24326	Onyango
24327	Onyedika
24328	Onyedinma
24329	Onyeka
24330	Onyekachi Hope
24331	Onyekuru
24332	Onzia
24333	Oosterwolde
24334	Oosting
24335	Opa
24336	Opdal
24337	Openda
24338	Operi
24339	Opi
24340	Opoku
24341	Opondo
24342	Oppermann
24343	Opsahl
24344	Opseth
24345	Or
24346	Or Dasa
24347	Orłowski
24348	Oraon
24349	Oratmangoen
24350	Oraz
24351	Oršić
24352	Orban
24353	Orbelín
24354	Orbán
24355	Ordagić
24356	Ordoñez
24357	Ordoñez Cruz
24358	Ordóñez
24359	Orešnik
24360	Oregan
24361	Orejel
24362	Orejuela
24363	Orel
24364	Orellana
24365	Orellano
24366	Oreshkov
24367	Orest
24368	Orestes
24369	Orestis
24370	Organista
24371	Orges
24372	Orhan
24373	Oribe
24374	Origi
24375	Orihuela
24376	Oriol
24377	Oriol Rey
24378	Oriol Romeu
24379	Oriol Rosell
24380	Orji
24381	Orked
24382	Orkun
24383	Orlando
24384	Orlando Rubén
24385	Ormeño
24386	Oro
24387	Oromeng
24388	Orona
24389	Oronar
24390	Orosz
24391	Oroz
24392	Oroz Areta
24393	Oroz Huarte
24394	Orozco
24395	Orozco Andonegi
24396	Orozova
24397	Orpik
24398	Orr
24399	Orrantía
24400	Orrin McKinze
24401	Orsi
24402	Orsi Jardim
24403	Orsi Vasquez
24404	Orsi da Silva
24405	Orsi de Meneses
24406	Orsini
24407	Orsolini
24408	Ortega
24409	Ortega Moreno
24410	Ortigoza
24411	Ortiz
24412	Ortiz Bernat
24413	Ortiz Mendoza
24414	Ortmark
24415	Ortner
24416	Ortolá Vaño
24417	Ortuño
24418	Ortuño Martínez
24419	Ortwin
24420	Ortíz
24421	Orujov
24422	Orzechowski
24423	Orzusa
24424	Orzán
24425	Osabutey
24426	Osadebe
24427	Osagawa
24428	Osagie
24429	Osahon
24430	Osaki
24431	Osako
24432	Osama
24433	Osame
24434	Osamu
24435	Osayi-Samuel
24436	Osaze
24437	Osazee
24438	Osborn
24439	Osborne
24440	Oscar
24441	Oscar Gil
24442	Oscar Taty
24443	Osei
24444	Osei Yaw
24445	Osei-Tutu
24446	Osew
24447	Oshilaja
24448	Oshima
24449	Oshiro
24450	Osho
24451	Osifo
24452	Osigwe
24453	Osimhen
24454	Osip
24455	Oskar
24456	Oskar Buur
24457	Oskari
24458	Osmajić
24459	Osman
24460	Osmanpaşa
24461	Osmar
24462	Osnar
24463	Osores
24464	Osorio
24465	Ospelt
24466	Ospina
24467	Ossama
24468	Osses
24469	Ossian
24470	Ostachuk
24471	Osterhage
24472	Ostigard
24473	Ostrzolek
24474	Ostrák
24475	Osvaldo
24476	Osvaldo Murilo
24477	Osvaldur
24478	Osvaldão Murilo
24479	Oswald
24480	Oswaldinato
24481	Oswaldo
24482	Oswaldo Germano
24483	Osée
24484	Ota
24485	Otake
24486	Otamendi
24487	Otani
24488	Otar
24489	Otasowie
24490	Otavio
24491	Otayf
24492	Otazú
24493	Otero
24494	Othman
24495	Oti Essigba
24496	Otieno
24497	Otsuka
24498	Ottesen
24499	Ottman
24500	Otto
24501	Ottó
24502	Otálvaro
24503	Otávio
24504	Otávio Alberto
24505	Otávio Cairinho
24506	Otávio Edmilson
24507	Otávio Henrique
24508	Ouaby
24509	Ouadah
24510	Ouahabi El Ouahabi
24511	Ouahim
24512	Oualah
24513	Oualid
24514	Ouammou
24515	Ouattara
24516	Ouattara Mohammed
24517	Oubella
24518	Ouchi
24519	Oudin
24520	Oudjani
24521	Ouens
24522	Oukidja
24523	Oukili
24524	Oula
24525	Oulad M'Hand
24526	Oulai
24527	Oulare
24528	Oularé
24529	Ould Khaled
24530	Ouleymata
24531	Oum
24532	Oum Gouet
24533	Oumar
24534	Oumari
24535	Ounahi
24536	Ounas
24537	Oung
24538	Ouparine
24539	Ousman
24540	Ousmane
24541	Ousou
24542	Ousoumane
24543	Oussama
24544	Ousseynou
24545	Oussou
24546	Ousted
24547	Outomouro Tófoli
24548	Ouwejan
24549	Ouédraogo
24550	Ov.Popescu
24551	Ovalle
24552	Ovando
24553	Ove
24554	Ovejero
24555	Ovekow
24556	Ovelar
24557	Ovenstad
24558	Overgaard
24559	Ovidiu
24560	Ovie
24561	Oviedo
24562	Owan
24563	Owen
24564	Owens
24565	Owezowa
24566	Owolabi
24567	Owura
24568	Owusu
24569	Oxborough
24570	Oxford
24571	Oxlade-Chamberlain
24572	Oxley
24573	Oyanedel
24574	Oyarzabal
24575	Oyarzabal Ugarte
24576	Oyegoke
24577	Oyen
24578	Oyola
24579	Oyongo
24580	Oystein
24581	Ozan
24582	Ozan Kabak
24583	Ozan Tufan
24584	Ozanian
24585	Ozdoev
24586	Ozegovic
24587	Ozkan
24588	Ozkoidi
24589	Ozkoidi Alba
24590	Ozoliņš
24591	Ozols
24592	Ozornwafor
24593	Oztumer
24594	Ozumba
24595	Ozziel
24596	Ožbalt
24597	Pāvels
24598	Pănoiu
24599	Păun
24600	Pētersons
24601	P Perez
24602	P. Aguilar
24603	P. Amador
24604	P. Barrera
24605	P. Bernardo
24606	P. Díaz
24607	P. Gonzalez
24608	P. Henrique
24609	P. Hristov
24610	P. León
24611	P. Mboyo
24612	P. Morais
24613	P. Oliveira
24614	P. Perez
24615	P. Pfeiffer
24616	P. Piatti
24617	P. Sabbag
24618	P. Santos
24619	P. Valcarce
24620	P. Velasco
24621	P. Vinicius
24622	P. William
24623	P. Zeballos
24624	P. Zubczuk
24625	P.Buam
24626	P.Fornals
24627	P.Garcia
24628	P.López
24629	P.Martin
24630	P.Martínez
24631	P.Mendes
24632	P.Otavio
24633	P.Perez
24634	Płacheta
24635	PJ
24636	PM
24637	Přemysl
24638	Přikryl
24639	Pa
24640	Pațurcă
24641	Paal
24642	Paartalu
24643	Paavo
24644	Paavola
24645	Pašalić
24646	Pašic
24647	Pabai
24648	Pablo
24649	Pablo Abel
24650	Pablo Cortés
24651	Pablo Fornals
24652	Pablo G.
24653	Pablo García
24654	Pablo Gozálbez
24655	Pablo Gálvez
24656	Pablo Ibáñez
24657	Pablo Iñiguez
24658	Pablo Maffeo
24659	Pablo Martín
24660	Pablo Martínez
24661	Pablo Marí
24662	Pablo Moreno
24663	Pablo Picón
24664	Pablo Pérez
24665	Pablo Rodríguez
24666	Pablo Santos
24667	Pablo Sarabia
24668	Pablo Tomeo
24669	Pablo Valcarce
24670	Pablo Valencia
24671	Pablo Vázquez
24672	Pabón
24673	Pacławski
24674	Pacchini
24675	Pacheco
24676	Pacheco Antunes
24677	Pacheco Dozagarat
24678	Pacheco Flores
24679	Pachlopník
24680	Pachón Párraga
24681	Paciência
24682	Pack
24683	Packham
24684	Paco
24685	Paco Alcácer
24686	Paco Puertas
24687	Paddy
24688	Padelli
24689	Padhan
24690	Padilha Alves
24691	Padilla
24692	Padilla Soler
24693	Padma
24694	Padovani
24695	Padrenda Mendes
24696	Padricio Resende
24697	Padula
24698	Paea
24699	Paes
24700	Paes Neto
24701	Paes Soares
24702	Paganini
24703	Pagano
24704	Page
24705	Pages
24706	Pagliuca
24707	Pagnano
24708	Pagnussat
24709	Paige
24710	Paik
24711	Paik Sang Hoon
24712	Paik Seung Ho
24713	Paillard
24714	Paiman
24715	Pain
24716	Paintsil
24717	Paitoon
24718	Paiva
24719	Paiva Souza
24720	Paixao
24721	Pajnowski
24722	Pajot
24723	Pajoy
24724	Pajtim
24725	Pakulski
24726	Pal
24727	Palacio
24728	Palacios
24729	Palacios Martínez
24730	Palacz
24731	Palakiko
24732	Palami
24733	Palani
24734	Palavecino
24735	Palaversa
24736	Palazzi
24737	Palazzo
24738	Palazón Camacho
24739	Pale
24740	Paleari
24741	Palencia Hurtado
24742	Paletta
24743	Palhinha
24744	Palhinha Gonçalves
24745	Palić
24746	Pallesen
24747	Pallis
24748	Pallois
24749	Palma
24750	Palma Capeta
24751	Palmer
24752	Palmer-Brown
24753	Palmezano
24754	Palmieri
24755	Palmieri dos Santos
24756	Palmiero
24757	Palmowski
24758	Paločević
24759	Palocevic
24760	Paloma Isa
24761	Palomino
24762	Palomy Bastos
24763	Paluli
24764	Palumbo
24765	Palun
24766	Pam
24767	Pambou
24768	Pampín
24769	Pamyk
24770	Pan
24771	Panțîru
24772	Pan L.
24773	Pan Long
24774	Pan X.M.
24775	Pan Ximing
24776	Panagiotis
24777	Panagos
24778	Panagoulias
24779	Panait
24780	Panaro
24781	Panayiotou
24782	Pancal
24783	Panda
24784	Panday
24785	Pande
24786	Pandev
24787	Pandey
24788	Pandeya
24789	Pandit
24790	Pandita
24791	Pandiyan
24792	Pandor
24793	Pandur
24794	Pandurang
24795	Paneira
24796	Paneira Almeida
24797	Paneira Rochedo
24798	Pang
24799	Pang F. Y.
24800	Pang Fengyue
24801	Pang J.J.
24802	Pang Jiajun
24803	Pangalila
24804	Pangratiu
24805	Paniagua
24806	Pankaj
24807	Panni
24808	Pantelis
24809	Pantemis
24810	Panter
24811	Pantiru
24812	Pantović
24813	Pantovic
24814	Pantralkul
24815	Panuco
24816	Panutche Amadu
24817	Panutche Camará
24818	Panwar
24819	Panzo
24820	Panák
24821	Paolinho Leima
24822	Paolo
24823	Paolo Marco
24824	Paolucci
24825	Pap
24826	Papa
24827	Papadakis
24828	Papadopoulos
24829	Papadopoulou
24830	Papagiannopoulos
24831	Papakostas
24832	Papanikolaou
24833	Paparelli
24834	Papastathopoulos
24835	Papazian
24836	Pape
24837	Pape Abou
24838	Pape Cheikh
24839	Pape Habib
24840	Pape Ibnou
24841	Pape Maly
24842	Pape Matar
24843	Pape Ndiaga
24844	Papeau
24845	Papela
24846	Papep
24847	Papoutsis
24848	Papp
24849	Pappa
24850	Pappu
24851	Papu Diocabre
24852	Papu Mendes
24853	Papy
24854	Paqarada
24855	Paquiez
24856	Paracho
24857	Parada
24858	Paradela
24859	Parag
24860	Paramanik
24861	Paramar
24862	Paramatti
24863	Paramjit
24864	Parano
24865	Paras
24866	Paraschiv
24867	Paravin
24868	Parbati
24869	Pardington
24870	Pardo
24871	Pardo Gutiérrez
24872	Parede
24873	Paredes
24874	Paredes Casamichana
24875	Paredes Hernández
24876	Parejo
24877	Parejo Muñoz
24878	Parent
24879	Parente
24880	Parger
24881	Parida
24882	Paris
24883	Paris Adot
24884	Parisa
24885	Parish
24886	Parisi
24887	Parisian
24888	Parisis
24889	Paritosh
24890	Park
24891	Park Bae Jong
24892	Park Byung Hyun
24893	Park Chang Hwan
24894	Park Chu Young
24895	Park Dae Won
24896	Park Gi Dong
24897	Park Han Bin
24898	Park Il Gyu
24899	Park Jae Kyung
24900	Park Jae Woo
24901	Park Jeong Soo
24902	Park Jeong Su
24903	Park Jin Seong
24904	Park Joo Ho
24905	Park Joon Kang
24906	Park Jung Bin
24907	Park Kyu Hyun
24908	Park Kyung Bae
24909	Park Min Seo
24910	Park Sang Hyuk
24911	Park Seung Wook
24912	Park Soo Il
24913	Park Sung Su
24914	Park Won Jae
24915	Park Yi Young
24916	Park Yong Ji
24917	Park Yong Woo
24918	Parkash
24919	Parker
24920	Parkes
24921	Parkin
24922	Parkinson
24923	Parks
24924	Parlak
24925	Parmak
24926	Parman K.
24927	Parmanjan
24928	Parmentier
24929	Paro
24930	Parot
24931	Parr
24932	Parra
24933	Parrales
24934	Parras
24935	Parrela
24936	Parrela Ferreira
24937	Parrela Porfírio
24938	Parreño Boix
24939	Parris
24940	Parrott
24941	Parry
24942	Parseghian
24943	Parsons
24944	Partey
24945	Partridge
24946	Parvati
24947	Parveen
24948	Parvin
24949	Parwati
24950	Parzyszek
24951	Pasavan
24952	Pascal
24953	Pascal Juan
24954	Pascale
24955	Pascanu
24956	Paschalakis
24957	Pascoal Muscato
24958	Pascoal Simão
24959	Pascua
24960	Pascua López
24961	Pascual
24962	Pascual Castillo
24963	Paseka
24964	Pasher
24965	Pashov
24966	Pasi
24967	Pasinato
24968	Pask
24969	Paskal
24970	Paskotsi
24971	Pasqual
24972	Pasquale
24973	Pasquali
24974	Pasquier
24975	Pasquini
24976	Passaglia
24977	Passerini
24978	Passi
24979	Passlack
24980	Passos Santos
24981	Pastina
24982	Pastor
24983	Pastor Alemañ
24984	Pastor Pombo
24985	Pastor Vacas
24986	Pastore
24987	Pastorelli
24988	Pasveer
24989	Paswan
24990	Pat
24991	Patache
24992	Patal
24993	Patching
24994	Patel
24995	Paterson
24996	Pathak
24997	Pathan
24998	Pathirana
24999	Pathé
25000	Pati
25001	Patil
25002	Patino
25003	Patiño
25004	Patla
25005	Pato
25006	Pato Rodríguez
25007	Paton
25008	Patoulidis
25009	Patoyari
25010	Patra
25011	Patri
25012	Patri Guijarro
25013	Patric
25014	Patrice
25015	Patriche
25016	Patricia
25017	Patricio
25018	Patricio Damián
25019	Patrick
25020	Patrick Luan
25021	Patrick William
25022	Patrik
25023	Patriot
25024	Patris
25025	Patrycja
25026	Patryk
25027	Patrícia Isabel
25028	Patrícia Morais
25029	Patrício Botelho
25030	Patson
25031	Patten
25032	Patterson
25033	Pattison
25034	Pattynama
25035	Patu
25036	Paturca
25037	Patursson
25038	Pau
25039	Pau Lopez
25040	Pau López
25041	Pau Torres
25042	Pau Víctor
25043	Paudie
25044	Paul
25045	Paul Ebere
25046	Paul Omo
25047	Paul-José
25048	Paul-Philipp
25049	Paula
25050	Paula Júnior
25051	Paulauskas
25052	Pauleta
25053	Paulina
25054	Pauline
25055	Paulinho
25056	Paulinho Guerreiro
25057	Paulino
25058	Paulino Kenedy
25059	Paulinus
25060	Paulissen
25061	Paulo
25062	Paulo Afonso
25063	Paulo André
25064	Paulo Bernard
25065	Paulo Bernardo
25066	Paulo Daineiro
25067	Paulo Estrela
25068	Paulo Fajarda
25069	Paulo Fred
25070	Paulo Guilherme
25071	Paulo Henrique
25072	Paulo José
25073	Paulo Lucas
25074	Paulo Mauro
25075	Paulo Mesqueira
25076	Paulo Oliveira
25077	Paulo Otávio
25078	Paulo Victor
25079	Paulo Vinícius
25080	Paulolettinho
25081	Paulos
25082	Paulsen
25083	Paulson Junqueira
25084	Paulson Otávio
25085	Paulus
25086	Paulão Junqueiras
25087	Paulão Paulo
25088	Pauwels
25089	Pavan
25090	Pavani Lamas
25091	Pavao
25092	Pavar
25093	Pavard
25094	Pavel
25095	Pavelescu
25096	Pavelka
25097	Pavez
25098	Pavić
25099	Pavia
25100	Pavils
25101	Pavle
25102	Pavlenco
25103	Pavlenka
25104	Pavlenko
25105	Pavlesic
25106	Pavlidis
25107	Pavliuk
25108	Pavlo
25109	Pavlov
25110	Pavlović
25111	Pavlovic
25112	Pavoletti
25113	Pavón
25114	Pawłowski
25115	Pawan
25116	Pawar
25117	Paweł
25118	Pawlak
25119	Pawlett
25120	Paxten
25121	Paxton
25122	Payam
25123	Payero
25124	Payet
25125	Payne
25126	Paytuvi
25127	Paz
25128	Pazdan
25129	Paçarada
25130	Paños
25131	Paños Garcia
25132	Pečar
25133	Peacock
25134	Peacock-Farrell
25135	Peake
25136	Pearce
25137	Pears
25138	Pearson
25139	Peart-Harris
25140	Pešek
25141	Pecile
25142	Pecirep
25143	Peck
25144	Peder Meen
25145	Pedersen
25146	Pedrag
25147	Pedraza
25148	Pedraza Arias
25149	Pedraza Sag
25150	Pedri
25151	Pedrildo Rocha
25152	Pedrinho
25153	Pedro
25154	Pedro A.
25155	Pedro Amador
25156	Pedro Antonio
25157	Pedro António
25158	Pedro Augusto
25159	Pedro Brazão
25160	Pedro Chirivella
25161	Pedro David
25162	Pedro Díaz
25163	Pedro Ferreira
25164	Pedro Filipe
25165	Pedro G.
25166	Pedro Gonçalves
25167	Pedro Heneique
25168	Pedro Henrique
25169	Pedro Jorge
25170	Pedro José
25171	Pedro León
25172	Pedro Lubamba
25173	Pedro López
25174	Pedro Machado
25175	Pedro Malheiro
25176	Pedro Manuel
25177	Pedro Marques
25178	Pedro Martelo
25179	Pedro Mba
25180	Pedro Mendes
25181	Pedro Miguel
25182	Pedro Moreira
25183	Pedro Márcio
25184	Pedro Neto
25185	Pedro Nuno
25186	Pedro Obiang
25187	Pedro Ortiz
25188	Pedro Paulo
25189	Pedro Pelágio
25190	Pedro Pereira
25191	Pedro Porro
25192	Pedro Raul
25193	Pedro Rebocho
25194	Pedro Rocha
25195	Pedro Santos
25196	Pedro Silva
25197	Pedro Sá
25198	Pedro Teixeira
25199	Pedro Tiba
25200	Pedro Trigueira
25201	Pedro Victor
25202	Pedro Vieira
25203	Pedrosa
25204	Pedroza
25205	Pedrão
25206	Peer
25207	Peeranut
25208	Peeter
25209	Peeters
25210	Peetu
25211	Pefok
25212	Pegolo
25213	Pegu
25214	Pehlivan
25215	Pei
25216	Pei SH.
25217	Pei Shuai
25218	Peixe Barreto
25219	Peixotacinho
25220	Peixoto Barbosa
25221	Peixoto Gomes
25222	Peixoto Álvares
25223	Pejiño
25224	Pek
25225	Pekarik
25226	Pekarík
25227	Peke
25228	Pekelo
25229	Pekhart
25230	Pekko
25231	Pektemek
25232	Pelae Cardoso
25233	Pelayo
25234	Pelayo Suárez
25235	Pelkas
25236	Pell
25237	Pelle
25238	Pellegri
25239	Pellegrini
25240	Pellegrino
25241	Pellenard
25242	Pellerano
25243	Pelletier
25244	Pellistri
25245	Pelly-Ruddock
25246	Pellè
25247	Pelmard
25248	Pelo
25249	Pelova
25250	Peltier
25251	Peltola
25252	Pelupessy
25253	Peluso
25254	Pelé
25255	Pembele
25256	Pembélé
25257	Pemi Moumbagna
25258	Pen
25259	Pena
25260	Pendant
25261	Pendlebury
25262	Pendry
25263	Peng
25264	Peng Sh. M.
25265	Peng Shimeng
25266	Peng X.L
25267	Peng Xinli
25268	Pengfei
25269	Pengxiang
25270	Peni
25271	Penman
25272	Penneteau
25273	Penney
25274	Pennington
25275	Penrice
25276	Pentke
25277	Pentz
25278	Penza
25279	Pep Biel
25280	Pep Chavarría
25281	Pep Gayà
25282	Pepe
25283	Pepe Reina
25284	Pepe Sánchez
25285	Pepelu
25286	Pepi
25287	Pepple
25288	Pepê
25289	Per
25290	Per Ciljan
25291	Per Kristian
25292	Peralta
25293	Peralta Bauer
25294	Peraza
25295	Perch
25296	Percival
25297	Percy
25298	Perdedaj
25299	Pere
25300	Pere Joan
25301	Pere Milla
25302	Pere Pons
25303	Perea
25304	Perea Correoso
25305	Perea Hernández
25306	Peredo
25307	Pereira
25308	Pereira Batista
25309	Pereira Camará
25310	Pereira Cejudo
25311	Pereira Da Costa
25312	Pereira Da Silva
25313	Pereira Empereur
25314	Pereira Figueiredo
25315	Pereira Gomes
25316	Pereira Gonçalves
25317	Pereira Junior
25318	Pereira Lage
25319	Pereira Mendes
25320	Pereira Queirós
25321	Pereira Reis
25322	Pereira Rocha
25323	Pereira Silva
25324	Pereira Sipião
25325	Pereira Xavier
25326	Pereira da Costa
25327	Pereira da Silva
25328	Pereira de Pinho
25329	Pereira de Sa
25330	Pereira dos Santos
25331	Pereiro
25332	Perera
25333	Perera Plasencia
25334	Peres
25335	Peres Petroni
25336	Peretz
25337	Pereyra
25338	Pereyra Díaz
25339	Pereyra F.
25340	Perez
25341	Perg
25342	Perić
25343	Perianu
25344	Perišić
25345	Perica
25346	Periera
25347	Perin
25348	Perisset
25349	Perkins
25350	Perković
25351	Perlaza
25352	Perle
25353	Pernambuco
25354	Pernaska
25355	Pernica
25356	Pernille
25357	Pernot
25358	Pernía
25359	Peron
25360	Perotti
25361	Perparim
25362	Perr
25363	Perraud
25364	Perreau
25365	Perret
25366	Perrier
25367	Perrin
25368	Perritt
25369	Perrot
25370	Perruchet Silva
25371	Perruzza
25372	Perry
25373	Persson
25374	Persyn
25375	Pertúz
25376	Peru
25377	Peruzzi
25378	Pervan
25379	Pervis
25380	Pessanha Agostinho
25381	Pessel
25382	Pessina
25383	Pesso Limberg
25384	Pessoa Vidigal
25385	Pestanha Días
25386	Pestaña
25387	Pestka
25388	Peta
25389	Petagna
25390	Petar
25391	Peteira
25392	Petek
25393	Petelei
25394	Peter
25395	Peter Vindahl
25396	Peteris
25397	Petermann
25398	Peters
25399	Petersen
25400	Peterson
25401	Petersson
25402	Petignat
25403	Petit
25404	Petitjean
25405	Petko
25406	Petkov
25407	Petković
25408	Petkovic
25409	Petkovski
25410	Petr
25411	Petra
25412	Petraitis
25413	Petrakov
25414	Petratos
25415	Petrauskas
25416	Petrauskienė
25417	Petre
25418	Petrenko
25419	Petretta
25420	Petrić
25421	Petri Taffarel
25422	Petric
25423	Petriccione
25424	Petrie
25425	Petrila
25426	Petrina
25427	Petrit
25428	Petro
25429	Petroli
25430	Petros
25431	Petros Matheus
25432	Petrosian
25433	Petrov
25434	Petrova
25435	Petrović
25436	Petrovič
25437	Petru
25438	Petrášek
25439	Petsos
25440	Pett
25441	Petter
25442	Pettersen
25443	Pettersson
25444	Petxarroman
25445	Petxarromán
25446	Pevec
25447	Peybernès
25448	Peyraud-Magnin
25449	Peyre
25450	Pezila
25451	Pezzella
25452	Pezzini Leiva
25453	Peçi
25454	Peña
25455	Peña Albons
25456	Peña Herrero
25457	Peña Jiménez
25458	Peña Sotorres
25459	Peña Zauner
25460	Peñailillo
25461	Peñaranda
25462	Pfanne
25463	Pfeiffer
25464	Pfennig
25465	Pfister
25466	Phadkar
25467	Phakhamchai
25468	Pham
25469	Phan
25470	Pharasa
25471	Phasingh
25472	Phathutshedzo
25473	Phaëton
25474	Phelan
25475	Phelipe
25476	Phellype
25477	Pherai
25478	Phesheya
25479	Phete
25480	Phil
25481	Philimon
25482	Philip
25483	Philipe
25484	Philipe Sampaio
25485	Philipp
25486	Philippe
25487	Philippos
25488	Philippoteaux
25489	Phillip
25490	Phillipp
25491	Phillips
25492	Philogene-Bidace
25493	Philtjens
25494	Phiri
25495	Phoenix
25496	Phojo
25497	Phongsachan
25498	Phoumi
25499	Phouvong
25500	Phrangki
25501	Phraracha
25502	Phuc
25503	Phuong
25504	Phurba
25505	Pi
25506	Piątek
25507	Piątkowski
25508	Pițian
25509	Piao
25510	Piao CH.
25511	Piao Cheng
25512	Piao Sh.H.
25513	Piao Shihao
25514	Piao T.Y.
25515	Piao Taoyu
25516	Piasecki
25517	Piatti
25518	Piazon
25519	Picanço Medeiros
25520	Picard
25521	Picault
25522	Piccini
25523	Piccinini
25524	Picco
25525	Piccoli
25526	Pich
25527	Pichler
25528	Pick
25529	Pickel
25530	Pickering
25531	Pickford
25532	Pico
25533	Picot
25534	Picouleau
25535	Picón Álvaro
25536	Pidjot
25537	Pieńczak
25538	Pieńko
25539	Pied
25540	Piedrahita
25541	Pieper
25542	Pier
25543	Pierangelo
25544	Pierce
25545	Piergianni
25546	Pierias
25547	Pierie
25548	Pieringer
25549	Pierini
25550	Pierluigi
25551	Piero
25552	Pierotti
25553	Pierre
25554	Pierre Tomás
25555	Pierre-Emerick
25556	Pierre-Emile
25557	Pierre-Gabriel
25558	Pierre-Yves
25559	Pierrick
25560	Pierrino Faria
25561	Pierrot
25562	Piesinger
25563	Pieter
25564	Pietermaat
25565	Pieternella
25566	Pieters
25567	Pietraszkiewicz
25568	Pietris
25569	Pietro
25570	Pietro Maurício
25571	Pietrson Mendes
25572	Pietrzak
25573	Piette
25574	Pigliacelli
25575	Pignatel
25576	Pigott
25577	Pijnaker
25578	Pike
25579	Pikiña
25580	Pilapo
25581	Pilip
25582	Pilkington
25583	Pillai
25584	Pillud
25585	Pimenta Baia
25586	Pimentel da Silva
25587	Pimentiscinho
25588	Pina Isla
25589	Pina Medina
25590	Pinamonti
25591	Pinargote
25592	Pinato
25593	Pinchi
25594	Pinckert
25595	Pineau
25596	Pineda
25597	Pineida
25598	Pines
25599	Pinho Parrela
25600	Pink
25601	Pinki
25602	Pinna
25603	Pinnock
25604	Pino Soler
25605	Pinola
25606	Pinot
25607	Pinsoglio
25608	Pinto
25609	Pinto Almeida Paz
25610	Pinto Barbosa
25611	Pinto Leite
25612	Pinto Trabulo
25613	Pinto Veloso
25614	Pintor
25615	Pintu
25616	Piodão Esser
25617	Pione
25618	Piossek
25619	Piotr
25620	Piotrowska
25621	Piotrowski
25622	Piovi
25623	Pipa
25624	Piper
25625	Pipo
25626	Piqué
25627	Piqué Bernabeu
25628	Pirard
25629	Piras
25630	Pirekeýewa
25631	Pires
25632	Pires Feitosa
25633	Pires Neto
25634	Pires Ramos
25635	Pires Tramontino
25636	Pires da Fonseca
25637	Piri
25638	Pirie
25639	Pirinen
25640	Piris
25641	Pirlo
25642	Piroe
25643	Pirola
25644	Pirrello
25645	Pirro
25646	Pirès
25647	Pisacane
25648	Piscopo
25649	Pita
25650	Pita González
25651	Pitaluga
25652	Pitian
25653	Pitman
25654	Pitta
25655	Pitta Fonseca
25656	Pittman
25657	Pittón
25658	Pitu
25659	Pité
25660	Pius
25661	Piwernetz
25662	Piyawat
25663	Pizarro
25664	Pizzi
25665	Pizzicanella
25666	Pizzichillo
25667	Pizzini
25668	Pizzorno
25669	Pizzuto
25670	Piçinciol
25671	Piñatares
25672	Piñeiro
25673	Piñuelas
25674	Pjaca
25675	Pjanić
25676	Pjeter
25677	PlaceHolder 1
25678	PlaceHolder 102
25679	PlaceHolder 103
25680	PlaceHolder 104
25681	PlaceHolder 105
25682	PlaceHolder 106
25683	PlaceHolder 11
25684	PlaceHolder 12
25685	PlaceHolder 13
25686	PlaceHolder 14
25687	PlaceHolder 2
25688	PlaceHolder 202
25689	PlaceHolder 203
25690	PlaceHolder 204
25691	PlaceHolder 22
25692	PlaceHolder 23
25693	PlaceHolder 24
25694	PlaceHolder 26
25695	PlaceHolder 27
25696	Plach
25697	Placheta
25698	Placide
25699	Plaetevoet
25700	Plamedi
25701	Planas
25702	Plano Pedreño
25703	Plant
25704	Plata
25705	Platt
25706	Platte
25707	Plattenhardt
25708	Plavšić
25709	Plavotic
25710	Plaza
25711	Pleśnierowicz
25712	Plea
25713	Pledl
25714	Pleguezuelo
25715	Pleguezuelo Selva
25716	Pletinckx
25717	Plewka
25718	Plizzari
25719	Plogmann
25720	Plojer
25721	Plomer Gordillo
25722	Pluijmen
25723	Plume
25724	Po-Liang
25725	Poaty
25726	Pobega
25727	Poblete
25728	Pochettino
25729	Pochi
25730	Pocho
25731	Pocrnjic
25732	Poddar
25733	Podence
25734	Podgórna
25735	Podliński
25736	Podolski
25737	Poew
25738	Pogba
25739	Poggi
25740	Poha
25741	Pohjanpalo
25742	Pohl
25743	Pohlmann
25744	Poirier
25745	Poisson
25746	Pojani
25747	Poko
25748	Pokorný
25749	Poku
25750	Pol
25751	Pol García
25752	Pol Lirola
25753	Pol Llonch
25754	Pol Lozano
25755	Pol Mikel
25756	Pol V.
25757	Pol Valentín
25758	Polajnar
25759	Polat
25760	Poletanović
25761	Poli
25762	Polias
25763	Polidar
25764	Politano
25765	Politic
25766	Poljanšek
25767	Polkinghorne
25768	Poll
25769	Pollero
25770	Pollersbeck
25771	Polley
25772	Pollock
25773	Polo
25774	Poloko
25775	Polster
25776	Polter
25777	Polydore
25778	Polykarpou
25779	Pomare
25780	Pomares
25781	Pomares Rayo
25782	Pombal Trigo
25783	Pombal de Faria
25784	Pombaxinho
25785	Pombeira Gesser
25786	Pombo
25787	Pombo Escobar
25788	Pomer
25789	Pomilio Lima
25790	Pompa
25791	Pomykal
25792	Ponath
25793	Ponce
25794	Ponceau
25795	Ponces Lourenço
25796	Ponck
25797	Pongračić
25798	Pons
25799	Pons Riera
25800	Ponson
25801	Ponti
25802	Ponticelli
25803	Pontus
25804	Ponzio
25805	Pooja
25806	Poojary
25807	Poole
25808	Poonam
25809	Pop
25810	Popa
25811	Popadiuc
25812	Pope
25813	Popescu
25814	Poplevchenkov
25815	Popov
25816	Popović
25817	Popovic
25818	Popp
25819	Poprawa
25820	Poręba
25821	Porath
25822	Porfírio Julião
25823	Poroto Lux
25824	Porozo
25825	Porras
25826	Porro Sauceda
25827	Portanova
25828	Porteous
25829	Porter
25830	Portillo
25831	Portillo Soler
25832	Portmann
25833	Portocarrero
25834	Portu
25835	Portugal Lima
25836	Portugues Manzanera
25837	Posavec
25838	Posch
25839	Posmyk
25840	Pospisil
25841	Pospíšil
25842	Possignolo
25843	Post
25844	Postema
25845	Postigo
25846	Postigo Redondo
25847	Postma
25848	Potapovitch
25849	Potato
25850	Potier
25851	Potlako
25852	Potočnik
25853	Potter
25854	Potti
25855	Pottier
25856	Potts
25857	Potuk
25858	Potzmann
25859	Poul
25860	Poulain
25861	Poulsen
25862	Poungouras
25863	Pouraliganji
25864	Pourie
25865	Pourié
25866	Pourtau
25867	Poussin
25868	Pouye
25869	Poveda
25870	Poveda Romera
25871	Pow
25872	Powder
25873	Powell
25874	Power
25875	Poyraz
25876	Pozo
25877	Pozo La Rosa
25878	Pozo Pozo
25879	Pozo la Rosa
25880	Pozuelo
25881	Pozuelo Melero
25882	Pozzo
25883	Prabha
25884	Prabhakar
25885	Prabhsukhan
25886	Prabhu
25887	Prabir
25888	Praceira Diniz
25889	Pradeep
25890	Pradhan
25891	Pradhana
25892	Pradip
25893	Prado
25894	Prados Díaz
25895	Prados López
25896	Praet
25897	Pragyan
25898	Prajapati
25899	Prajapit
25900	Prakash
25901	Pramana
25902	Pramanik
25903	Pramila
25904	Pramod
25905	Pranciskus
25906	Prange
25907	Pranjal
25908	Prasad
25909	Prasanta
25910	Prasanth
25911	Prashant
25912	Prass
25913	Praszelik
25914	Prat
25915	Prata
25916	Pratap
25917	Prateek
25918	Prateep
25919	Pratelli
25920	Pratibha
25921	Pratik
25922	Pratima
25923	Pratley
25924	Prats Bastidas
25925	Pratt
25926	Praveen
25927	Pravin
25928	Prazeracinho
25929	Prazeres Conradi
25930	Prcić
25931	Preciado
25932	Precious
25933	Preda
25934	Predrag
25935	Preece
25936	Preißinger
25937	Prek
25938	Prem
25939	Prema
25940	Premjit
25941	Preng
25942	Presa
25943	Presnel
25944	Press
25945	Pressley
25946	Prestes
25947	Prestes Cadete
25948	Prestige
25949	Preston
25950	Prestão Chaves
25951	Pretell
25952	Pretorius
25953	Previtali
25954	Prevljak
25955	Prevost
25956	Prevot
25957	Prezioso
25958	Prib
25959	Prica
25960	Price
25961	Prichard
25962	Priestley
25963	Prietl
25964	Prieto
25965	Prifti
25966	Prigent
25967	Prijović
25968	Prijovic
25969	Prikryl
25970	Primel
25971	Prince
25972	Prince Isaac
25973	Prince Osei
25974	Princeton
25975	Pring
25976	Pringle
25977	Prins
25978	Prior
25979	Prip
25980	Priscilla
25981	Priso
25982	Pritam
25983	Pritchard
25984	Priti
25985	Pritula
25986	Privalov
25987	Privert
25988	Priya
25989	Priyanka
25990	Probert
25991	Procházka
25992	Procházková
25993	Procter
25994	Proctor
25995	Prodan
25996	Prokop
25997	Prokopič
25998	Promes
25999	Promise
26000	Pronay
26001	Proper
26002	Prophète
26003	Prosser
26004	Prost
26005	Prothero
26006	Prott
26007	Provat
26008	Provedel
26009	Provod
26010	Prowse
26011	Pruvost
26012	Pryce
26013	Przemysław
26014	Przemyslaw
26015	Przybek
26016	Przybyłko
26017	Przybylko
26018	Prévot
26019	Pröger
26020	Prömel
26021	Pröpper
26022	Psyché
26023	Pu
26024	Pușcaș
26025	Pu Yai Bahn
26026	Puado
26027	Puado Díaz
26028	Pušić
26029	Puch
26030	Puchacz
26031	Puche García
26032	Pucheta
26033	Puertas
26034	Puertas Trujillano
26035	Puerto Pineda
26036	Pugh
26037	Puig Herrera
26038	Puig Martí
26039	Puigmal Martínez
26040	Puitea
26041	Puja
26042	Pujari
26043	Pujol
26044	Pujol Amat
26045	Pukki
26046	Pule
26047	Pulga
26048	Pulgar
26049	Puliang
26050	Pulido
26051	Pulido Mayoral
26052	Pulido Peñas
26053	Pulisic
26054	Pulkrab
26055	Pulskamp
26056	Pululu
26057	Puma
26058	Pumphrey
26059	Punčec
26060	Punam
26061	Pung Yeon
26062	Pungi
26063	Pungyeon
26064	Puntigam
26065	Puntjar
26066	Puran
26067	Purata
26068	Purce
26069	Purdy
26070	Purece
26071	Purnima
26072	Purrington
26073	Pursall
26074	Puscas
26075	Pusch
26076	Pushpa
26077	Pushpakumara
26078	Pusic
26079	Puspa
26080	Pussetto
26081	Putaro
26082	Putellas Segura
26083	Putivtsev
26084	Putna
26085	Putnocky
26086	Putnocký
26087	Putros
26088	Puttkammer
26089	Puyol
26090	Puzankov
26091	Pußwald
26092	Pyatov
26093	Pyeong Gook
26094	PyeongGook
26095	Pyke
26096	Pym
26097	Pyndt
26098	Pyo
26099	Pyo Geon Hee
26100	Pyon Chol
26101	Pyrdoł
26102	Pyrka
26103	Pyry
26104	Pádraig
26105	Páez Cardona
26106	Pálsson
26107	Pärn
26108	Pääsuke
26109	Påhlsson
26110	Pål Alexander
26111	Pål André
26112	Pål Erik
26113	Pålsson
26114	Péan
26115	Pépé
26116	Pérez
26117	Pérez Cea
26118	Pérez García
26119	Pérez Greco
26120	Pérez Gutiérrez
26121	Pérez Hintermeier
26122	Pérez López
26123	Pérez Maqueda
26124	Pérez Martínez
26125	Pérez Mateo
26126	Pérez Muñoz
26127	Pérez Rico
26128	Pérez Rodríguez
26129	Pérez Ruiz
26130	Pérez Sayol
26131	Pérez Soto
26132	Pérez del Mármol
26133	Péter
26134	Pêpê
26135	Pëllumb
26136	Përdedaj
26137	Përez
26138	Píriz
26139	Pîrvulescu
26140	Pöhls
26141	Q. Timber
26142	Q.Lajami
26143	Qaasim
26144	Qanungo
26145	Qarni
26146	Qasem
26147	Qasim
26148	Qasmi
26149	Qazaishvili
26150	Qazim
26151	Qela
26152	Qendrim
26153	Qerim
26154	Qi
26155	Qi T.Y.
26156	Qi Tianyu
26157	Qi-chen
26158	Qian
26159	Qian J.G.
26160	Qian Jiegei
26161	Qian Y.M.
26162	Qian Yumiao
26163	Qiang
26164	Qianglong
26165	Qilong
26166	Qin
26167	Qin SH.
26168	Qin Sheng
26169	Qing
26170	Qinghao
26171	Qingwei
26172	Qinhan
26173	Qiu
26174	Qiu T.Y.
26175	Qiu Tianyi
26176	Qiule
26177	Qiuming
26178	Quagliarella
26179	Quagliata
26180	Quai
26181	Quaison
26182	Quan
26183	Quanbo
26184	Quang-Thieu
26185	Quaresma
26186	Quaresma Bernardo
26187	Quaresma Correia
26188	Queensy
26189	Queiros
26190	Queiroz Barcelos
26191	Queiroz Canteiro
26192	Queiroz de Oliveira
26193	Queirós
26194	Quek
26195	Quemper
26196	Quentin
26197	Quevedo
26198	Quevin Castro
26199	Quevin Moises
26200	Quezada
26201	Qui-li
26202	Quick
26203	Quiermo
26204	Quigley
26205	Quignon
26206	Quilichini
26207	Quina
26208	Quincy
26209	Quindt
26210	Quini
26211	Quinlan
26212	Quinn
26213	Quintana
26214	Quintana Hernández
26215	Quintana Moreno
26216	Quintana Sosa
26217	Quinten
26218	Quintero
26219	Quinteros
26220	Quintilla
26221	Quintillà
26222	Quintillà Guasch
26223	Quioto
26224	Quique
26225	Quirin
26226	Quiroga
26227	Quiroz
26228	Quirynen
26229	Quitirna Junior
26230	Quito
26231	Quitongo
26232	Quizera
26233	Quiñones
26234	Quiñonez
26235	Quiñónes
26236	Quiñónez
26237	Quoalabee
26238	Quon
26239	Qurbonov
26240	Qureshi
26241	Quílez
26242	Rădescu
26243	Răducanu
26244	Răuță
26245	Răzvan
26246	R. Alarcón
26247	R. Alcaraz
26248	R. Almousa
26249	R. Alves
26250	R. Assalé
26251	R. Barbosa
26252	R. Battaglia
26253	R. Bentancur
26254	R. Bernal
26255	R. Bigas
26256	R. Boateng
26257	R. Brugué
26258	R. Caicedo
26259	R. Camacho
26260	R. Carioca
26261	R. Carlos
26262	R. Carnero
26263	R. Carrascal
26264	R. Champang
26265	R. Cisneros
26266	R. Conceição
26267	R. Cota
26268	R. Cristóbal
26269	R. Cuellar
26270	R. D. T.
26271	R. De Galarreta
26272	R. De Paul
26273	R. Esgaio
26274	R. Fernández
26275	R. Ferreira
26276	R. Fulgencio
26277	R. Funes Mori
26278	R. G. Cordeiro
26279	R. Garay
26280	R. Garcia
26281	R. Gauld
26282	R. Gomes
26283	R. Guarderas
26284	R. Gudiño
26285	R. Guzzo
26286	R. Hernández
26287	R. Horta
26288	R. Jansen
26289	R. Leão
26290	R. Manaj
26291	R. Martinez
26292	R. Mina
26293	R. Mmaee
26294	R. Mújica
26295	R. Navarro
26296	R. Ofori
26297	R. Oliveira
26298	R. Ortiz
26299	R. Pardo
26300	R. Pinho
26301	R. Pizarro
26302	R. Pulido
26303	R. Ribeiro
26304	R. Ryller
26305	R. Sandoval
26306	R. Santa Cruz
26307	R. Semedo
26308	R. Sosa
26309	R. Sánchez
26310	R. Torres
26311	R. Ureña
26312	R. Vaca
26313	R. Vera
26314	R. Vinagre
26315	R. Williams
26316	R. Yañez
26317	R. de la Rosa
26318	R. do Nascimento
26319	R.Albiol
26320	R.Alotaibi
26321	R.Araujo
26322	R.Babel
26323	R.C. Mangas
26324	R.Canella
26325	R.Duarte
26326	R.Garcia
26327	R.Lopes
26328	R.Mendieta
26329	R.Oliveira
26330	R.Patrício
26331	R.Peña
26332	R.Ramírez
26333	R.Sanches
26334	R.Sigurdsson
26335	R.Silva
26336	R.Varane
26337	R.Yilmaz
26338	Rıdvan
26339	Ra
26340	Račić
26341	Ra’anui
26342	Rață
26343	Rațiu
26344	Raab
26345	Raba Antolin
26346	Rabah
26347	Rabanal
26348	Rabari
26349	Rabbi
26350	Rabeeh
26351	Rabha
26352	Rabihic
26353	Rabiot
26354	Rabold
26355	Raboud
26356	Rabuñal
26357	Rachael
26358	Rachavongsa
26359	Rachel
26360	Rachelle
26361	Rachid
26362	Racic
26363	Racine
26364	Racioppi
26365	Racovițan
26366	Racovitan
26367	Rad
26368	Radacanu
26369	Radama
26370	Radamel Falcao
26371	Rade
26372	Radebe
26373	Radecki
26374	Radek
26375	Radelj
26376	Radetinac
26377	Radev
26378	Radha
26379	Radheshyam
26380	Radhi
26381	Radhika
26382	Radić
26383	Radif
26384	Radim
26385	Radin
26386	Radinio
26387	Radiopane
26388	Radivoj
26389	Radja
26390	Radkowski
26391	Radlinger
26392	Radošević
26393	Radoja
26394	Radomir
26395	Radonja
26396	Radonjić
26397	Radonjic
26398	Radosław
26399	Radosav
26400	Radoslav
26401	Radovan
26402	Radovanović
26403	Radu
26404	Raducan
26405	Raducanu
26406	Radulović
26407	Radulovic
26408	Radunović
26409	Radunovic
26410	Radwański
26411	Rae
26412	Rae Cirino
26413	Rae Song
26414	Raed
26415	Raemaekers
26416	Raes
26417	Rafa
26418	Rafa Mir
26419	Rafa Mújica
26420	Rafa Páez
26421	Rafa Santos
26422	Rafa Soares
26423	Rafał
26424	Rafael
26425	Rafael A.
26426	Rafael António
26427	Rafael Avelino
26428	Rafael Bandeira
26429	Rafael Barbosa
26430	Rafael Cachoira
26431	Rafael Camacho
26432	Rafael Carioca
26433	Rafael Euclides
26434	Rafael Jorgino
26435	Rafael Leão
26436	Rafael Lopes
26437	Rafael Martins
26438	Rafael Pereira
26439	Rafael Ramos
26440	Rafael Santos
26441	Rafael Silva
26442	Rafael Simão
26443	Rafael Tolói
26444	Rafael Vicente
26445	Rafael de Aseiro
26446	Rafaela Isabel
26447	Rafaelly Paraná
26448	Rafah
26449	Rafanilton Vilela
26450	Raffael
26451	Raffaele
26452	Rafferty
26453	Rafi
26454	Rafik
26455	Rafiki
26456	Rafinha
26457	Rafiq
26458	Rafique
26459	Raggett
26460	Raghavan
26461	Raghfawi
26462	Raghunath
26463	Raglan
26464	Ragnar
26465	Ragusa
26466	Raguž
26467	Rahaman
26468	Raheem
26469	Rahel
26470	Rahim
26471	Rahman
26472	Rahmani
26473	Rahmann
26474	Rahmanov
26475	Rahmanović
26476	Rahmat
26477	Rahou
26478	Rahul
26479	Rahul KP
26480	Rai
26481	Rai Marchán
26482	Raicea
26483	Raid
26484	Raiee
26485	Raikes
26486	Raikkonen
26487	Raillo
26488	Raillo Arenas
26489	Raimberdiev
26490	Raimon
26491	Raimundo
26492	Rainer
26493	Rainey
26494	Raisl
26495	Raitala
26496	Raivis
26497	Raj
26498	Raja
26499	Rajak
26500	Rajakumar
26501	Rajakumari
26502	Rajamohan
26503	Rajan
26504	Rajani
26505	Rajaram
26506	Rajendra
26507	Rajes
26508	Rajesh
26509	Rajeshvarun
26510	Rajiv
26511	Rajiya
26512	Rajko
26513	Rajković
26514	Rajkovic
26515	Rajkumar
26516	Rajni
26517	Rajot
26518	Rajput
26519	Rajswaroop
26520	Raju
26521	Rak
26522	Rak-Sakyi
26523	Rakan
26524	Rakatondrabe
26525	Rakel
26526	Rakesh
26527	Rakhi
26528	Rakhman
26529	Rakib
26530	Rakip
26531	Rakitić
26532	Rakoczy
26533	Rakota
26534	Rakotoarisoa
26535	Rakotobe
26536	Rakowski
26537	Ralekhetla
26538	Ralf
26539	Ralls
26540	Ralph
26541	Ralston
26542	Ralte
26543	Ram
26544	Rama
26545	Rama Calviño
26546	Ramadan
26547	Ramadani
26548	Ramadevi
26549	Ramahlwe
26550	Ramaj
26551	Ramalho
26552	Ramalho Chimeno
26553	Ramalho Silva
26554	Ramallo
26555	Raman
26556	Ramazan
26557	Ramazani
26558	Rambal
26559	Rambuka
26560	Ramchandra
26561	Rames
26562	Ramesabhai
26563	Ramesh
26564	Ramfangzauva
26565	Rami
26566	Ramirez
26567	Ramiro
26568	Ramiz
26569	Ramkilde
26570	Ramlatun
26571	Ramm
26572	Ramnaresh
26573	Ramon
26574	Ramon Lopes
26575	Ramon Pascal
26576	Ramos
26577	Ramos Calado
26578	Ramos García
26579	Ramos Marchi
26580	Ramos Martins
26581	Ramos Mingo
26582	Ramos Oliveira Melo
26583	Ramos Pinazo
26584	Ramos de la Flor
26585	Ramovš
26586	Ramsay
26587	Ramsdale
26588	Ramselaar
26589	Ramses Becker
26590	Ramsey
26591	Ramu
26592	Ramusović
26593	Ramy
26594	Ramzi
26595	Ramzy
26596	Ramírez
26597	Ramírez Castillo
26598	Ramírez Fernández
26599	Ramírez López
26600	Ramírez Suárez
26601	Ramírez del Toro
26602	Ramón
26603	Ramón David
26604	Ramón Enríquez
26605	Ramón Juan
26606	Ramón Samuel
26607	Ramón da Almeyda
26608	Ramón del Valle
26609	Ranđelović
26610	Rana
26611	Ranacher
26612	Ranajit
26613	Ranatunga
26614	Ranawade
26615	Ranaweera
26616	Randal
26617	Randall
26618	Randell
26619	Randimbison
26620	Randolph
26621	Randy
26622	Rane
26623	Ranftl
26624	Rangel
26625	Rangel Azevedo
26626	Ranger
26627	Rangsei
26628	Rani
26629	Rania
26630	Ranieri
26631	Ranjan
26632	Ranjana
26633	Ranjit
26634	Ranjit Muttiah
26635	Ranjitsingh
26636	Ranju
26637	Rankin
26638	Rankin-Costello
26639	Ranko
26640	Ranmark
26641	Ranocchia
26642	Ransford-Yeboah
26643	Ransom
26644	Rantanen
26645	Rao
26646	Rao Dessai
26647	Rao W.H.
26648	Rao Weihui
26649	Raouf
26650	Raoul
26651	Rapha
26652	Raphael
26653	Raphael Aflalo
26654	Raphael Doninho
26655	Raphael Guzzo
26656	Raphael Paneira
26657	Raphael Rossi
26658	Raphael Silva
26659	Raphael William
26660	Raphaelinho Anjos
26661	Raphaël
26662	Raphinha
26663	Rapinoe
26664	Rapnouil
26665	Raposo
26666	Rapp
26667	Raquel
26668	Rareș
26669	Rareş Gabriel
26670	Rarmani
26671	Ras
26672	Rasa
26673	Rasak
26674	Raschl
26675	Rashad
26676	Rasham
26677	Rashani
26678	Rashed
26679	Rasheed
26680	Rashford
26681	Rashica
26682	Rashid
26683	Rashidi
26684	Rasim
26685	Rask
26686	Raskin
26687	Rasmijn
26688	Rasmus
26689	Rasmussen
26690	Raso
26691	Raspadori
26692	Rasskazov
26693	Rassoul
26694	Rasulov
26695	Rata
26696	Ratajczyk
26697	Ratan
26698	Ratcliffe
26699	Ratej
26700	Rathav
26701	Rathbone
26702	Rathi
26703	Rathmann
26704	Rathod
26705	Ratiu
26706	Ratna
26707	Ratnayake
26708	Ratul
26709	Ratón
26710	Rauch
26711	Raul
26712	Raul Silva
26713	Raullino Daniel
26714	Raullino Meneses
26715	Raulo
26716	Rault
26717	Raum
26718	Raut
26719	Rauta
26720	Raux-Yao
26721	Rav
26722	Ravaglia
26723	Raval
26724	Ravanelli
26725	Ravat
26726	Ravel
26727	Ravelli
26728	Raveloson
26729	Ravenhill
26730	Ravet
26731	Ravi
26732	Ravidas
26733	Ravil
26734	Ravindra
26735	Ravizzoli
26736	Ravn
26737	Ravnik
26738	Rawat
26739	Rawlins
26740	Rawson
26741	Ray
26742	Raya
26743	Raya Martin
26744	Rayamajhi
26745	Rayan
26746	Rayane
26747	Rayco
26748	Rayhaan
26749	Rayhan
26750	Rayhi
26751	Raymond
26752	Raymundo
26753	Raynaud
26754	Rayner
26755	Raynier
26756	Razanajatovo
26757	Razia
26758	Razmouhi
26759	Razzaq
26760	Raïs
26761	Raúl
26762	Raúl Alberto
26763	Raúl Albiol
26764	Raúl Blanco
26765	Raúl Carnero
26766	Raúl F.
26767	Raúl Fernández
26768	Raúl García
26769	Raúl Guti
26770	Raúl Lizoain
26771	Raúl Michel
26772	Raúl Moro
26773	Raúl Navarro
26774	Raúl Navas
26775	Rchard
26776	Rea
26777	Reabciuk
26778	Reach
26779	Read
26780	Reagan
26781	Reagy
26782	Real
26783	Realdo
26784	Ream
26785	Reamsochung
26786	Reang
26787	Reasco
26788	Rebane
26789	Rebbieħ
26790	Rebeca
26791	Rebeca Lia
26792	Rebeca Maria
26793	Rebecka
26794	Rebeilo Mestres
26795	Rebekah
26796	Rebello
26797	Rebelo de Freit
26798	Rebić
26799	Rebocho
26800	Rebolledo
26801	Rebollo Franco
26802	Rebrov
26803	Reca
26804	Recalde
26805	Recasens
26806	Recasens Vives
26807	Recek
26808	Recep
26809	Recep Niyaz
26810	Recio
26811	Recio Irusta
26812	Recio Ortega
26813	Reckert
26814	Reckord
26815	Recktenwald
26816	Reda
26817	Redan
26818	Reddemann
26819	Reddy
26820	Redeem
26821	Redes
26822	Redfern
26823	Redisch
26824	Redmayne
26825	Redmond
26826	Redondo
26827	Redondo Ferrer
26828	Redouane
26829	Redwan
26830	Redzep
26831	Redzic
26832	Redžić
26833	Reece
26834	Reeco
26835	Reed
26836	Reen
26837	Rees
26838	Reese
26839	Reeve
26840	Reeves
26841	Refaelov
26842	Refiloe
26843	Regő
26844	Regal Angulo
26845	Regalo Gonçalves
26846	Regalo Sousa
26847	Regan
26848	Reges
26849	Reggie
26850	Reghba
26851	Reginsson
26852	Regnier
26853	Regontse
26854	Reguilón
26855	Reguilón Rodríguez
26856	Rehenesh
26857	Rehman
26858	Rei
26859	Reichmuth
26860	Reid
26861	Reijnders
26862	Reilly
26863	Reimann
26864	Reimao
26865	Reimer
26866	Reina
26867	Reina Páez
26868	Reina Rodríguez
26869	Reinaldo
26870	Reine-Adelaïde
26871	Reine-Adélaïde
26872	Reiner
26873	Reinhard
26874	Reinhold
26875	Reinier
26876	Reinildo
26877	Reinildo Isnard
26878	Reinoso
26879	Reinthaler
26880	Reinås
26881	Reis
26882	Reis Amaral
26883	Reis Ferreira
26884	Reis Gonçalves
26885	Reis Graça
26886	Reis Júnior
26887	Reis Lima
26888	Reis Lopes
26889	Reis da Silveira
26890	Reis de Lima
26891	Reisende Mendes
26892	Reisinger
26893	Reisinho
26894	Reiss
26895	Reisão Dinis
26896	Reitan
26897	Reiten
26898	Reiter
26899	Reitosa Ribeiro
26900	Reitz
26901	Reiziger
26902	Rekeem
26903	Rekeil
26904	Rekha
26905	Rekik
26906	Relly
26907	Relu
26908	Relucio Gallego
26909	Relvas V. Oliveira
26910	Relvas de Oliveira
26911	Remacle
26912	Remco
26913	Remeao
26914	Remedi
26915	Rementería Castro
26916	Remeseiro Salgueiro
26917	Remi
26918	Remie
26919	Remil
26920	Remiro Gargallo
26921	Remko
26922	Remo
26923	Remy
26924	Ren
26925	Ren L.H.
26926	Ren Lihao
26927	Renae
26928	Renan
26929	Renan Augusto
26930	Renan Lodi
26931	Renan Ribeiro
26932	Renan dos Santos
26933	Renard
26934	Renat
26935	Renata
26936	Renate
26937	Renato
26938	Renato A.
26939	Renato Augusto
26940	Renato Barbosa
26941	Renato Chaves
26942	Renato Fred
26943	Renato Júnior
26944	Renato Peter
26945	Renato Sanches
26946	Renatão Baumer
26947	Renaud
26948	Renault
26949	Rendall Correia
26950	Rendón
26951	Rene
26952	Renel
26953	Renier
26954	Reniero
26955	Renji
26956	Renner
26957	Rennicks
26958	Rennie
26959	Renny
26960	Reno
26961	Rens
26962	Rensch
26963	Rente
26964	Rentería
26965	Renthlei
26966	Rentian
26967	Renu
26968	Renuka
26969	Renzo
26970	René
26971	Renê
26972	Renê Santos
26973	Reo
26974	Rep
26975	Repyakh
26976	Requena
26977	Resch
26978	Resende Brazão
26979	Resende dos Santos
26980	Reshma
26981	Resnik
26982	Resurrección
26983	Retegui
26984	Reto
26985	Retre
26986	Retsos
26987	Reuben
26988	Reufi
26989	Reum
26990	Reus
26991	Reuter
26992	Reva
26993	Revan
26994	Revanth
26995	Revel
26996	Reven
26997	Revvy
26998	Rewan
26999	Rexha
27000	Rexhbecaj
27001	Rexhbeçaj
27002	Rexhepi
27003	Rey
27004	Rey Erenas
27005	Rey Vázquez
27006	Reyes
27007	Reymundo
27008	Reymão Nogueira
27009	Reyna
27010	Reynaud
27011	Reynero
27012	Reynet
27013	Reynolds
27014	Reynoso
27015	Reza
27016	Rezaei
27017	Rezai
27018	Rezan
27019	Rezart
27020	Reziuan
27021	Režek
27022	Rharsalla
27023	Rhayner
27024	Rhein
27025	Rhian
27026	Rhodes
27027	Rhodri
27028	Rhuan
27029	Rhyan
27030	Rhys
27031	Rhys-James
27032	Rhöse
27033	Ria
27034	Riad
27035	Riascos
27036	Riaño
27037	Rib. Moraes Júnior
27038	Ribas
27039	Ribeiro
27040	Ribeiro Almeida
27041	Ribeiro Dias
27042	Ribeiro Gomes
27043	Ribeiro Lino Silva
27044	Ribeiro Rangel
27045	Ribeiro Teles
27046	Ribeiro Tomé
27047	Ribeiro Vigário
27048	Ribeiro dos Santos
27049	Ricard
27050	Ricard Pujol
27051	Ricardinho
27052	Ricardo
27053	Ricardo Abel
27054	Ricardo Alves
27055	Ricardo Andrade
27056	Ricardo Esgaio
27057	Ricardo F.
27058	Ricardo Fernandes
27059	Ricardo Ferreira
27060	Ricardo Grolli
27061	Ricardo Horta
27062	Ricardo Izecson
27063	Ricardo Jorge
27064	Ricardo José
27065	Ricardo Lopes
27066	Ricardo Luís
27067	Ricardo Mangas
27068	Ricardo Miguel
27069	Ricardo Pereira
27070	Ricardo Ryller
27071	Ricardo Santos
27072	Ricardo Silas
27073	Ricaurte
27074	Ricca
27075	Riccardi
27076	Riccardo
27077	Ricci
27078	Ricci F.
27079	Riccieli
27080	Rice
27081	Richard
27082	Richard C.
27083	Richard Emeka
27084	Richards
27085	Richardson
27086	Richarlison
27087	Richet
27088	Richey
27089	Richie
27090	Richmond
27091	Richter
27092	Richárd
27093	Rick
27094	Ricketts
27095	Ricki
27096	Ricky
27097	Ricky Guerreda
27098	Ricky-Jade
27099	Rico
27100	Rico González
27101	Rico Moreno
27102	Rico Pico
27103	Rico Salguero
27104	Rida
27105	Riddell
27106	Ridehalgh
27107	Ridenton
27108	Ridge
27109	Ridgeciano
27110	Ridle
27111	Ridley
27112	Rieble
27113	Riechedly
27114	Rieckmann
27115	Riedel
27116	Rieder
27117	Riedewald
27118	Riedl
27119	Riegler
27120	Rieks
27121	Riemann
27122	Rienstra
27123	Ries
27124	Riese
27125	Riesgo
27126	Riesgo Unamuno
27127	Rieß
27128	Rifat
27129	Rigamonti
27130	Rigby
27131	Rigelnik
27132	Rigler
27133	Rigo
27134	Rigon Matos
27135	Rigonato Rodrigues
27136	Rigoni
27137	Rihards
27138	Riis
27139	Rija
27140	Rijad
27141	Rijal
27142	Rijali
27143	Rijavec
27144	Rik
27145	Riki
27146	Rikihiro
27147	Rikiya
27148	Riku
27149	Rikuto
27150	Rikyu
27151	Riley
27152	Rilind
27153	Rilwan
27154	Rim
27155	Rim Chang Woo
27156	Rina
27157	Rinaldi
27158	Rinaudo
27159	Rinck de Camargo
27160	Rincón
27161	Ring
27162	Rinki
27163	Rinku
27164	Rinne
27165	Rinomhota
27166	Rinor
27167	Rio
27168	Rioja
27169	Rioja González
27170	Rios
27171	Rios Chiamulera
27172	Riou
27173	Ripanu
27174	Ripart
27175	Ripley
27176	Ripoll
27177	Riquelme
27178	Riquelme Reche
27179	Riquer
27180	Riqui Puig
27181	Risa
27182	Risan
27183	Risch
27184	Risdon
27185	Rishi
27186	Riski
27187	Riso Cardenas
27188	Rispoli
27189	Rissanen
27190	Risse
27191	Risso Patrón
27192	Ristanic
27193	Ristić
27194	Risto
27195	Ristovski
27196	Rita
27197	Ritchie
27198	Rith
27199	Rits
27200	Ritsu
27201	Ritter
27202	Rittmüller
27203	Ritwik
27204	Ritzka
27205	Ritzmaier
27206	Riuler
27207	Rius
27208	Riva
27209	Rivaldinho
27210	Rivaldo Jr
27211	Rivaldo Vítor
27212	Rivas
27213	Rivasseau
27214	Rivelles
27215	Rivera
27216	Rivera Hernández
27217	Rivero
27218	Rivero Sabater
27219	Riveros
27220	Riviere
27221	Rivierez
27222	Rivillo
27223	Rivière
27224	Riwut
27225	Riyad
27226	Riyadh
27227	Riza
27228	Rizzi
27229	Rizzo
27230	Rizzuto
27231	Rižnar
27232	Rižner
27233	Ro
27234	Roșu
27235	Ro-Shaun
27236	Roa
27237	Rob
27238	Robail
27239	Robb
27240	Robbe
27241	Robberechts
27242	Robbie
27243	Robbin
27244	Robbins
27245	Robby
27246	Roben
27247	Rober
27248	Rober Correa
27249	Rober Ibáñez
27250	Robert
27251	Robert Kenedy
27252	Robert Navarro
27253	Robert Sanchéz
27254	Robertha
27255	Roberto
27256	Roberto Antonio
27257	Roberto Carlos
27258	Roberto Carnicer
27259	Roberto Firmino
27260	Roberto Jesus
27261	Roberto Júnior
27262	Roberto López
27263	Roberto Rafael
27264	Roberto Soira
27265	Roberto Torres
27266	Robertone
27267	Roberts
27268	Robertsen
27269	Robertson
27270	Robic
27271	Robin
27272	Robinson
27273	Robles
27274	Robles Blázquez
27275	Robson
27276	Robson Bambu
27277	Robson Denho
27278	Robson Leandro
27279	Robson Tony
27280	Robson-Kanu
27281	Robyn
27282	Roca
27283	Roca Junqué
27284	Roca Vives
27285	Rocchia
27286	Rocco
27287	Rocha
27288	Rocha Araújo
27289	Rocha Costa
27290	Rocha Lima
27291	Rocha Moreira
27292	Rocha Neves
27293	Rocha Pelágio
27294	Rocha Pereira
27295	Rocha Rosa
27296	Rocha Santos
27297	Roche
27298	Rochedo Paulino
27299	Rocheira Sá
27300	Rocher
27301	Rochet
27302	Rocheteau
27303	Rochharzela
27304	Rochinha
27305	Rocky
27306	Roco
27307	Roczen
27308	Rocío
27309	Rod
27310	Rodado
27311	Rodado Jareño
27312	Rodales
27313	Rodari
27314	Rodas
27315	Rodas Ramírez
27316	Roddar
27317	Rode
27318	Rodeiro Reis
27319	Rodelin
27320	Rodger
27321	Rodgers
27322	Rodić
27323	Rodigo
27324	Rodin
27325	Rodion
27326	Rodman
27327	Rodney
27328	Rodošek
27329	Rodolfo
27330	Rodolfo Amaral
27331	Rodolfo Cardoso
27332	Rodolfo Dilson
27333	Rodolfo Pittaça
27334	Rodon
27335	Rodri
27336	Rodri Tarín
27337	Rodrigo
27338	Rodrigo Angelotti
27339	Rodrigo Becão
27340	Rodrigo Conceição
27341	Rodrigo Cunha
27342	Rodrigo F.
27343	Rodrigo Fernandes
27344	Rodrigo Gomes
27345	Rodrigo Guth
27346	Rodrigo Javier
27347	Rodrigo Luiz
27348	Rodrigo M.
27349	Rodrigo Martins
27350	Rodrigo Pinho
27351	Rodrigo Vuarte
27352	Rodrigo Éder
27353	Rodrigues
27354	Rodrigues Barbosa
27355	Rodrigues Cabral
27356	Rodrigues Cardoso
27357	Rodrigues Figueira
27358	Rodrigues Gouveia
27359	Rodrigues M. Silva
27360	Rodrigues Mota
27361	Rodrigues Oliveira
27362	Rodrigues Pires
27363	Rodrigues Ribeiro
27364	Rodrigues Romão
27365	Rodrigues Silva
27366	Rodrigues Teixeira
27367	Rodrigues da Silva
27368	Rodrigues de Moura
27369	Rodrigues de Souza
27370	Rodriguez
27371	Rodriguez Gaitán
27372	Rodriguez Lombán
27373	Rodrygo
27374	Rodríguez
27375	Rodríguez Arnaiz
27376	Rodríguez Baró
27377	Rodríguez Benito
27378	Rodríguez Delgado
27379	Rodríguez Díaz
27380	Rodríguez Gil
27381	Rodríguez Giménez
27382	Rodríguez Gorrín
27383	Rodríguez Jiménez
27384	Rodríguez Ledesma
27385	Rodríguez Lorite
27386	Rodríguez Martín
27387	Rodríguez Menéndez
27388	Rodríguez Navas
27389	Rodríguez Ortuño
27390	Rodríguez Oterino
27391	Rodríguez Pérez
27392	Rodríguez Ramos
27393	Rodríguez Rivero
27394	Rodríguez Ruiz
27395	Rodríguez Ruíz
27396	Rodríguez Santana
27397	Rodríguez Valla
27398	Rodríguez Vejar
27399	Rodríguez Vidal
27400	Rodríguez Vázquez
27401	Rodríguez del Pozo
27402	Rodwell-Grant
27403	Rodák
27404	Roebuck
27405	Roef
27406	Roefs
27407	Roel
27408	Roels
27409	Roemeratoe
27410	Roerslev
27411	Roesch
27412	Roestbakken
27413	Rog
27414	Rogel
27415	Rogelio
27416	Rogelj
27417	Roger
27418	Roger Jr.
27419	Roger Junio
27420	Roger MS.
27421	Rogers
27422	Rogerson
27423	Roggerio
27424	Roggow
27425	Roghanian
27426	Rogić
27427	Rogic
27428	Rogne
27429	Rogombé
27430	Rogoski
27431	Rogério
27432	Roh
27433	Roh Gyeong Ho
27434	Rohan
27435	Rohat
27436	Rohit
27437	Rohner
27438	Rohr
27439	Rojano
27440	Rojas
27441	Rojšek
27442	Roje
27443	Rojer
27444	Rojo
27445	Rok
27446	Rokeni
27447	Roko
27448	Rokutan
27449	Roland
27450	Rolandas
27451	Rolando
27452	Rolando Jorge
27453	Roldan
27454	Roldán
27455	Roldão
27456	Roldão Riso
27457	Roldão Tony
27458	Rolf
27459	Rolf Daniel
27460	Rolfö
27461	Roli
27462	Rolim Leal
27463	Rolim Nascimento
27464	Rolland
27465	Rollheiser
27466	Rolli
27467	Rollin
27468	Rolón
27469	Romagna
27470	Romagnoli
27471	Romain
27472	Romaine
27473	Romal
27474	Roman
27475	Roman Jr.
27476	Romanczuk
27477	Romane
27478	Romano
27479	Romaric
27480	Romarinho
27481	Romario
27482	Romario Sipiao
27483	Romay
27484	Romaña
27485	Romell
27486	Romelu
27487	Romeny
27488	Romeo
27489	Romera Andújar
27490	Romero
27491	Romero Alconchel
27492	Romero Bonfim
27493	Romero Gamarra
27494	Romero Gómez
27495	Romero de Ávila
27496	Romeu
27497	Romeu Vidal
27498	Rominigue
27499	Rommens
27500	Romney
27501	Romo
27502	Romoney
27503	Romy
27504	Román
27505	Román Riquelme
27506	Román Villalba
27507	Romário
27508	Romário Baró
27509	Romário Manuel
27510	Romário Pires
27511	Romário Ricardo
27512	Romão
27513	Roméo
27514	Ron
27515	Ron-Robert
27516	Ron-Thorben
27517	Ronal
27518	Ronald
27519	Ronaldinho
27520	Ronaldo
27521	Ronaldo Augusto
27522	Ronaldo Cabrais
27523	Ronaldo Cesar
27524	Ronaldo Diego
27525	Ronaldo Esler
27526	Ronaldo Jailson
27527	Ronaldo Luís
27528	Ronaldo Mendes
27529	Ronaldo Vieira
27530	Ronan
27531	Ronaël
27532	Roncaglia
27533	Rondon
27534	Rondón
27535	Rongier
27536	Rongze
27537	Roni
27538	Roni Gameira
27539	Ronnie
27540	Ronny
27541	Ronstadt
27542	Rony Lopes
27543	Rood
27544	Roofe
27545	Room
27546	Rooney
27547	Roope
27548	Roord
27549	Roos
27550	Roosken
27551	Rootare
27552	Roque
27553	Roque Junior
27554	Roque Mesa
27555	Roques
27556	Rorig
27557	Rory
27558	Ros
27559	Ros Añón
27560	Ros Martínez
27561	Rosa
27562	Rosa Cadete
27563	Rosa Márquez
27564	Rosa da Silva
27565	Rosaire
27566	Rosales
27567	Rosalino
27568	Rosan Dourado
27569	Rosane
27570	Rosario
27571	Rosas Alonso
27572	Rosati
27573	Rosberto Dourado
27574	Rosberto J.
27575	Rose
27576	Rosel
27577	Roseline
27578	Rosell Argerich
27579	Roselle
27580	Rosenberry
27581	Rosendo Marques
27582	Rosenfelder
27583	Rosenlöcher
27584	Rosenmeyer
27585	Rosenthal
27586	Rosero
27587	Roshan
27588	Rosić
27589	Rosie
27590	Rosier
27591	Rosine
27592	Rosołek
27593	Ross
27594	Rossbach
27595	Rosser
27596	Rossetti
27597	Rossetto
27598	Rossi
27599	Rossi Branco
27600	Rossi Pereira
27601	Rossignol
27602	Rossipal
27603	Rossiter
27604	Rossmann
27605	Rosted
27606	Rostkowski
27607	Rostom
27608	Rostyn
27609	Rosu
27610	Rota
27611	Rota Neto
27612	Rotela
27613	Rotenberg
27614	Roth
27615	Rother
27616	Rothmann
27617	Rothwell
27618	Rotondi
27619	Rotovnik
27620	Rots
27621	Rotsen
27622	Rotson
27623	Rotter
27624	Rouault
27625	Roufosse
27626	Rougeaux
27627	Roughan
27628	Rouiller
27629	Roukounakis
27630	Rousseau
27631	Roussel
27632	Rousset
27633	Roussillon
27634	Rout
27635	Rouvière
27636	Rouwen
27637	Roux
27638	Rouyard
27639	Rouzier
27640	Rovach
27641	Rovšek
27642	Rovella
27643	Rovina
27644	Rovira
27645	Rowe
27646	Rowland
27647	Rowlands
27648	Rowles
27649	Rowley
27650	Rowllin
27651	Roy
27652	Royer
27653	Royo
27654	Rozalas
27655	Rozi
27656	Rozman
27657	Roßbach
27658	Rrahmani
27659	Ruan
27660	Ruan Q.L.
27661	Ruan Qilong
27662	Ruan Teles
27663	Ruan Zh.X.
27664	Ruan Zhexiang
27665	Ruas Machado
27666	Ruatthara
27667	Rubem Esteiro
27668	Rubem Thomas
27669	Ruben
27670	Ruben F.
27671	Ruben Vezo
27672	Ruben Yttergård
27673	Rubens
27674	Rubens Freitosa
27675	Rubens Jairo
27676	Rubensson
27677	Rubi
27678	Rubin
27679	Rubio
27680	Rubio Haro
27681	Rubio Lestan
27682	Rubio Martin
27683	Rubiães Chaves
27684	Rubén
27685	Rubén Alcaraz
27686	Rubén Blanco
27687	Rubén Castro
27688	Rubén Darío
27689	Rubén Duarte
27690	Rubén García
27691	Rubén Pardo
27692	Rubén Peña
27693	Rubén Pulido
27694	Rubén Pérez
27695	Rubén Salvador
27696	Rubén Sobrino
27697	Rubén Sánchez
27698	Rubén Yáñez
27699	Rudd
27700	Rudden
27701	Ruddy
27702	Rudenko
27703	Rudo
27704	Rudolf
27705	Rudoni
27706	Rudy
27707	Ruegg
27708	Ruel
27709	Rufai
27710	Rufan
27711	Rufer
27712	Ruffels
27713	Rufidis
27714	Rufino
27715	Rufo
27716	Rugani
27717	Rugel
27718	Ruggeri
27719	Ruggiero
27720	Ruhanen
27721	Ruhs
27722	Rui
27723	Rui Costa
27724	Rui Filipe
27725	Rui Fonte
27726	Rui Miguel
27727	Rui Patrício
27728	Rui Pedro
27729	Rui Pires
27730	Rui Silva
27731	Rui Tiago
27732	Ruibal
27733	Ruibal García
27734	Ruibao
27735	Ruidas
27736	Ruidíaz
27737	Ruifeng
27738	Ruiter
27739	Ruivah
27740	Ruiz
27741	Ruiz Abril
27742	Ruiz Alonso
27743	Ruiz Aránega
27744	Ruiz Couto
27745	Ruiz Gomes
27746	Ruiz Ojeda
27747	Ruiz Ortega
27748	Ruiz Peña
27749	Ruiz Prestes
27750	Ruiz Suárez
27751	Ruiz Sánchez
27752	Ruiz Torre
27753	Ruiz de Galarreta
27754	Ruiz-Atil
27755	Rukavytsya
27756	Rulli
27757	Ruly García
27758	Rumarn
27759	Rumbidzai
27760	Rumbullaku
27761	Rumfa
27762	Run-ming
27763	Runako
27764	Runar
27765	Rundić
27766	Rune Almenning
27767	Runje
27768	Runrot
27769	Runtong
27770	Ruon
27771	Rupa
27772	Rupali
27773	Rupnik
27774	Rupp
27775	Rus
27776	Ruscher
27777	Rush
27778	Rushesha
27779	Rushworth
27780	Ruslan
27781	Rusnák
27782	Russel
27783	Russell
27784	Russo
27785	Russo Franco
27786	Rustamov
27787	Rustamzhon
27788	Rustja
27789	Rusu
27790	Rute Costa
27791	Ruth
27792	Rutherford
27793	Ruthmila
27794	Rutter
27795	Ruud
27796	Ruud Tveter
27797	Ruwen
27798	Ruçi
27799	Ry
27800	Ryō
27801	Ryad
27802	Ryan
27803	Ryan Johnson
27804	Ryan. Y
27805	Ryang
27806	Ryang Yong Gi
27807	Rybchinskiy
27808	Rybus
27809	Rybář
27810	Ryder Matos
27811	Ryerson
27812	Ryley
27813	Rymaniak
27814	Ryo
27815	Ryoga
27816	Ryogo
27817	Ryohei
27818	Ryoma
27819	Ryosuke
27820	Ryota
27821	Ryotaro
27822	Ryoya
27823	Ryszard
27824	Rytas
27825	Ryu
27826	Ryu Jae Moon
27827	Ryu Seung Woo
27828	Ryuho
27829	Ryuji
27830	Ryuki
27831	Ryun Seong
27832	Ryunosuke
27833	Ryunseong
27834	Ryusaki
27835	Ryusei
27836	Ryuta
27837	Ryuya
27838	Rzeźniczak
27839	Rácz
27840	Râpă
27841	Räsänen
27842	Régis
27843	Réka
27844	Rémi
27845	Rémy
27846	Rénot
27847	Ríos
27848	Ríos Reina
27849	Rîmniceanu
27850	Róber
27851	Róber Pier
27852	Róbert
27853	Rókus
27854	Rólantsson
27855	Rómulo
27856	Rômulo Calsede
27857	Rômulo Roberto
27858	Röcher
27859	Röhl
27860	Römling
27861	Rönning
27862	Röseler
27863	Röser
27864	Røjkjær
27865	Rømer
27866	Rønning
27867	Rønning Ovenstad
27868	Rønnow
27869	Rúben
27870	Rúben Afonso
27871	Rúben Alexandre
27872	Rúben Barcelos
27873	Rúben Daniel
27874	Rúben Dias
27875	Rúben Diogo
27876	Rúben F.
27877	Rúben Fernandes
27878	Rúben Fonseca
27879	Rúben Ismael
27880	Rúben Lameiras
27881	Rúben Lima
27882	Rúben Macedo
27883	Rúben Miguel
27884	Rúben Neves
27885	Rúben Oliveira
27886	Rúben Ramos
27887	Rúben Ribeiro
27888	Rúben Santos
27889	Rúben Semedo
27890	Rúben Tiago
27891	Rúben Vezo
27892	Rúben Vinagre
27893	Rúnar Alex
27894	Rúnar Már
27895	Rúnarsson
27896	Rüdiger
27897	Rüegg
27898	Rüütli
27899	Săpunaru
27900	S J Ju
27901	S Morris
27902	S. Adekugbe
27903	S. Al Harbi
27904	S. Alkhaibary
27905	S. Allan
27906	S. Alqumayzi
27907	S. Alrbeai
27908	S. Arzamendia
27909	S. Barreiro
27910	S. Brown
27911	S. Camus
27912	S. Carrasco
27913	S. Castel
27914	S. Chakrabarti
27915	S. Coates
27916	S. Cáceres
27917	S. Córdova
27918	S. Darder
27919	S. Davies
27920	S. Deli
27921	S. Flores
27922	S. Fretes
27923	S. Gassama
27924	S. Grønning
27925	S. Herrera
27926	S. Jefferson
27927	S. Juma
27928	S. Lee
27929	S. Lopez
27930	S. Lozano
27931	S. Manoel
27932	S. Mayor
27933	S. Medina
27934	S. Mina
27935	S. Montero
27936	S. Moreno
27937	S. Muñoz
27938	S. Naveda
27939	S. Ormeño
27940	S. Otalvaro
27941	S. Palencia
27942	S. Roberto
27943	S. Rodríguez
27944	S. Rojas
27945	S. Romero
27946	S. Salcedo
27947	S. Saucedo
27948	S. Shean
27949	S. Shehri
27950	S. Sidibe Jr
27951	S. Sosa
27952	S. Tapiero
27953	S. Vegas
27954	S. Villarreal
27955	S. Vitória
27956	S.AlAbbas
27957	S.Alamri
27958	S.Alkhayri
27959	S.Almuwallad
27960	S.Alselouli
27961	S.Asenjo
27962	S.Bguir
27963	S.Caldwell
27964	S.Castillejo
27965	S.Diop
27966	S.Golui
27967	S.Gomez
27968	S.Ivanov
27969	S.Kalu
27970	S.Lopez
27971	S.Mewis
27972	S.Mosquera
27973	S.Nwankwo
27974	S.Ojeda
27975	S.Owusu
27976	S.Reyes
27977	S.Takahashi
27978	S.Yılmaz
27979	S.Yaslam
27980	Słowik
27981	SW Lee
27982	Sa
27983	Sağlam
27984	Sağlik
27985	Saad
27986	Saadane
27987	Saadi
27988	Saaman
27989	Saar
27990	Saarinen
27991	Saatçı
27992	Saavedra
27993	Saavedra Pino
27994	Saša
27995	Saška
27996	Sašo
27997	Saba
27998	Sabah
27999	Sabaly
28000	Saban
28001	Sabastine
28002	Sabater
28003	Sabatier
28004	Sabbag
28005	Sabbatini
28006	Sabbi
28007	Sabella
28008	Sabelli
28009	Sabelo
28010	Saber
28011	Saberto Botelho
28012	Saberto Josué
28013	Sabetkar
28014	Sabin
28015	Sabin Merino
28016	Sabino
28017	Sabira
28018	Sabit
28019	Sabita
28020	Sabitri
28021	Sabitzer
28022	Sabo
28023	Sabrina
28024	Sabroso
28025	Sabrão Rolim
28026	Sacha
28027	Sachin
28028	Sachiro
28029	Sachorov
28030	Sachpekidis
28031	Sackey
28032	Sacko
28033	Sacramentinho
28034	Sacramento Cruz
28035	Sacrio Dano
28036	Sadık
28037	Sadłocha
28038	Sada
28039	Sadami
28040	Sadap
28041	Sadat
28042	Saddiki
28043	Sadegh
28044	Sadick Aliu
28045	Sadik
28046	Sadiki
28047	Sadiković
28048	Sadiku
28049	Sadilek
28050	Sadio
28051	Sadiq
28052	Sadiya
28053	Sadler
28054	Sadlier
28055	Sadlok
28056	Sadou
28057	Sadrifar
28058	Sadzoute
28059	Sadílek
28060	Saeed
28061	Saeid
28062	Saelemaekers
28063	Saez
28064	Safarikas
28065	Safonov
28066	Sagal
28067	Sagar
28068	Sagara
28069	Sagastibeltza C.
28070	Saghiri
28071	Sagir
28072	Sagna
28073	Sagnan
28074	Sagredo
28075	Sah
28076	Saha
28077	Sahakian
28078	Sahal
28079	Sahani
28080	Sahere
28081	Sahfi
28082	Sahi
28083	Sahil
28084	Sahiti
28085	Sahn Ba
28086	Sahni
28087	Sahoo
28088	Sahraoui
28089	Sahu
28090	Sai
28091	Said
28092	Saidi
28093	Saido
28094	Saidt
28095	Saidy
28096	Saiekh
28097	Saif
28098	Saifeddine
28099	Saikia
28100	Saikou
28101	Sail
28102	Sailung
28103	Sainati
28104	Saini
28105	Sainsbury
28106	Saint-Louis
28107	Saint-Maximin
28108	Sainte-Luce
28109	Saintini
28110	Sainz Eguskiza
28111	Saito
28112	Saitou
28113	Saiyad
28114	Saizar
28115	Saizar Soroa
28116	Saj
28117	Sajeev
28118	Sajid
28119	Sakıb
28120	Sakıb Aytaç
28121	Saka
28122	Sakai
28123	Sakala
28124	Sakamoto
28125	Sakara
28126	Sakarias
28127	Sakhi
28128	Sakho
28129	Saki
28130	Sakina
28131	Sako
28132	Saksela
28133	Saksida
28134	Saku
28135	Sakubara
28136	Sakura
28137	Sakurai
28138	Sakurauchi
28139	Sala
28140	Salah
28141	Salah-Eddine
28142	Salai
28143	Salam
28144	Salam Ranjan
28145	Salamon
28146	Salas
28147	Salaun
28148	Salawu
28149	Salazar
28150	Salazar Piriz
28151	Salcedo
28152	Saldaña
28153	Saldías
28154	Saldívar
28155	Salech
28156	Saleh
28157	Salem
28158	Salem. A
28159	Salesi
28160	Saley
28161	Salger
28162	Salhi
28163	Saliakas
28164	Saliba
28165	Salibur
28166	Salif
28167	Salifou
28168	Salih
28169	Salih Dursun
28170	Salih Uçan
28171	Salihović
28172	Salihovic
28173	Salim
28174	Salimovic
28175	Salin
28176	Salinas
28177	Salinas Morán
28178	Saliou
28179	Salis
28180	Salisu
28181	Saliu
28182	Sall
28183	Sallai
28184	Saller
28185	Salles
28186	Salles-Lamonge
28187	Sallinger
28188	Sally
28189	Sallói
28190	Salma
28191	Salman
28192	Salman F
28193	Salmani
28194	Salmier
28195	Salminen
28196	Salmon
28197	Salo
28198	Salomonsson
28199	Salomón
28200	Salonen
28201	Salou
28202	Salquist
28203	Saltnes
28204	Salunkhe
28205	Salustiano
28206	Salva
28207	Salva Ferrer
28208	Salva Sevilla
28209	Salvador
28210	Salvador Agra
28211	Salvador Edú
28212	Salvador González
28213	Salvador José
28214	Salvador Vidigal
28215	Salvareschi
28216	Salvat
28217	Salvatierra
28218	Salvatore
28219	Salvesen
28220	Salvi Sánchez
28221	Salvio
28222	Salétros
28223	Sam
28224	Sama
28225	Samake
28226	Samal
28227	Saman
28228	Samant
28229	Samanta
28230	Samantha
28231	Samaras
28232	Samardzic
28233	Samardžić
28234	Samaria
28235	Samaris
28236	Samarov
28237	Samart
28238	Samassékou
28239	Samatta
28240	Samaweera
28241	Samb
28242	Samba
28243	Sambi
28244	Sambi Lokonga
28245	Sambia
28246	Sambissa
28247	Sambo
28248	Sambonino
28249	Sambou
28250	Sambu
28251	Sambu Mansoni
28252	Sambueza
28253	Sambulo
28254	Sambuugyn
28255	Samed
28256	Samet
28257	Samet Akaydın
28258	Sami
28259	Samik
28260	Samip
28261	Samir
28262	Samir Caetano
28263	Samira
28264	Sammar
28265	Sammaritano
28266	Sammie
28267	Sammy
28268	Samnang
28269	Samoise
28270	Samoshnikov
28271	Sampaio
28272	Sampaio Azevedo
28273	Sampaio Filho
28274	Sampaio Moura
28275	Sampedro Bustos
28276	Samper
28277	Samper Montañá
28278	Samperio
28279	Samperio Bustara
28280	Sampers
28281	Sampirisi
28282	Sampo
28283	Sampras
28284	Sampsted
28285	Samson
28286	Samson Okikiola
28287	Samsurov
28288	Samu
28289	Samu Casado
28290	Samu Castillejo
28291	Samu Saiz
28292	Samu Sáiz
28293	Samudio
28294	Samuel
28295	Samuel Lino
28296	Samuel Portugal
28297	Samuel Thomas
28298	Samuele
28299	Samuels
28300	Samuelsen
28301	Samuelsson
28302	Samvel
28303	Samy
28304	Samyr
28305	Samú Costa
28306	Samúel Kári
28307	San
28308	San Emeterio Díaz
28309	San Jose
28310	San José Domínguez
28311	San Miguel Castillo
28312	San Nicolás
28313	San Nicolás Gil
28314	San Román
28315	San Román Ferrándiz
28316	Sana
28317	Sana Gomes
28318	Sanabria
28319	Sanabria Ruiz
28320	Sanaia
28321	Sanaldo Caiado
28322	Sanaldo Dilson
28323	Sanasi
28324	Sanath
28325	Sancet
28326	Sancet Tirapu
28327	Sanches
28328	Sanchez
28329	Sancho
28330	Sanchís García
28331	Sand
28332	Sandberg
28333	Sande
28334	Sandeep
28335	Sandeiro Leal
28336	Sandeiro Luan
28337	Sandelas Junior
28338	Sandelas Júnior
28339	Sander
28340	Sander Erik
28341	Sander Moen
28342	Sander Risan
28343	Sanders
28344	Sanderson
28345	Sandesh
28346	Sandford
28347	Sandhya
28348	Sandi
28349	Sandie
28350	Sandilands
28351	Sandip
28352	Sandler
28353	Sandoiro Baumer
28354	Sandomierski
28355	Sandoval
28356	Sandra
28357	Sandra Paños
28358	Sandrino
28359	Sandro
28360	Sandro Maceira
28361	Sandro Manoel
28362	Sandro Nelson
28363	Sandros
28364	Sands
28365	Sandström
28366	Sandvik
28367	Sandy
28368	Sane
28369	Saneto
28370	Sanetomo
28371	Sang
28372	Sang Bin
28373	Sang Gi
28374	Sang Hee
28375	Sang Ho
28376	Sang Hoon
28377	Sang Hun
28378	Sang Hyub
28379	Sang Hyuk
28380	Sang Jun
28381	Sang Ki
28382	Sang Min
28383	Sang Won
28384	Sang Woo
28385	SangGi
28386	SangHo
28387	SangHoon
28388	SangHun
28389	SangHyub
28390	SangJun
28391	SangMin
28392	SangWon
28393	SangWoo
28394	Sanga
28395	Sangalli
28396	Sangalli Fuentes
28397	Sangante
28398	Sangare
28399	Sangaré
28400	Sangbin
28401	Sangeeta
28402	Sanghee
28403	Sanghu
28404	Sanghyuk
28405	Sangiovani
28406	Sangita
28407	Sangjun
28408	Sangma
28409	Sangowski
28410	Sanguinetti
28411	Sanhaji
28412	Sanhouse
28413	Sanjar
28414	Sanjay
28415	Sanjeev
28416	Sanjeewa
28417	Sanjiban
28418	Sanjida
28419	Sanjin
28420	Sanjit
28421	Sanjiv
28422	Sanju
28423	Sanjuan
28424	Sanjurjo Maté
28425	Sankar
28426	Sankara
28427	Sankhare
28428	Sankharé
28429	Sankoh
28430	Sanmartín Mato
28431	Sanna
28432	Sano
28433	Sanogo
28434	Sanousi
28435	Sanseviero
28436	Sanson
28437	Sansone
28438	Sansores
28439	Santa Cruz
28440	Santacruz
28441	Santamaria
28442	Santamaría
28443	Santamaría Ciprián
28444	Santana
28445	Santana de Moraes
28446	Santander
28447	Santara
28448	Sante
28449	Santeiro Marre
28450	Santelli
28451	Santeri
28452	Santi
28453	Santi Bueno
28454	Santi C. V.
28455	Santi Comesaña
28456	Santi Mina
28457	Santi da Bruma
28458	Santiago
28459	Santiago André
28460	Santiago Eneme
28461	Santilli
28462	Santillán
28463	Santini
28464	Santisteban
28465	Santisteban García
28466	Santon
28467	Santoro
28468	Santos
28469	Santos Amador
28470	Santos Barbosa
28471	Santos Bragança
28472	Santos Candeias
28473	Santos Colado
28474	Santos Fernandes
28475	Santos Fernández
28476	Santos Fortes
28477	Santos Gomes
28478	Santos Hermes
28479	Santos Júnior
28480	Santos Martins
28481	Santos Nascimento
28482	Santos Pino
28483	Santos Pinto
28484	Santos Pires
28485	Santos Rodrigues
28486	Santos Santana
28487	Santos Sendela
28488	Santos Silva
28489	Santos Souza
28490	Santos Sturgeon
28491	Santos Sá
28492	Santos da Costa
28493	Santos da Silva
28494	Santos de Araújo
28495	Santos de Jesus
28496	Santos de Jesús
28497	Santos de Paula
28498	Santos de Sousa
28499	Santosh
28500	Santoso
28501	Santoso Jasper
28502	Santoso Sampaio
28503	Santra
28504	Sants
28505	Sanusi
28506	Sanuç
28507	Sanvezzo
28508	Sanyang
28509	Sanyor
28510	Sanz
28511	Sanz Martín
28512	Sané
28513	Sao
28514	Sapała
28515	Saparmyrat
28516	Saparow
28517	Sapina
28518	Saponara
28519	Sapong
28520	Sapountzis
28521	Sappa
28522	Saqer
28523	Sarı
28524	Sarıkaya
28525	Sara
28526	Sarabia
28527	Sarabia García
28528	Saracchi
28529	Saraf
28530	Sarafian
28531	Sarah
28532	Sarangi
28533	Sararer
28534	Sarasvati
28535	Saraswati
28536	Saravanja
28537	Sarawut
28538	Sarcevic
28539	Sardar
28540	Sardelis
28541	Sardella
28542	Sardá
28543	Saren
28544	Sarenan
28545	Sarenren Bazee
28546	Sargeant
28547	Sargent
28548	Sargis
28549	Sargise
28550	Sargon
28551	Sari
28552	Sarić
28553	Sarimah
28554	Sarineo
28555	Sarit
28556	Sarita
28557	Sarkar
28558	Sarkaria
28559	Sarkarova
28560	Sarkisian
28561	Sarkissian
28562	Sarmento Castro
28563	Sarmiento
28564	Saroj
28565	Sarojini
28566	Saroyan
28567	Sarpei
28568	Sarpreet
28569	Sarr
28570	Sarriegi Isasa
28571	Sarthak
28572	Sartiaguin
28573	Sartzetakis
28574	Saruta
28575	Sarwani
28576	Sasaki
28577	Sasalak
28578	Sascha
28579	Sasha
28580	Sasho
28581	Sass-Davies
28582	Sassi
28583	Sasso
28584	Sastre
28585	Sastre Reus
28586	Sastre Vanrell
28587	Satalino
28588	Satchell
28589	Satcherotsut
28590	Satish
28591	Satkus
28592	Sato
28593	Satoshi
28594	Satsias
28595	Saturday
28596	Saturnin
28597	Satya
28598	Satyanarayan
28599	Sau
28600	Saucedo
28601	Saud
28602	Sauda
28603	Saudera Peixoto
28604	Sauer
28605	Sauerbrunn
28606	Saul
28607	Sauli
28608	Saulo
28609	Saulo Mineiro
28610	Saunders
28611	Saurabh
28612	Sauter
28613	Sauthier
28614	Sauvage
28615	Sauvik
28616	Sava-Arangel
28617	Savage
28618	Savang
28619	Savanier
28620	Savchenko
28621	Saveljich
28622	Saverio
28623	Savić
28624	Savieri
28625	Saville
28626	Savin
28627	Saviour
28628	Savita
28629	Savitri
28630	Savka
28631	Savnik
28632	Savolainen
28633	Saw
28634	Sawadogo
28635	Sawant
28636	Sawbwa
28637	Sawyers
28638	Saya
28639	Sayad
28640	Sayadaw
28641	Saydee
28642	Sayed
28643	Sayer
28644	Sayid
28645	Saymak
28646	Saynab
28647	Sayouba
28648	Sayyad
28649	Sayyed
28650	Sazdağı
28651	Saïd
28652	Saïdou
28653	Saïss
28654	Saúl
28655	Saúl Berjón
28656	Saúl Crespo
28657	Sbuttoni
28658	Scale
28659	Scales
28660	Scally
28661	Scamacca
28662	Scanlon
28663	Scarlatache
28664	Scarlett
28665	Scarr
28666	Schabbing
28667	Schad
28668	Schade
28669	Schaffhauser
28670	Schaffran
28671	Schalk
28672	Schallenberg
28673	Schaller
28674	Schantl
28675	Schar
28676	Scharer
28677	Schaub
28678	Scheibe
28679	Scheidegger
28680	Scheidler
28681	Schelfhout
28682	Schellenberg
28683	Schelotto
28684	Schendelaar
28685	Schendl
28686	Schenkeveld
28687	Schennikov
28688	Scherff
28689	Schermer
28690	Scherpen
28691	Scherrer
28692	Scherzer
28693	Schetino
28694	Schettine Guimarães
28695	Scheu
28696	Scheving
28697	Schiappacasse
28698	Schiattarella
28699	Schiavone
28700	Schick
28701	Schikora
28702	Schikowski
28703	Schiltz
28704	Schimmer
28705	Schindler
28706	Schinkel
28707	Schipper
28708	Schippers
28709	Schjelderup
28710	Schlager
28711	Schleef
28712	Schlegel
28713	Schleimer
28714	Schleusener
28715	Schlitter
28716	Schlosser
28717	Schlotterbeck
28718	Schlupp
28719	Schlüter
28720	Schmeichel
28721	Schmeling
28722	Schmelzer
28723	Schmerböck
28724	Schmid
28725	Schmidt
28726	Schmidt Urbano
28727	Schmiedl
28728	Schmijtens
28729	Schmik
28730	Schmit
28731	Schmitt
28732	Schmitz
28733	Schmökel
28734	Schnatterer
28735	Schnegg
28736	Schneider
28737	Schneiderlin
28738	Schnellhardt
28739	Schober
28740	Schobesberger
28741	Schoenfeld
28742	Schofield
28743	Schoissengeyr
28744	Scholaert
28745	Scholes
28746	Scholten
28747	Scholz
28748	Schonlau
28749	Schoofs
28750	Schoop
28751	Schories
28752	Schott
28753	Schou
28754	Schough
28755	Schouten
28756	Schranz
28757	Schreck
28758	Schreiber
28759	Schreiner
28760	Schrijvers
28761	Schroeder
28762	Schroers
28763	Schröck
28764	Schröder
28765	Schröter
28766	Schrøter
28767	Schubert
28768	Schuhen
28769	Schuler
28770	Schuler Crivellaro
28771	Schult
28772	Schulte
28773	Schultz
28774	Schulz
28775	Schulze
28776	Schulze-Kökelsum
28777	Schumacher
28778	Schunke
28779	Schur
28780	Schuster
28781	Schuurman
28782	Schuurs
28783	Schwab
28784	Schwabe
28785	Schwaiger
28786	Schwartz
28787	Schwarz
28788	Schwarzholz
28789	Schwede
28790	Schweiger
28791	Schweizer
28792	Schwermann
28793	Schwolow
28794	Schwäbe
28795	Schädler
28796	Schäfer
28797	Schäffler
28798	Schär
28799	Schöfl
28800	Schön
28801	Schöne
28802	Schönfelder
28803	Schönherr
28804	Schöpf
28805	Schöppner
28806	Schøne
28807	Schüller
28808	Schürpf
28809	Schützenauer
28810	Scintu
28811	Sciortino
28812	Scocco
28813	Scorza
28814	Scot
28815	Scott
28816	Scotty
28817	Scowen
28818	Scozzarella
28819	Screciu
28820	Scrimshaw
28821	Scriven
28822	Scuffet
28823	Scullion
28824	Scully
28825	Se Gye
28826	Se Hun
28827	Se Jin
28828	Se Jong
28829	SeGye
28830	SeHun
28831	SeJin
28832	Sea
28833	Sead
28834	Sealy
28835	Seaman
28836	Seamas
28837	Seamus
28838	Sean
28839	Searle
28840	Sears
28841	Seatuke
28842	Seba
28843	Sebas
28844	Sebas Couteira
28845	Sebas Moyano
28846	Sebasten
28847	Sebastiaan
28848	Sebastian
28849	Sebastian S.
28850	Sebastiano
28851	Sebastien
28852	Sebastián
28853	Sebastián Méndez
28854	Sebastião
28855	Sebastião Erick
28856	Sebastían
28857	Sebbe
28858	Sebe
28859	Sebulonsen
28860	Sebá
28861	Secada
28862	Secchi
28863	Sechaba
28864	Sechelmann
28865	Seck
28866	Security
28867	Sedat
28868	Seddon
28869	Sedlar
28870	Sedláček
28871	Seedorf
28872	Seedy
28873	Seefeldt Krolow
28874	Seegert
28875	Seema
28876	Sef
28877	Sefa
28878	Sefer
28879	Seferović
28880	Sefu
28881	Segawa
28882	Segbe Azankpo
28883	Segel
28884	Seger
28885	Segers
28886	Segovia
28887	Segre
28888	Seguin
28889	Segundo
28890	Segura
28891	Seguín Cid
28892	Sehi
28893	Sei
28894	Seid
28895	Seidel
28896	Seidl
28897	Seidu
28898	Seifedin
28899	Seifert
28900	Seiffert
28901	Seigo
28902	Seijalbo Vaz
28903	Seiler
28904	Seiminlen
28905	Seityasen
28906	Seitz
28907	Seiwald
28908	Seiya
28909	Seiça
28910	Sejdič
28911	Sejdiu
28912	Seka
28913	Sekani
28914	Sekar
28915	Sekayi
28916	Sekgoma
28917	Sekgota
28918	Sekh
28919	Sekha
28920	Sekidika
28921	Sekigawa
28922	Sekiguchi
28923	Sekine
28924	Seko
28925	Sekongo
28926	Sekou
28927	Sekulić
28928	Sekulski
28929	Selemani
28930	Seleznev
28931	Selikhov
28932	Selim
28933	Selimaj
28934	Selin
28935	Selke
28936	Sell
28937	Sellami
28938	Sellars
28939	Sellassie
28940	Sellier
28941	Sello
28942	Selma
28943	Selmani
28944	Selmi
28945	Selnæs
28946	Selope
28947	Sels
28948	Selva Kenedy
28949	Selva Mota
28950	Selvik
28951	Sem
28952	Sema
28953	Semba
28954	Sembene
28955	Sembrant
28956	Semedo
28957	Semedo Esteves
28958	Semedo Varela
28959	Semeleer
28960	Semenov
28961	Semenyo
28962	Semi
28963	Semidey
28964	Semih
28965	Semih Güler
28966	Semoyonov
28967	Sen
28968	Senapati
28969	Senaya
28970	Sendeiro Zanon
28971	Sendinho Pindo
28972	Sene
28973	Senesi
28974	Seng
28975	Senga
28976	Senga-Ngoyi
28977	Senger
28978	Sengerama
28979	Senghor
28980	Seni
28981	Senior
28982	Senn
28983	Senna
28984	Senne
28985	Senou
28986	Sensi
28987	Senteildis
28988	Senti
28989	Sentić
28990	Sento
28991	Senty
28992	Seny
28993	Seo
28994	Seo Bo Min
28995	Seo Gyeong Ju
28996	Seo Ju Hwan
28997	Seo Jun
28998	Seo Min Woo
28999	Seo-hyeon
29000	Seoane
29001	Seoane Antelo
29002	Seoane Valenciano
29003	Seok Gyu
29004	Seok Hee
29005	Seok Ho
29006	Seok Hwa
29007	Seok Jong
29008	Seok-ju
29009	SeokHee
29010	SeokHwa
29011	SeokJong
29012	Seokgyu
29013	Seol
29014	Seol Young Woo
29015	Seon Min
29016	SeonMin
29017	Seong Hae
29018	Seong Hoon
29019	Seong Hyeon
29020	Seong Won
29021	Seong Wook
29022	Seong Yoon
29023	Seong-jin
29024	SeongHae
29025	SeongHyeon
29026	SeongWon
29027	SeongWook
29028	Seongyoon
29029	Sepe
29030	Sephali
29031	Sephooa
29032	Sepp
29033	Seppänen
29034	Septian
29035	Sepulveda
29036	Sepúlveda
29037	Sequeira
29038	Serafin
29039	Serbănică
29040	Serban
29041	Serber
29042	Serbest
29043	Sercan
29044	Sercombe
29045	Serdar
29046	Serdar Aziz
29047	Serdyuk
29048	Serdán
29049	Sereda
29050	Sereso Geoffroy
29051	Serevi
29052	Serey Dié
29053	Serge
29054	Serge Arnaud
29055	Serge-Philippe
29056	Sergei
29057	Sergej
29058	Sergen
29059	Sergey
29060	Sergi
29061	Sergi Canós
29062	Sergi Cardona
29063	Sergi Darder
29064	Sergi Guardiola
29065	Sergi Gómez
29066	Sergi Palencia
29067	Sergi Puig
29068	Sergi Roberto
29069	Sergi Samper
29070	Serginho
29071	Sergio
29072	Sergio A.
29073	Sergio Antonio
29074	Sergio Asenjo
29075	Sergio Barcia
29076	Sergio Benito
29077	Sergio Busquets
29078	Sergio Camello
29079	Sergio Carrasco
29080	Sergio Castel
29081	Sergio D.
29082	Sergio Díaz
29083	Sergio G.
29084	Sergio Glez.
29085	Sergio Gómez
29086	Sergio Gónzalez
29087	Sergio Henrique
29088	Sergio Herrera
29089	Sergio JR
29090	Sergio León
29091	Sergio Lozano
29092	Sergio López
29093	Sergio Moreno
29094	Sergio Ramos
29095	Sergio Rico
29096	Sergio Ruiz
29097	Sergio Santos
29098	Sergio Tejera
29099	Sergio Álvarez
29100	Sergiu
29101	Sergiy
29102	Sergiño
29103	Serhat
29104	Serhiy
29105	Serhou
29106	Seri
29107	Serigne
29108	Serigne Mor
29109	Serik
29110	Seriton
29111	Serje
29112	Serkan
29113	Sernaqué
29114	Sernicola
29115	Seroni
29116	Serpa Conceição
29117	Serpe Cachoeira
29118	Serpezis
29119	Serra
29120	Serrano
29121	Serrano Galdeano
29122	Serrano García
29123	Serrano Gracia
29124	Serrano Martínez
29125	Serre
29126	Sertel
29127	Servania
29128	Servín
29129	Serwy
29130	Sery
29131	Sery Larsen
29132	Sesane
29133	Sesay
29134	Sesega
29135	Sessa
29136	Sessegnon
29137	Sessi
29138	Seth
29139	Seth Airam
29140	Sethi
29141	Sethy
29142	Setia
29143	Setiabudi
29144	Seufert
29145	Seung Dae
29146	Seung Gi
29147	Seung Gyu
29148	Seung Ho
29149	Seung Hoon
29150	Seung Joon
29151	Seung Min
29152	Seung Mo
29153	Seung Won
29154	Seung Woo
29155	Seung Wook
29156	SeungDae
29157	SeungGi
29158	SeungGyu
29159	SeungHoon
29160	SeungJoon
29161	SeungMin
29162	SeungMo
29163	SeungWon
29164	SeungWoo
29165	Seungmin
29166	Seungwook
29167	Seuntjens
29168	Severin
29169	Severino
29170	Severino Lacerda
29171	Severino Pedro
29172	Sevikyan
29173	Sevilla López
29174	Sevinho Santos
29175	Sevinç
29176	Sevnik
29177	Seweryn
29178	Seydel
29179	Seydi
29180	Seydou
29181	Seye
29182	Seyed Payam
29183	Seyidov
29184	Seymore
29185	Seymour
29186	Sezonienko
29187	Seámus
29188	Seán
29189	Señé Escudero
29190	Sforza
29191	Shabalala
29192	Shaban
29193	Shabana
29194	Shabangu
29195	Shabanhaxhaj
29196	Shabani
29197	Shabanov
29198	Shabar
29199	Shackleton
29200	Shade
29201	Shadhu
29202	Shadrach
29203	Shae
29204	Shaffelburg
29205	Shafiful
29206	Shafilshuna
29207	Shafiq
29208	Shafraz
29209	Shagari
29210	Shaggy
29211	Shah
29212	Shahid
29213	Shahin
29214	Shahrukh
29215	Shahzad
29216	Shaian
29217	Shaiha
29218	Shaik
29219	Shaikh
29220	Shailendra
29221	Shaimaa
29222	Shairon
29223	Shaker
29224	Shakhov
29225	Shakuntala
29226	Shala
29227	Shalva
29228	Shamal
29229	Shamar
29230	Shambhu
29231	Shameeh
29232	Shami
29233	Shamoun
29234	Shamsedeen
29235	Shan
29236	Shan H.H.
29237	Shan Huanhuan
29238	Shan P.F.
29239	Shan Pengfei
29240	Shandon
29241	Shandu
29242	Shane
29243	Shangkun
29244	Shangyuan
29245	Shanice
29246	Shankar
29247	Shankland
29248	Shanks
29249	Shannon
29250	Shanshan
29251	Shantabai
29252	Shanti
29253	Shao
29254	Shao P.L.
29255	Shao Puliang
29256	Shaocong
29257	Shaowen
29258	Shaparenko
29259	Shapira
29260	Shaqiri
29261	Shaquell
29262	Shaquil
29263	Sharad
29264	Sharahili
29265	Sharbal
29266	Sharda
29267	Shari
29268	Sharifah
29269	Sharkey
29270	Sharma
29271	Sharman-Lowe
29272	Sharnol
29273	Sharon
29274	Sharp
29275	Sharpe
29276	Sharrock-Peplow
29277	Shashi
29278	Shashoua
29279	Shaughnessy
29280	Shaulis
29281	Shaun
29282	Shaw
29283	Shawcross
29284	Shawn
29285	Shaya
29286	Shayden
29287	Shayne
29288	Shayon
29289	Shchennikov
29290	Shcherbakovski
29291	Shchur
29292	Shea
29293	Sheaf
29294	Shearer
29295	Sheehan
29296	Sheela
29297	Shehata
29298	Shehhi
29299	Shehu
29300	Sheik
29301	Sheikh
29302	Shek
29303	Shekh
29304	Shekodanov
29305	Sheldon
29306	Shelina
29307	Shelke
29308	Shelton
29309	Shelvey
29310	Shen
29311	Shenchao
29312	Shende
29313	Sheng
29314	Shengelia
29315	Shengjia
29316	Shenglong
29317	Shenouda
29318	Shenyuan
29319	Shepelev
29320	Shephard
29321	Shepherd
29322	Sheppard
29323	Sheraldo
29324	Shereef
29325	Sherel
29326	Sherida
29327	Sheridan
29328	Sheriff
29329	Shermarke
29330	Sheron
29331	Sherring
29332	Shervashidze
29333	Sheth
29334	Shetty
29335	Shevchenko
29336	Shevchuk
29337	Sheyi
29338	Shi
29339	Shi Ch. L.
29340	Shi Chenglong
29341	Shi K.
29342	Shi Ke
29343	Shi Ming
29344	Shi X.T.
29345	Shi Xiaotian
29346	Shi Y.
29347	Shi Yan
29348	Shibasaki
29349	Shibata
29350	Shibato
29351	Shibo
29352	Shibuya
29353	Shichi
29354	Shields
29355	Shiferaw
29356	Shifidi
29357	Shigehiro
29358	Shigeru
29359	Shihao
29360	Shiihashi
29361	Shikdar
29362	Shikha
29363	Shila
29364	Shilin
29365	Shilong
29366	Shilow
29367	Shimakawa
29368	Shimeng
29369	Shimizu
29370	Shimkus
29371	Shimoda
29372	Shimonaka
29373	Shin
29374	Shin Chang Moo
29375	Shin Hyung Min
29376	Shin Jae Uk
29377	Shin Jae Won
29378	Shin Jung
29379	Shin Kwang Hoon
29380	Shin Song Hoon
29381	Shin Won Ho
29382	Shin-Hyung
29383	Shinada
29384	Shinar
29385	Shinde
29386	Shindo
29387	Shingo
29388	Shinji
29389	Shinnie
29390	Shinnosuke
29391	Shinozuka
29392	Shinta
29393	Shintaro
29394	Shinton
29395	Shinya
29396	Shinzo
29397	Shion
29398	Shiota
29399	Shipango
29400	Shipley
29401	Shipnoski
29402	Shira
29403	Shirai
29404	Shirasaki
29405	Shirisha
29406	Shirley
29407	Shirvani
29408	Shiryu
29409	Shiv
29410	Shivaji
29411	Shivute
29412	Shiyuan
29413	Shizuka
29414	Shkelqim
29415	Shkodra
29416	Shkodran
29417	Shkumbin
29418	Shkurin
29419	Shkëlzen
29420	Shūichi
29421	Shlyakov
29422	Sho
29423	Sho-Silva
29424	Shoai
29425	Shoaib
29426	Shobha
29427	Shodipo
29428	Shogo
29429	Shoji
29430	Shola
29431	Shoma
29432	Shomurodov
29433	Shon
29434	Shopane
29435	Shopov
29436	Shoretire
29437	Short
29438	Shota
29439	Shotaro
29440	Shotton
29441	Shouaa
29442	Show
29443	Shoya
29444	Shpend
29445	Shpëtim
29446	Shrahili
29447	Shravan
29448	Shrestha
29449	Shri
29450	Shrimpton
29451	Shrivas
29452	Shrivastav
29453	Shtjefen
29454	Shtoik
29455	Shu
29456	Shuai
29457	Shuaibu Lalle
29458	Shuang
29459	Shuartzman
29460	Shubham
29461	Shuhei
29462	Shukla
29463	Shulku
29464	Shumba
29465	Shumpei
29466	Shun
29467	Shundi
29468	Shuneeta
29469	Shunin
29470	Shunki
29471	Shunsuke
29472	Shunta
29473	Shunto
29474	Shunya
29475	Shuranov
29476	Shusaku
29477	Shuta
29478	Shuto
29479	Shuttleworth
29480	Shuzo
29481	Shved
29482	Shwaish
29483	Shwe
29484	Shyam
29485	Shyamal
29486	Si Hoo
29487	Si Woo
29488	Si Young
29489	SiWoo
29490	Siad
29491	Siaka
29492	Siaosi
29493	Sib
29494	Sibande
29495	Sibbald
29496	Sibbick
29497	Sibiry
29498	Sibley
29499	Sibo
29500	Sibusiso
29501	Siby
29502	Sibyani
29503	Sicker
29504	Sickinger
29505	Sid
29506	Sidcley
29507	Siddharth
29508	Siddiqui
29509	Sidibe
29510	Sidibé
29511	Sidler
29512	Sidnei
29513	Sidnei Rechel
29514	Sidney
29515	Sidney Adrián
29516	Sidney Pessinho
29517	Sidy
29518	Siebatcheu
29519	Siebe
29520	Sieben
29521	Siebenhandl
29522	Siebert
29523	Siegenthaler
29524	Siegmund
29525	Siegrist
29526	Sielva
29527	Sielva Moreno
29528	Siem
29529	Siemen
29530	Sierhuis
29531	Sierra
29532	Sierra Pérez
29533	Sierralta
29534	Sierro
29535	Siersleben
29536	Sifama
29537	Sifiso
29538	Sigali
29539	Sigbjörn
29540	Sigbjørn
29541	Signorile
29542	Sigurd
29543	Sigurdarson
29544	Sigurdsson
29545	Sigurdur
29546	Sigurjonsson
29547	Sigurjónsson
29548	Sigurð
29549	Sigurðarson
29550	Sigurðsson
29551	Sigér
29552	Sigþórsson
29553	Sih
29554	Siham
29555	Sihan
29556	Sijarić
29557	Sijaric
29558	Sikan
29559	Sikaria
29560	Sikora
29561	Sikou
29562	Sila
29563	Siladji
29564	Silaldo Taffarel
29565	Silanyo
29566	Silas
29567	Silas Almeim
29568	Silas Antonaldo
29569	Silas Enaldo
29570	Silbeira Caeiro
29571	Silbeira Martins
29572	Silbeiro Martins
29573	Sildillia
29574	Silić
29575	Siligardi
29576	Silini
29577	Silke
29578	Sillero
29579	Sillero Monreal
29580	Silman
29581	Siltala
29582	Silue
29583	Silva
29584	Silva Amado
29585	Silva Baró
29586	Silva Braga
29587	Silva Costa
29588	Silva Duarte
29589	Silva Feitoza
29590	Silva Filho
29591	Silva Lima
29592	Silva Melo
29593	Silva Milagres
29594	Silva Monteiro
29595	Silva Morais
29596	Silva Nascimento
29597	Silva Nunes
29598	Silva Oliveira
29599	Silva Rangel
29600	Silva Reisinho
29601	Silva Rocha
29602	Silva Santos
29603	Silva Seiça
29604	Silva Serejo
29605	Silva Soares
29606	Silva Tavares
29607	Silva Teles
29608	Silva Vieira
29609	Silva de Aguiar
29610	Silva de Almeida
29611	Silva de Carvalho
29612	Silva de Goes
29613	Silva de Jesus
29614	Silva de Morais
29615	Silva dos Santos
29616	Silvan
29617	Silvana
29618	Silvano
29619	Silveira
29620	Silveira Castro
29621	Silvera
29622	Silverholt
29623	Silvester
29624	Silvestre
29625	Silvestri
29626	Silvia
29627	Silvieiro Borges
29628	Silvio
29629	Silviu
29630	Silvosinho
29631	Silvère
29632	Silwimba
29633	Silyanov
29634	Sim
29635	Sim Won Seong
29636	Sima
29637	Simakala
29638	Simakan
29639	Simba
29640	Simelane
29641	Simen
29642	Simen Kind
29643	Simen Vidtun
29644	Simeon
29645	Simeone
29646	Simeu
29647	Simha
29648	Simič
29649	Simkus
29650	Simmonds
29651	Simmons
29652	Simms
29653	Simo
29654	Simoes
29655	Simon
29656	Simon Karlsson
29657	Simone
29658	Simoneti Bressaneli
29659	Simonian
29660	Simonis
29661	Simons
29662	Simonsen
29663	Simphiwe
29664	Simpson
29665	Simrika
29666	Simsir
29667	Simula
29668	Simy
29669	Simão
29670	Simão Acunha
29671	Simão Alvin
29672	Simão Donatinho
29673	Simão Resende
29674	Simó
29675	Simón
29676	Simón Mendibil
29677	Simón Moreno
29678	Simões Eustáquio
29679	Simões Inácio
29680	Simões Paiva
29681	Simões Sousa
29682	Sin
29683	Sin Jin Ho
29684	Sin Se Gye
29685	Sinaly
29686	Sinamoi
29687	Sinan
29688	Sinan Kurt
29689	Sinani
29690	Sinayoko
29691	Sinclair
29692	Sindhu
29693	Sing
29694	Singh
29695	Singh Gouramanju
29696	Singh Kiyam
29697	Singh Moirangthem
29698	Singh Sandhu
29699	Singha
29700	Singhal
29701	Singhania
29702	Singo
29703	Sinh
29704	Sinha
29705	Sinik
29706	Sinisterra
29707	Sinivasan
29708	Sinkgraven
29709	Sinyan
29710	Sion
29711	Siopis
29712	Siovas
29713	Sip
29714	Sipľak
29715	Siphandon
29716	Siphesihle
29717	Sipho
29718	Siphosakhe
29719	Siplak
29720	Sipovic
29721	Sippel
29722	Siquet
29723	Siraj
29724	Sirasasyha
29725	Sireo Milazar
29726	Siri
29727	Sirigu
29728	Siriki
29729	Siriky
29730	Sirko
29731	Sirlord
29732	Siro
29733	Sisca
29734	Sisey
29735	Sishayi
29736	Sisniega
29737	Sissako
29738	Sissokho
29739	Sissoko
29740	Sisto
29741	Sita
29742	Sitaram
29743	Sitek
29744	Sithole
29745	Sitoe
29746	Sitti
29747	Sivataben
29748	Sivera
29749	Sivera Salvá
29750	Sivert
29751	Sivert Heltne
29752	Sivertsen
29753	Sivi
29754	Sivis
29755	Siwei
29756	Sixten
29757	Siyabonga
29758	Siyar
29759	Siziba
29760	Sjoeke
29761	Sjöberg
29762	Sjögrell
29763	Sjögren
29764	Sjöstedt
29765	Sjøeng
29766	Sjølstad
29767	Sk
29768	Skaanes
29769	Skaar Eriksen
29770	Skahan
29771	Skare
29772	Skaret
29773	Skarke
29774	Skarsem
29775	Skender
29776	Skhiri
29777	Skibicki
29778	Skillgame
29779	Skilton
29780	Skinner
29781	Skinnes
29782	Skiotis
29783	Skipp
29784	Skipper
29785	Skistad
29786	Skjelbred
29787	Skjelvik
29788	Skjærstein
29789	Skogvoll
29790	Skolov
29791	Skone
29792	Skoropadskiy
29793	Skorupski
29794	Skotadis
29795	Skov
29796	Skov Olsen
29797	Skovgaard
29798	Skrbo
29799	Skretteberg
29800	Skrzybski
29801	Skrzypczak
29802	Skubic
29803	Skubl
29804	Skundrich
29805	Skuse
29806	Skytte
29807	Skyttä
29808	Skålevik
29809	Skóraś
29810	Skúlason
29811	Slater
29812	Slattery
29813	Slaven
29814	Slavi
29815	Slavik
29816	Slavko
29817	Slavík
29818	Slc
29819	Slišković
29820	Slimane
29821	Slimani
29822	Sliskovic
29823	Slisz
29824	Sliti
29825	Sloan
29826	Slobodan
29827	Sloggett
29828	Slonina
29829	Slor
29830	Slowik
29831	Sluga
29832	Slørdahl
29833	Smail
29834	Smajli
29835	Smal
29836	Small
29837	Smallbone
29838	Smalling
29839	Smallwood
29840	Smarsch
29841	Smart
29842	Smeets
29843	Smet
29844	Smets
29845	Smirnov
29846	Smit
29847	Smith
29848	Smith Rowe
29849	Smithies
29850	Smits
29851	Smokowska
29852	Smola
29853	Smoliński
29854	Smolov
29855	Smrekar
29856	Smt
29857	Smylie
29858	Smyth
29859	Sneddon
29860	Snelgrove
29861	Snežana
29862	Snodgrass
29863	Snoeijs
29864	Snorradóttir
29865	Snorre
29866	So
29867	Soares
29868	Soares Alves
29869	Soares Camacho
29870	Soares Cardoso
29871	Soares Có
29872	Soares Ferreira
29873	Soares Gomes
29874	Soares Martins
29875	Soares Pesqueira
29876	Soares Scitto
29877	Soares Silva
29878	Soares Thuler
29879	Soares de Paulo
29880	Soares dos Santos
29881	Sobczak
29882	Sobczyk
29883	Sobha
29884	Sobhuza
29885	Sobiech
29886	Sobol
29887	Sobolev
29888	Sobota
29889	Sobottka
29890	Sobrino
29891	Sobrino Guevara
29892	Sobrino Pozuelo
29893	Sobukwe
29894	Sobuza
29895	Socorro Pulido
29896	Sodai
29897	Sodatsayrov
29898	Sodindo
29899	Sofia
29900	Sofian
29901	Sofian. R
29902	Sofiane
29903	Sofiyeva
29904	Softić
29905	Sofus
29906	Sofya
29907	Sofyan
29908	Sofía
29909	Sohail
29910	Sohan
29911	Sohm
29912	Soiński
29913	Soira Souza
29914	Soiri
29915	Sok
29916	Sokołowski
29917	Sokoine
29918	Sokol
29919	Sokoli
29920	Sokolov
29921	Sokratis
29922	Sokół
29923	Sol
29924	Sol Ortiz
29925	Sola
29926	Sola López-Ocaña
29927	Sola Villalba
29928	Solaimani
29929	Solan
29930	Solank
29931	Solanke
29932	Solanki
29933	Solano
29934	Solar Ruiz
29935	Solari
29936	Solbakken
29937	Solberg
29938	Soldado
29939	Soldado Rillo
29940	Soldano
29941	Soldo
29942	Soler
29943	Soler Barragán
29944	Soler Oliveira Jr
29945	Solet
29946	Solheim
29947	Solholm
29948	Sollacaro
29949	Sollbauer
29950	Solly
29951	Solognier
29952	Soloman
29953	Solomon
29954	Solomons
29955	Solovyov
29956	Soltvedt
29957	Solveig
29958	Solène
29959	Solís
29960	Som
29961	Soma
29962	Somayli
29963	Someno
29964	Somers
29965	Somerville
29966	Someya
29967	Sommariva
29968	Sommer
29969	Somália
29970	Son
29971	Son Ho Jun
29972	Son Jun Ho
29973	Son Seung Woo
29974	Sona
29975	Sonali
29976	Sondre
29977	Sondre Fosnæss
29978	Sondre Solholm
29979	Sone
29980	Soner
29981	Song
29982	Song B.W.
29983	Song B.X.
29984	Song Bowei
29985	Song Boxuan
29986	Song Bum Keun
29987	Song D.
29988	Song D.F.
29989	Song Defu
29990	Song Duan
29991	Song Hoon
29992	Song Jun Seok
29993	Song L.
29994	Song Long
29995	Song Min Kyu
29996	Song R.T.
29997	Song Runtong
29998	Song Seung Joon
29999	Song Seung Min
30000	Song Si Woo
30001	Song Su
30002	Song W.J.
30003	Song Wenjie
30004	Song X.T.
30005	Song Xintao
30006	Song Y.
30007	Song Yue
30008	Song Z.W.H.
30009	Song Ziwenhao
30010	Songhoon
30011	Songkrasin
30012	Songo'o
30013	Songyi
30014	Soni
30015	Sonko
30016	Sonne
30017	Sonnenberg
30018	Sonnett
30019	Sonni
30020	Sonnleitner
30021	Sonny
30022	Sonowal
30023	Sonta Pessoa
30024	Sontheimer
30025	Sonu
30026	Sonvane
30027	Soo Beom
30028	Soo Bin
30029	Soo Hyuk
30030	Soo Il
30031	SooBin
30032	SooHyuk
30033	SooIl
30034	Sook
30035	Soon Hyung
30036	Soon Min
30037	SoonHyung
30038	SoonMin
30039	Soosaar
30040	Soosai
30041	Soosairaj
30042	Sophal
30043	Sophia
30044	Sophie
30045	Sopić
30046	Sopoćko
30047	Soppy
30048	Sor
30049	Soraire
30050	Sorba
30051	Sordo
30052	Soren
30053	Sorensen
30054	Sorescu
30055	Sorga
30056	Sorge
30057	Sorgić
30058	Sori Mané
30059	Soria
30060	Soria Grau
30061	Soria Solís
30062	Soriano
30063	Soriano Carreño
30064	Soriano Mané
30065	Soriano Oropesa
30066	Sorin
30067	Sorinola
30068	Sornoza
30069	Soro
30070	Soro Álvarez
30071	Sorrentino
30072	Sory
30073	Sory Kaba
30074	Sosa
30075	Sosa Martín
30076	Sosa Sanchez
30077	Sosa Sánchez
30078	Sosha
30079	Sosuke
30080	Sosán Laforte
30081	Sotan
30082	Soteldo
30083	Sotelo Gómez
30084	Sotillos
30085	Sotillos Miarmau
30086	Sotirio
30087	Sotirios
30088	Sotiriou
30089	Sotiris
30090	Soto
30091	Sotoca
30092	Sotomayor
30093	Sotona
30094	Sottil
30095	Souček
30096	Soualiho
30097	Souaré
30098	Souayati
30099	Soudani
30100	Souffian
30101	Soufian
30102	Soufiane
30103	Soukou
30104	Soukup
30105	Soule
30106	Soulemayne
30107	Souley
30108	Souleyman
30109	Souleymane
30110	Soumahoro
30111	Soumaila
30112	Soumaoro
30113	Soumare
30114	Soumaré
30115	Souper
30116	Souquet
30117	Sourasay
30118	Sourlis
30119	Sousa
30120	Sousa Albino
30121	Sousa Azevedo Costa
30122	Sousa Campos
30123	Sousa Diniz
30124	Sousa Esgaio
30125	Sousa Morais
30126	Sousa Pereira
30127	Sousa Silva
30128	Sousa Soares
30129	Sousa Verdasca
30130	Sousa e Silva
30131	Soussi
30132	Southwood
30133	Souttar
30134	Souvanna
30135	Souza
30136	Souza Conceição
30137	Souza Fonseca
30138	Souza Ramos
30139	Souza Silva
30140	Souza da Silva
30141	Souza dos Santos
30142	Sow
30143	Sowah
30144	Sowerby
30145	Soyalp
30146	Soza
30147	Soñora
30148	Spago
30149	Spahić
30150	Spahia
30151	Spahic
30152	Spahija
30153	Spahiu
30154	Spaho
30155	Spalvis
30156	Spano Rahou
30157	Sparkes
30158	Sparv
30159	Spasov
30160	Speake
30161	Spearing
30162	Spence
30163	Spencer
30164	Sphephelo
30165	Spider
30166	Spielmann
30167	Spieringhs
30168	Spierings
30169	Spina
30170	Spinazzola
30171	Spinelli
30172	Spiranovic
30173	Spiridakis
30174	Spiteri
30175	Spitse
30176	Spittal
30177	Sporar
30178	Sporrong
30179	Sportiello
30180	Sprang
30181	Sprangler
30182	Sprekelmeyer
30183	Sprint
30184	Sprocati
30185	Spyros
30186	Spörle
30187	Srđan
30188	Srarfi
30189	Srbeny
30190	Srecko
30191	Sri
30192	Sridao
30193	Srinivas
30194	Srivastava
30195	Ssewankambo
30196	St. Clair
30197	St. Jago
30198	St. Juste
30199	Stacey
30200	Stach
30201	Stadler
30202	Staes
30203	Stafford
30204	Stafylidis
30205	Stage
30206	Stahovskiy
30207	Stajduhar
30208	Stalder
30209	Stalin
30210	Stamanakis
30211	Stamatis
30212	Stamatopoulos
30213	Stambouli
30214	Stamenic
30215	Stamoulis
30216	Stan
30217	Staněk
30218	Stanciu
30219	Stangl
30220	Stanić
30221	Stanišić
30222	Staniforth
30223	Stanilewicz
30224	Stanisic
30225	Stanislas
30226	Stanislav
30227	Stankevičius
30228	Stanko
30229	Stanković
30230	Stanley
30231	Stanovnik
30232	Stanowska
30233	Stansfield
30234	Stanton
30235	Stanway
30236	Staphanos
30237	Starfelt
30238	Staring
30239	Stark
30240	Starke
30241	Starkey
30242	Starkl
30243	Starling
30244	Starzyński
30245	Staubli
30246	Staude
30247	Staunton
30248	Stavitski
30249	Stavros
30250	Steacy
30251	Stearman
30252	Stec
30253	Stech
30254	Steczyk
30255	Steel
30256	Steele
30257	Steer
30258	Steeve
30259	Steeven
30260	Stef
30261	Stefan
30262	Stefanelli
30263	Stefanescu
30264	Stefaniak
30265	Stefanie
30266	Stefano
30267	Stefanos
30268	Stefansson
30269	Stefel
30270	Steffen
30271	Steffen Lie
30272	Steffensen
30273	Stefoniou
30274	Stefán Teitur
30275	Stefánsson
30276	Stehle
30277	Stein
30278	Stein Rebelo
30279	Steinar
30280	Steiner
30281	Steinhart
30282	Steinkötter
30283	Steinmann
30284	Steinwender
30285	Stekelenburg
30286	Steliano
30287	Stelios
30288	Stellwagen
30289	Sten Michael
30290	Stendera
30291	Stenevik
30292	Stengel
30293	Stengs
30294	Stenmark
30295	Stenseth
30296	Stensness
30297	Stenzel
30298	Stepan
30299	Stepanenko
30300	Stepanović
30301	Stepanyan
30302	Steph
30303	Stephan
30304	Stephane
30305	Stephanie
30306	Stephany
30307	Stephen
30308	Stephen Eustáquio
30309	Stephenos
30310	Stephens
30311	Stephensen
30312	Stephenson
30313	Stephy
30314	Stepień
30315	Stepinac
30316	Steponas
30317	Steppe
30318	Steres
30319	Stergiakis
30320	Stergiou
30321	Sterling
30322	Sternberg
30323	Sterner
30324	Sterry
30325	Steuckers
30326	Steurer
30327	Stevan
30328	Stevanović
30329	Stevanovic
30330	Steve
30331	Steven
30332	Steven Vitória
30333	Stevens
30334	Stevenson
30335	Stevie
30336	Stewart
30337	Stian
30338	Stian Rode
30339	Stickland
30340	Stief
30341	Stierlin
30342	Stijn
30343	Stiller
30344	Stillhart
30345	Stina
30346	Stindl
30347	Stine
30348	Stipe
30349	Stipica
30350	Stirk
30351	Stirl
30352	Stirling
30353	Stirpe
30354	Stitkovic
30355	Stiven
30356	Stjepan
30357	Stobbs
30358	Stockdale
30359	Stocker
30360	Stockley
30361	Stockton
30362	Stoddart
30363	Stoica
30364	Stoichkov
30365	Stojan
30366	Stojanović
30367	Stojišić
30368	Stojilković
30369	Stojković
30370	Stojkovic
30371	Stokes
30372	Stokke
30373	Stokkers
30374	Stolarczyk
30375	Stolarski
30376	Stole
30377	Stolojan
30378	Stolt
30379	Stolze
30380	Stone
30381	Stones
30382	Stople
30383	Stoppelkamp
30384	Stoppila
30385	Storevik
30386	Storey
30387	Storm
30388	Stosic
30389	Stott
30390	Stowe
30391	Stoyanov
30392	Strączek
30393	Straalman
30394	Strachan
30395	Strahil
30396	Strahinja
30397	Strakosha
30398	Strand
30399	Strand Larsen
30400	Strandberg
30401	Strannegård
30402	Strasser
30403	Stratford
30404	Straton
30405	Stratos
30406	Stratulis
30407	Stratznig
30408	Straudi
30409	Strauss
30410	Strauß
30411	Strebinger
30412	Street
30413	Streli
30414	Streller
30415	Stretton
30416	Strieder
30417	Strindholm
30418	Stringer
30419	Stritzel
30420	Strnad
30421	Strobl
30422	Strohdiek
30423	Strom
30424	Strootman
30425	Stroud
30426	Strub
30427	Struijk
30428	Struna
30429	Strunz
30430	Struski
30431	Stryger
30432	Stryjek
30433	Ström
30434	Strömberg
30435	Stuani
30436	Stuart
30437	Stubbs
30438	Stucki
30439	Studer
30440	Stum
30441	Stumberger
30442	Stumpe
30443	Stuparević
30444	Sturaro
30445	Sturaro S.
30446	Sturgeon
30447	Sturla
30448	Sturludóttir
30449	Sturm
30450	Stuver
30451	Styles
30452	Stynes
30453	Ståhl
30454	Stéphane
30455	Stöckli
30456	Stöger
30457	Stølås
30458	Stückler
30459	Su
30460	Sučić
30461	Su Suk
30462	Su Y.J.
30463	Su Yuanjie
30464	Suarez
30465	Suat
30466	Sušac
30467	Sušić
30468	Subaşı
30469	Subash
30470	Subasinghe
30471	Subha
30472	Subhadra
30473	Subhan
30474	Subhash
30475	Subhashish
30476	Subhasish
30477	Subodh
30478	Subrata
30479	Succar
30480	Success
30481	Suciu
30482	Sucsuz
30483	Sudakov
30484	Sudama
30485	Sudani
30486	Sudha
30487	Sudhakar
30488	Sudhir
30489	Sudomo
30490	Suengchitthawon
30491	Sufarel
30492	Suffys
30493	Suga
30494	Suganuma
30495	Sugawara
30496	Sugeno
30497	Sugiarto
30498	Sugimori
30499	Sugimoto
30500	Sugioka
30501	Sugita
30502	Sugiyama
30503	Suha
30504	Suhair
30505	Suhonen
30506	Suja
30507	Sujata
30508	Sujit
30509	Suk
30510	Suk Hyun Jun
30511	Suk Young
30512	Sukaj
30513	Sukhdev
30514	Sukumar
30515	Sukuta
30516	Sukyoung
30517	Sulaiman
30518	Sulaimanova
30519	Sulaj
30520	Sulayman
30521	Sule
30522	Suleiman
30523	Sulejmani
30524	Sulejmanovic
30525	Sulemana
30526	Suleymanov
30527	Suliman
30528	Sulimani
30529	Suljić
30530	Sullay
30531	Sullivan
30532	Sulo
30533	Sulochana
30534	Sultan
30535	Sultan.S
30536	Sultana
30537	Sultanov
30538	Sultanova
30539	Sulte
30540	Sulzbacher
30541	Suman
30542	Sumayhan
30543	Sumit
30544	Sumit Rathi
30545	Sumitra
30546	Sumiya
30547	Sumiyoshi
30548	Summer
30549	Summers
30550	Summerville
30551	Sumon
30552	Sun
30553	Sun B.
30554	Sun Bo
30555	Sun G.W.
30556	Sun Guowen
30557	Sun Hee
30558	Sun J.
30559	Sun Jie
30560	Sun K.
30561	Sun Kai
30562	Sun Ke
30563	Sun Q.H.
30564	Sun Qinhan
30565	Sun SH.L.
30566	Sun Shilin
30567	Sun Tae
30568	Sun X.L.
30569	Sun Xuelong
30570	Sunanda
30571	Sundar
30572	Sundaram
30573	Sundberg
30574	Sunder
30575	Sunderland
30576	Sundström
30577	Sung Eun
30578	Sung Geun
30579	Sung Hoon
30580	Sung Jin
30581	Sung Joon
30582	Sung Ju
30583	Sung Ryong
30584	Sung Soo
30585	Sung Su
30586	Sung Wook
30587	Sung Yoon
30588	Sung Yueng
30589	SungEun
30590	SungJin
30591	SungJoon
30592	SungJu
30593	SungSu
30594	Sunggeun
30595	Sunghoon
30596	Sungjoon
30597	Sungju
30598	Sungwook
30599	Sungyoon
30600	Sungyueng
30601	Sunil
30602	Sunit
30603	Sunita
30604	Sunny
30605	Sunusi
30606	Sunzu
30607	Suon
30608	Supayabe
30609	Supriaha
30610	Supriya
30611	Suraj
30612	Surekha
30613	Suren
30614	Surendra
30615	Sures
30616	Suresh
30617	Surridge
30618	Surur
30619	Suryavanshi
30620	Surzyn
30621	Susak
30622	Susanto
30623	Sushil
30624	Sushila
30625	Sushma
30626	Susic
30627	Suslov
30628	Susman
30629	Suso
30630	Sussek
30631	Sut
30632	Sutar
30633	Suter
30634	Sutherland
30635	Sutoh
30636	Sutradhar
30637	Sutter
30638	Suttner
30639	Sutton
30640	Suver
30641	Suzanne
30642	Suzuki
30643	Suárez
30644	Suárez Cardero
30645	Suárez Fernández
30646	Suárez García
30647	Suárez Juesas
30648	Suárez López
30649	Suárez Mata
30650	Suárez Pier
30651	Suárez Suárez
30652	Svanberg
30653	Svante
30654	Svarnas
30655	Svedberg
30656	Sveen
30657	Sveijer
30658	Sveinhaug
30659	Sveinn Aron
30660	Sven
30661	Svend
30662	Svendsen
30663	Svenja
30664	Svensson
30665	Svensson Río
30666	Sverko
30667	Sverre
30668	Sverrir Ingi
30669	Sverrisson
30670	Svetozar
30671	Sviatchenko
30672	Svilar
30673	Svoboda
30674	Svobodová
30675	Swain
30676	Swaleh
30677	Swan
30678	Swanson
30679	Swapan
30680	Swapna
30681	Swati
30682	Sweat
30683	Swedberg
30684	Sweeney
30685	Swers
30686	Swete
30687	Swiderski
30688	Swift
30689	Sy
30690	Syb
30691	Sydney
30692	Sydorchuk
30693	Syed
30694	Sykes
30695	Sylian
30696	Sylisufaj
30697	Sylla
30698	Syllah
30699	Sylvester
30700	Sylvestre
30701	Sylvestre-Brac
30702	Sylvie
30703	Sylwester
30704	Sylwia
30705	Symons
30706	Synne
30707	Synne Skinnes
30708	Sypek
30709	Syrota
30710	Syver
30711	Syver Skaar
30712	Szőke
30713	Szabolcs
30714	Szabó
30715	Szalai
30716	Szalai A.
30717	Szczęsny
30718	Szcześniak
30719	Szczepański
30720	Szczepaniak
30721	Szczutowski
30722	Szekely
30723	Szelągowski
30724	Szewczyk
30725	Szilágyi
30726	Szilárd
30727	Szmatuła
30728	Szmodics
30729	Szoboszlai
30730	Szot
30731	Szota
30732	Szpaderski
30733	Szromnik
30734	Szulc
30735	Szwoch
30736	Szymański
30737	Szymanski
30738	Szymczak
30739	Szymon
30740	Szysz
30741	Szánthó
30742	Szécsi
30743	Székely
30744	Sáček
30745	Sá Bastos
30746	Sá De Oliveira
30747	Sá Madeira
30748	Sáenz de Miera
30749	Sáez
30750	Sáiz Alonso
30751	Sánchez
30752	Sánchez Aguayo
30753	Sánchez Ayala
30754	Sánchez Barahona
30755	Sánchez Benítez
30756	Sánchez Farres
30757	Sánchez Gil
30758	Sánchez Guillén
30759	Sánchez Laborde
30760	Sánchez Martínez
30761	Sánchez Mata
30762	Sánchez Miño
30763	Sánchez Navarro
30764	Sánchez Ponce
30765	Sánchez Purata
30766	Sánchez Rodriguez
30767	Sánchez Rodríguez
30768	Sánchez Ruiz
30769	Sánchez Sendra
30770	Sánchez Sotelo
30771	Sánchez Sáez
30772	Sánchez Velasco
30773	Sánchez de Felipe
30774	Sánchez de la Peña
30775	Sández
30776	Sávio
30777	Sâyoud
30778	Sætra
30779	Sævarsson
30780	Sævik
30781	Sène
30782	Séamus
30783	Sébastien
30784	Séga
30785	Sékou
30786	Sérgio
30787	Sérgio Antônio
30788	Sérgio Espinho
30789	Sérgio Miguel
30790	Sérgio Oliveira
30791	Sílvia Marisa
30792	Sílvia Rebelo
30793	Sílvio
30794	Sílvio Manuel
30795	Sólbjørn
30796	Söder
30797	Söderberg
30798	Söderström
30799	Södlund
30800	Sönmez
30801	Sören
30802	Sörensen
30803	Söyüncü
30804	Søderlund
30805	Søndergaard
30806	Sønstevold
30807	Søren
30808	Sørensen
30809	Sørli
30810	Sørloth
30811	Sørmo
30812	Süle
30813	Sündermann
30814	Sýkora
30815	Tănase
30816	Tătărușanu
30817	Tīruma
30818	T. Alves
30819	T. Aydoğan
30820	T. Bingöl
30821	T. Bongonda
30822	T. Ciğerci
30823	T. Davies
30824	T. Esgaio
30825	T. Figueroa
30826	T. Martínez
30827	T. Morente
30828	T. Nilo
30829	T. Oleques
30830	T. Roberts
30831	T. Rodrigues
30832	T. Santana
30833	T. Silva
30834	T. Smith
30835	T. Tavares
30836	T. Viudez
30837	T.Alshahrani
30838	T.Bašić
30839	T.Gür
30840	T.Mendes
30841	T.Moffi
30842	T.Pina
30843	T.Sanabria
30844	T.Silva
30845	T.Takahashi
30846	T.Teuma
30847	T.Weah
30848	TJ
30849	TP
30850	Ta
30851	Ta‘aroa
30852	Ta’anari
30853	Taşdemir
30854	Taşkıran
30855	Taabouni
30856	Taalle
30857	Taarabt
30858	Tabak
30859	Tabansi
30860	Tabares
30861	Tabaré
30862	Tabata
30863	Tabatadze
30864	Tabea
30865	Tabiś
30866	Tabla
30867	Taborda
30868	Tabuchi
30869	Tabó
30870	Tacheva
30871	Tachi
30872	Tachibanada
30873	Tachie
30874	Tachikawa
30875	Tachtsidis
30876	Tacuara
30877	Tadavi
30878	Tadej
30879	Tadeo
30880	Tadese
30881	Tadeusz
30882	Tadić
30883	Tae Gon
30884	Tae Hee
30885	Tae Hwan
30886	Tae Hyeon
30887	Tae Suk
30888	Tae Won
30889	Tae Wook
30890	Tae Yang
30891	TaeGon
30892	TaeHee
30893	TaeHwan
30894	TaeSuk
30895	TaeWook
30896	TaeYang
30897	Taehyeon
30898	Taewon
30899	Tafarell Bastos
30900	Tafari
30901	Tafazolli
30902	Taferner
30903	Taffarel Araújo
30904	Taffertshofer
30905	Tafitasoa
30906	Taft
30907	Tagaeva
30908	Tagawa
30909	Tagesson
30910	Taggart
30911	Tagir
30912	Tagliafico
30913	Tagliamonte
30914	Tagmaoui
30915	Tagobe
30916	Tagseth
30917	Tagueu
30918	Tah
30919	Taha
30920	Tahar
30921	Taher
30922	Tahir
30923	Tahiri
30924	Tahirović
30925	Tahith
30926	Tai
30927	Tai Cheng
30928	Taichi
30929	Taichu
30930	Taiga
30931	Taijut
30932	Taika
30933	Taiki
30934	Taillan
30935	Taira
30936	Taisei
30937	Taishi
30938	Tait
30939	Taiwo
30940	Taiyan
30941	Taiyo
30942	Taj
30943	Tajnikar
30944	Tajon
30945	Tajouri-Shradi
30946	Taka
30947	Takaaki
30948	Takabe
30949	Takada
30950	Takafumi
30951	Takagi
30952	Takahagi
30953	Takahashi
30954	Takahata
30955	Takahiro
30956	Takamine
30957	Takanori
30958	Takao
30959	Takaoka
30960	Takashi
30961	Takaya
30962	Takayoshi
30963	Take
30964	Takeda
30965	Takefusa
30966	Takehiro
30967	Takele
30968	Takeru
30969	Takeshi
30970	Takeuchi
30971	Takhmazov
30972	Taki
30973	Takimoto
30974	Takishida
30975	Takuhiro
30976	Takuji
30977	Takuma
30978	Takumi
30979	Takuo
30980	Takuro
30981	Takuto
30982	Takuya
30983	Takács
30984	Tal
30985	Talaibek
30986	Talal
30987	Talavera
30988	Talbi
30989	Talbot
30990	Taleb
30991	Talent-Aryeetey
30992	Talia
30993	Talichmanidis
30994	Tall
30995	Talles Magno
30996	Tallig
30997	Talocha
30998	Talukdar
30999	Talvela
31000	Talwar
31001	Tam
31002	Tamaș
31003	Tamang
31004	Tamar
31005	Tamarkina
31006	Tamas
31007	Tamaylah
31008	Tamayo
31009	Tamaz
31010	Tamazaki
31011	Tamba
31012	Tameda
31013	Tameka
31014	Tamer
31015	Tameze
31016	Tamim
31017	Tamimi
31018	Tamir
31019	Tamm
31020	Tamminen
31021	Tammy
31022	Tamukai
31023	Tamura
31024	Tamás
31025	Tan
31026	Tan Chun Lok
31027	Tan K.Y.
31028	Tan Kaiyuan
31029	Tan L.
31030	Tan Long
31031	Tan W.S.
31032	Tan Wangsong
31033	Tanabe
31034	Tanada
31035	Tanaka
31036	Tanase
31037	Tanc
31038	Tancik
31039	Tanco
31040	Tandazo
31041	Tandia
31042	Taner
31043	Tang
31044	Tang J. L.
31045	Tang Jiali
31046	Tang M.
31047	Tang Miao
31048	Tanganga
31049	Tangaroa
31050	Tangen
31051	Tanghe
31052	Tanginoa
31053	Tangri
31054	Tanguy
31055	Tangvik
31056	Tani
31057	Tanielu
31058	Taniguchi
31059	Tanimowo
31060	Tanković
31061	Tankulić
31062	Tankulic
31063	Tanlongo
31064	Tannane
31065	Tanner
31066	Tanno
31067	Tano
31068	Tanoh
31069	Tanque
31070	Tanser
31071	Tanti
31072	Tanudjaja
31073	Tanush
31074	Tanya
31075	Tao
31076	Tao Q.L.
31077	Tao Qianglong
31078	Taoui
31079	Taoyu
31080	Tapan
31081	Tapas
31082	Tape
31083	Tapia
31084	Tapias
31085	Tapiero
31086	Tapio
31087	Tapsoba
31088	Tarık
31089	Tarık Çamdal
31090	Tara
31091	Tarana
31092	Tarapu
31093	Taras
31094	Tarasyuk
31095	Tarbell
31096	Tardeli
31097	Tardeli Barros
31098	Tardieu
31099	Tardy
31100	Tare
31101	Tarek
31102	Taremi
31103	Tareq
31104	Targett
31105	Targhalline
31106	Tarigan
31107	Tarik
31108	Tariq
31109	Tariqe
31110	Tarkan
31111	Tarkowski
31112	Tarman
31113	Taro
31114	Tarpinian
31115	Tarragona
31116	Tarrés
31117	Tarrés Campos
31118	Tarsis
31119	Tartarotti
31120	Tarun
31121	Tarvo
31122	Tarín Higón
31123	Tasar
31124	Tashan
31125	Tashchy
31126	Tashiro
31127	Tashreeq
31128	Tasky
31129	Taslima
31130	Tass
31131	Tat
31132	Tatar
31133	Tatarusanu
31134	Tataryn
31135	Tate
31136	Tateossian
31137	Tathouris
31138	Tatiana P.
31139	Tatiana Pinto
31140	Tatiana Vanessa
31141	Tatlı
31142	Tatsuhiro
31143	Tatsui
31144	Tatsuki
31145	Tatsunori
31146	Tatsuta
31147	Tatsuya
31148	Tattermusch
31149	Tatu
31150	Tatupu
31151	Tatyana
31152	Tau
31153	Taualai
31154	Tauchhammer
31155	Tauer
31156	Taufan
31157	Taugourdeau
31158	Taulant
31159	Taulapapa
31160	Taupea
31161	Tauriainen
31162	Tavşan
31163	Tavares
31164	Tavares Fernandes
31165	Tavares Gomes
31166	Tavares Mendes
31167	Tavares Oliveira
31168	Tavares Semedo
31169	Tavares da Silva
31170	Tavernier
31171	Tavero
31172	Tavio Kouakou
31173	Tavitian
31174	Tavora
31175	Tavsan
31176	Tawamba
31177	Tawana
31178	Tawanda
31179	Tawfeek
31180	Tawfiq
31181	Tawiah
31182	Taxiarchis
31183	Tay
31184	Taye
31185	Tayfun
31186	Tayfur
31187	Taylan
31188	Taylor
31189	Tayo
31190	Tayvon
31191	Tayyip
31192	Taz
31193	Taïbi
31194	Taïryk
31195	Tchamadeu
31196	Tchamba
31197	Tchaptchet
31198	Tchatchoua
31199	Tchicaya
31200	Tchimbembé
31201	Tchin U
31202	Tchokounte
31203	Tchokounté
31204	Tchouameni
31205	Tchouaméni
31206	Tchouatcha
31207	Te Atawhai
31208	Teagan
31209	Teal
31210	Teale
31211	Tebily
31212	Tebo Uchenna
31213	Tebogo
31214	Tecatito
31215	Tecl
31216	Ted
31217	Teddy
31218	Teden
31219	Tedesse
31220	Tedi
31221	Tedić
31222	Tedja
31223	Teele
31224	Teemu
31225	Teenage
31226	Tefu
31227	Teguh
31228	Teguía Noubi
31229	Tehe
31230	Teibert
31231	Teichgräber
31232	Teigen
31233	Teigl
31234	Teijo
31235	Teina
31236	Teixe Gaúcho
31237	Teixeira
31238	Teixeira Carmo
31239	Teixeira Lima
31240	Teixeira Pereira
31241	Teixeira Silva
31242	Teixeira da Silva
31243	Teixeira dos Santos
31244	Teixeiro Loto
31245	Tejera
31246	Tejera Rodríguez
31247	Tejero Sacristán
31248	Teka
31249	Tekdemir
31250	Tekene
31251	Tekere
31252	Tekie
31253	Tekijaški
31254	Tekin
31255	Tekkatho
31256	Teko
31257	Telcean
31258	Telford
31259	Teli
31260	Teliga
31261	Telis
31262	Tell
31263	Tella
31264	Tellier
31265	Tello
31266	Tello Herrera
31267	Telma
31268	Telma Encarnação
31269	Telma Raquel
31270	Telmo
31271	Telmo Arcanjo
31272	Telo
31273	Temana
31274	Temari'i
31275	Temaru
31276	Tembe
31277	Tembo
31278	Temesgen
31279	Temir
31280	Temo
31281	Tempelmann
31282	Temuujin
31283	Ten
31284	Tenaglia
31285	Tenas Ureña
31286	Tendayi
31287	Tendekayi
31288	Teng
31289	Teng Sh.K.
31290	Teng Shangkun
31291	Tengda
31292	Tenglong
31293	Tengstedt
31294	Tenho
31295	Tennai
31296	Teodor
31297	Teodorczyk
31298	Teodoro
31299	Teodósio Mendes
31300	Tep
31301	Terček
31302	Teršek
31303	Tercero
31304	Tere Abelleira
31305	Terell
31306	Terem
31307	Terence
31308	Terenti
31309	Teresa
31310	Tereza
31311	Terho
31312	Teriipaia
31313	Terje
31314	Tero
31315	Terodde
31316	Terpiłowski
31317	Terpin
31318	Terpinc
31319	Terracciano
31320	Terrats
31321	Terrats Espacio
31322	Terrazas
31323	Terrazzino
31324	Terrence
31325	Terrier
31326	Terry
31327	Teruhito
31328	Teruki
31329	Teruyama
31330	Tervonen
31331	Terzić
31332	Terzian
31333	Terán
31334	Tesař
31335	Tesařík
31336	Tesche
31337	Tesfaldet
31338	Tesho
31339	Tesillo
31340	Tess
31341	Tessa
31342	Tessier
31343	Tessmann
31344	Test
31345	Test1
31346	Test11
31347	Test12
31348	Test13
31349	Test14
31350	Test15
31351	Test16
31352	Test17
31353	Test18
31354	Test19
31355	Test2
31356	Test20
31357	Test21
31358	Test22
31359	Test23
31360	Test24
31361	Test25
31362	Test26
31363	Test27
31364	Test28
31365	Test29
31366	Test3
31367	Test30
31368	Test31
31369	Test32
31370	Test33
31371	Test34
31372	Test35
31373	Test36
31374	Test37
31375	Test38
31376	Test39
31377	Test4
31378	Test40
31379	Test41
31380	Test42
31381	Test43
31382	Test44
31383	Test45
31384	Test46
31385	Test47
31386	Test48
31387	Test5
31388	Test6
31389	Test7
31390	Test8
31391	Test9
31392	Testa
31393	Testroet
31394	Tesuri
31395	Tetah
31396	Tetahiti
31397	Tete
31398	Tete Morente
31399	Tetek
31400	Tetsushi
31401	Tette
31402	Tetteh
31403	Tetteh-Quaye
31404	Tettey
31405	Tetê
31406	Teuchert
31407	Teuila
31408	Teuma
31409	Teun
31410	Teuten
31411	Teva
31412	Tewodros
31413	Texier
31414	Teze
31415	Tezuka
31416	Thaar
31417	Thabang
31418	Thabani
31419	Thabano
31420	Thabiso
31421	Thabit
31422	Thabo
31423	Thach
31424	Thaciano
31425	Thakare
31426	Thakhan
31427	Thakin
31428	Thakor
31429	Thaksin
31430	Thakur
31431	Thales
31432	Thalhammer
31433	Thaller
31434	Thami
31435	Thamsatchanan
31436	Thanas
31437	Thanasi
31438	Thanasis
31439	Thanawat
31440	Thandiwe
31441	Thando
31442	Thang
31443	Thangane
31444	Thangmuansang
31445	Thanos
31446	Thant
31447	Thapa
31448	Thaqi
31449	Tharushi
31450	Thauvin
31451	Thaçi
31452	The
31453	Theate
31454	Theerathon
31455	Thein
31456	Thein U
31457	Theippan
31458	Theisen
31459	Thelander
31460	Theler
31461	Thelo
31462	Themba
31463	Thembinkosi
31464	Themis
31465	Theo
31466	Theo Gunnar
31467	Theocharis
31468	Theodor
31469	Theodore
31470	Theodorou
31471	Theodosios
31472	Theophanous
31473	Theophile
31474	Theresa
31475	Therese Sessy
31476	Therkildsen
31477	Thern
31478	Thesker
31479	Thet
31480	Theuerkauf
31481	Thiago
31482	Thiago Alminxa
31483	Thiago Andrade
31484	Thiago Claudnei
31485	Thiago Emiliano
31486	Thiago Henrique
31487	Thiago Marcos
31488	Thiago Martins
31489	Thiago Mendes
31490	Thiago Rodrigues
31491	Thiago Santana
31492	Thiago Silva
31493	Thiago Souza
31494	Thiam
31495	Thiaré
31496	Thiaw
31497	Thibang
31498	Thibaud
31499	Thibault
31500	Thibaut
31501	Thibo
31502	Thida
31503	Thiebaut
31504	Thiede
31505	Thiel
31506	Thiele
31507	Thielmann
31508	Thierno
31509	Thierno Issiaga
31510	Thierry
31511	Thierry Correia
31512	Thierry R.
31513	Thiery
31514	Thijmen
31515	Thijs
31516	Thilan
31517	Thill
31518	Thilo
31519	Thiney
31520	Thio Rolim
31521	Thioub
31522	Thioune
31523	Thiry
31524	Thisara
31525	Thoelen
31526	Thoi
31527	Thoiba
31528	Thoiba Singh
31529	Thoko
31530	Thomalla
31531	Thomann
31532	Thomas
31533	Thomas Lehne
31534	Thomas Llamas
31535	Thomas Nicolas
31536	Thomas Thiesson
31537	Thomas-Asante
31538	Thomas-Sadler
31539	Thomasen
31540	Thomason
31541	Thomassen
31542	Thomasson
31543	Thommy
31544	Thompson
31545	Thompson-Sommers
31546	Thomsen
31547	Thomson
31548	Thongrak
31549	Thor
31550	Thorarensen
31551	Thorat
31552	Thorbjørn
31553	Thore
31554	Thorgan
31555	Thorisdottir
31556	Thorkelsson
31557	Thorlacius
31558	Thorne
31559	Thorniley
31560	Thornton
31561	Thorpe
31562	Thorsby
31563	Thorsen
31564	Thorsnes
31565	Thorsteinsson
31566	Thorsten
31567	Thorstvedt
31568	Thrandarson
31569	Threlkeld
31570	Thuan
31571	Thulani
31572	Thuram
31573	Thurgate
31574	Thurnwald
31575	Thuy
31576	Thy
31577	Thychosen
31578	Thygesen
31579	Thys
31580	Théo
31581	Théophile-Catherine
31582	Thérèse
31583	Thórdarson
31584	Thórir Jóhann
31585	Ti
31586	Tia
31587	Tiago
31588	Tiago Alexandre
31589	Tiago Almeida
31590	Tiago Alves
31591	Tiago Dantas
31592	Tiago Djaló
31593	Tiago Emanuel
31594	Tiago Esgaio
31595	Tiago Filipe
31596	Tiago Ilori
31597	Tiago Manuel
31598	Tiago Melo
31599	Tiago Morais
31600	Tiago Nathan
31601	Tiago Pombeira
31602	Tiago Rafael
31603	Tiago Rodrigues
31604	Tiago Silva
31605	Tiago Sá
31606	Tiago Tomás
31607	Tiago Vanderlei
31608	Tian
31609	Tian X.
31610	Tian Xin
31611	Tian Y.N.
31612	Tian Yinong
31613	Tianpeng
31614	Tianyi
31615	Tianyu
31616	Tianyuan
31617	Tiavina
31618	Tiba
31619	Tibbling
31620	Tiberiu
31621	Tibo
31622	Tibor
31623	Tichý
31624	Tician
31625	Tickle
31626	Tidiane
31627	Tie
31628	Tiedemann
31629	Tielemans
31630	Tiemoko
31631	Tiemoué
31632	Tien
31633	Tiene
31634	Tiensia
31635	Tierna
31636	Tierney
31637	Tietz
31638	Tiganasu
31639	Tigges
31640	Tigist
31641	Tigran
31642	Tihec
31643	Tihomir
31644	Tijani
31645	Tijanić
31646	Tijanovich
31647	Tijjani
31648	Tika
31649	Tiknizyan
31650	Til
31651	Tilea
31652	Tilio
31653	Till
31654	Tillett
31655	Tilley
31656	Tillman
31657	Tilloev
31658	Tillson
31659	Tilt
31660	Tim
31661	Timber
31662	Timi
31663	Timite
31664	Timlin
31665	Timm
31666	Timmerman
31667	Timmermans
31668	Timmins
31669	Timmy
31670	Timo
31671	Timo Triano
31672	Timofiy
31673	Timon
31674	Timor
31675	Timor Copoví
31676	Timor SV.
31677	Timossi
31678	Timossi Andersson
31679	Timoteo Samuel
31680	Timotheou
31681	Timothy
31682	Timothé
31683	Timothée
31684	Timur
31685	Timurbek
31686	Tin
31687	Tinaglini
31688	Tincu
31689	Tine
31690	Tineo
31691	Ting
31692	Tingager
31693	Tinnerholm
31694	Tino
31695	Tinubu
31696	Tira
31697	Tiri
31698	Tirpan
31699	Tiru
31700	Tison
31701	Tissera
31702	Tisserand
31703	Tissoudali
31704	Titas
31705	Titi
31706	Tito
31707	Titouan
31708	Titsch Rivero
31709	Tity Ortiz
31710	Tiu
31711	Tivadar
31712	Tivari
31713	Tivonge
31714	Tiwari
31715	Tixiang
31716	Tiziano
31717	Tjark
31718	Tjay
31719	Tjiriange
31720	Tjiroze
31721	Tjitunga
31722	Tkachenko
31723	Tkachuk
31724	Tkalec
31725	Tlang
31726	Tlolane
31727	Tloome
31728	Toșca
31729	Toal
31730	Tobe
31731	Tobers
31732	Tobi
31733	Tobias
31734	Tobias Figueiredo
31735	Tobias Haahr
31736	Tobiasz
31737	Tobin
31738	Tobio
31739	Toby
31740	Tobías
31741	Tochi
31742	Tochukwu Nwankwo
31743	Toco
31744	Todd
31745	Todibo
31746	Todorov
31747	Todorović
31748	Tofan
31749	Toffolo
31750	Toft
31751	Togashi
31752	Togni
31753	Togui
31754	Toh
31755	Toia
31756	Toichi
31757	Toivio
31758	Toivo
31759	Toivonen
31760	Tokarev
31761	Tokich
31762	Tokmac
31763	Tokmac Chol
31764	Toko
31765	Toko Ekambi
31766	Tokpa
31767	Tokstad
31768	Toktam
31769	Toktomyshev
31770	Tokuda
31771	Tokuma
31772	Toköz
31773	Tol
31774	Tolaji
31775	Tolcay
31776	Toledo
31777	Toletti
31778	Tolga
31779	Tolga Ünlü
31780	Tolgahan
31781	Tolgay
31782	Tolić
31783	Tolisso
31784	Toljan
31785	Tolkin
31786	Tolo
31787	Toloi
31788	Tolon
31789	Tolosa
31790	Tolu
31791	Toluwalase
31792	Tolói
31793	Tom
31794	Toma
31795	Toman
31796	Tomas
31797	Tomasi
31798	Tomasiewicz
31799	Tomasik
31800	Tomasz
31801	Tomaz de Lima
31802	Tomaž
31803	Tombakti
31804	Tomby
31805	Tomczak
31806	Tomek
31807	Tomeo Félez
31808	Tomer
31809	Tomescu
31810	Tomeu
31811	Tomeu Nadal
31812	Tomi
31813	Tomić
31814	Tomiak
31815	Tomic
31816	Tomii
31817	Tomislav
31818	Tomita
31819	Tomiyasu
31820	Tomkins
31821	Tomlin
31822	Tomlinson
31823	Tommaso
31824	Tommi
31825	Tommie
31826	Tommy
31827	Tomoaki
31828	Tomohiko
31829	Tomohiro
31830	Tomoki
31831	Tomor
31832	Tomori
31833	Tomorr
31834	Tomoya
31835	Tomozei
31836	Tomáš
31837	Tomás
31838	Tomás Aresta
31839	Tomás Castro
31840	Tomás Esteves
31841	Tomás Händel
31842	Tomás Nicolas
31843	Tomás Nuninho
31844	Tomás Pais
31845	Tomás Pina
31846	Tomás R.
31847	Tomás Reymão
31848	Tomás Ribeiro
31849	Tomás Romano
31850	Tomás Silva
31851	Tomás Tavares
31852	Tonali
31853	Tondonba
31854	Tone
31855	Tonelli
31856	Toner
31857	Toney
31858	Tong
31859	Tong Hyon
31860	Tong L.
31861	Tong Lei
31862	Tongagara
31863	Tongarbayev
31864	Tongya
31865	Tongyik
31866	Toni
31867	Toni Herrero
31868	Toni Lato
31869	Toni Martínez
31870	Toni Moya
31871	Toni Villa
31872	Tono
31873	Tony
31874	Tony Abranjes
31875	Tony Josimar
31876	Tony Muttinho
31877	Toomas
31878	Toon
31879	Toone
31880	Toornstra
31881	Top
31882	Topal
31883	Topalli
31884	Topalloj
31885	Topaloglu
31886	Topor-Stanley
31887	Toporkiewicz
31888	Toprak
31889	Topçu
31890	Tor
31891	Toranzo
31892	Torben
31893	Tordai
31894	Torgeir
31895	Torgersen
31896	Torgil
31897	Torijano
31898	Toril
31899	Toril Domingo
31900	Toriumi
31901	Torje
31902	Torlak
31903	Tormena
31904	Tormena de Farias
31905	Tornike
31906	Torop
31907	Torosyan
31908	Torp
31909	Torralvo
31910	Torrecilla Reyes
31911	Torregrossa
31912	Torreira
31913	Torrent
31914	Torrent F.
31915	Torrente
31916	Torrente Navarro
31917	Torres
31918	Torres Buigues
31919	Torres De Faria
31920	Torres García
31921	Torres Guerra
31922	Torres Morales
31923	Torres Muñoz
31924	Torres Nilo
31925	Torres Ruiz
31926	Torrico
31927	Torrodà Ricart
31928	Torrén
31929	Torró
31930	Torró Marset
31931	Torsteinbø
31932	Torsten
31933	Tortol
31934	Tortolero
31935	Toru
31936	Torun
31937	Torunarigha
31938	Tosaint
31939	Tosatti Giacomin
31940	Tosca
31941	Toselli
31942	Tosetti
31943	Toshi
31944	Toshihiro
31945	Toshima
31946	Toshio
31947	Toshiyuki
31948	Tosin
31949	Tosun
31950	Toti
31951	Toti António
31952	Totland
31953	Touandiro
31954	Touba
31955	Toufanyan
31956	Touglo
31957	Toumani
31958	Tounekti
31959	Tounkara
31960	Touray
31961	Toure
31962	Tournier
31963	Touré
31964	Tousart
31965	Toussaint
31966	Touzghar
31967	Tovar
31968	Tovide
31969	Towell
31970	Towler
31971	Townsend
31972	Townsend-West
31973	Toxeto Reis
31974	Toya
31975	Toye
31976	Toyin
31977	Toyokawa
31978	Toyoshima
31979	Tozer
31980	Tozlu
31981	Toçi
31982	Toño Garcia
31983	Toño García
31984	Tra
31985	Trałka
31986	Trabanco
31987	Tracey
31988	Trae
31989	Traeira Lopes
31990	Trafford
31991	Trajkovski
31992	Tramoni
31993	Tramontinaldo
31994	Tramontino Sá
31995	Tran
31996	Tran-Than
31997	Tranberg
31998	Traore
31999	Traorè
32000	Traoré
32001	Traoré Diarra
32002	Trapp
32003	Trasante
32004	Tratt
32005	Trauco
32006	Trauner
32007	Traustason
32008	Travers
32009	Travis
32010	Travisso Rocha
32011	Traynor
32012	Trazié
32013	Trebert
32014	Trejo
32015	Trelowski
32016	Tremblay
32017	Tren
32018	Trent
32019	Tretjak
32020	Treu
32021	Trevitt
32022	Trevoh
32023	Trevor
32024	Trevões Teixeira
32025	Trewin
32026	Trezeguet
32027	Trezza
32028	Triano Branco
32029	Triantafyllopoulos
32030	Triboulet
32031	Trichard
32032	Trif
32033	Triganza
32034	Trige
32035	Trigo Gonçalves
32036	Trigueira
32037	Trigueros Muñoz
32038	Trikoupis
32039	Trillo
32040	Trimmel
32041	Trincão
32042	Trindade
32043	Trine
32044	Trinkaus
32045	Trinko
32046	Tripaldelli
32047	Tripathi
32048	Tripi
32049	Tripić
32050	Tripic
32051	Tripichio
32052	Tripodi
32053	Trippier
32054	Tripura
32055	Tristan
32056	Triverio
32057	Trmal
32058	Trošt
32059	Troels
32060	Troester
32061	Troisi
32062	Tromp
32063	Trondsen
32064	Trong
32065	Tronstad
32066	Troost-Ekong
32067	Trossard
32068	Trott
32069	Trouillet
32070	Troupée
32071	Trova
32072	Trovato
32073	Troy
32074	Troya
32075	Troyansky
32076	Trpkova
32077	Trstenjak
32078	Trubeha
32079	Trubin
32080	Trueman
32081	Truffert
32082	Trujillo
32083	Trummer
32084	Trung Phuoc
32085	Trusty
32086	Trybull
32087	Trygve
32088	Trym Sølvberg
32089	Trần
32090	Trávník
32091	Trésor
32092	Trías
32093	Tsalani
32094	Tsaousis
32095	Tsaroulla
32096	Tschauner
32097	Tschernuth
32098	Tsega
32099	Tsekenis
32100	Tselios
32101	Tsenoli
32102	Tshabalala
32103	Tshegofatso
32104	Tshekedi
32105	Tshiembe
32106	Tshipamba
32107	Tshobeni
32108	Tshuma
32109	Tsiambolo
32110	Tsiamita
32111	Tsie
32112	Tsiklauri
32113	Tsilingiris
32114	Tsimikas
32115	Tsingaras
32116	Tsintotas
32117	Tsirinana
32118	Tsitsi
32119	Tsiy
32120	Tsiy-William
32121	Tsogt
32122	Tsolakoglou
32123	Tsoungui
32124	Tsoutsouki
32125	Tsubasa
32126	Tsukagawa
32127	Tsukamoto
32128	Tsukasa
32129	Tsunemoto
32130	Tsunoda
32131	Tsutsulupa
32132	Tsuyoshi
32133	Tsvetanov
32134	Tsvetanova
32135	Tsvetelin
32136	Tsygankov
32137	Tučić
32138	Tuahepa
32139	Tuanzebe
32140	Tucaliuc
32141	Tucker
32142	Tudi
32143	Tudor
32144	Tudu
32145	Tufan
32146	Tuffuor
32147	Tufve
32148	Tugbenyo
32149	Tuia
32150	Tuilika
32151	Tuiloma
32152	Tuite
32153	Tulloch
32154	Tully
32155	Tuma
32156	Tumanyan
32157	Tumasyan
32158	Tumbumuzi
32159	Tumminello
32160	Tun
32161	Tun Aung
32162	Tunar
32163	Tunay
32164	Tunay Torun
32165	Tuncara Gomes
32166	Tunde
32167	Tung
32168	Tunkara
32169	Tunnicliffe
32170	Tuo
32171	Tuomas
32172	Tuomi
32173	Tuominen
32174	Tupta
32175	Tural
32176	Turan
32177	Turati
32178	Turay
32179	Turda
32180	Turesbekova
32181	Turgay
32182	Turgott
32183	Turi
32184	Turid
32185	Turk
32186	Turkeš
32187	Turkhel
32188	Turki
32189	Turkka
32190	Turmo Jodar
32191	Turnbull
32192	Turner
32193	Turns
32194	Turpin
32195	Turrientes
32196	Turrientes Imaz
32197	Turski
32198	Tursunjan
32199	Tursunov
32200	Turton
32201	Turunen
32202	Tushi
32203	Tuszyński
32204	Tut
32205	Tuta
32206	Tutino
32207	Tutonda
32208	Tutte
32209	Tuva
32210	Tué Na Bangna
32211	Tveit
32212	Tverdovsky
32213	Tverskov
32214	Tveter
32215	Tvrdon
32216	Twamley
32217	Twarowska
32218	Twine
32219	Twum
32220	Twumasi
32221	Ty
32222	Tyagi
32223	Tyesi
32224	Tyla
32225	Tyler
32226	Tylor
32227	Tymchyk
32228	Tymon
32229	Tymosiak
32230	Tymoteusz
32231	Tymur
32232	Tynystanov
32233	Tyree
32234	Tyreece
32235	Tyreek
32236	Tyreeq
32237	Tyreik
32238	Tyreke
32239	Tyrell
32240	Tyrese
32241	Tyrhys
32242	Tyrick
32243	Tyron
32244	Tyrone
32245	Tyronne
32246	Tysiak
32247	Tytoń
32248	Tzanev
32249	Tzannetakis
32250	Tzavellas
32251	Tzavidas
32252	Tzimas
32253	Tzolakis
32254	Tzolis
32255	Távara
32256	Târcoveanu
32257	Târnovanu
32258	Tånnander
32259	Tégar
32260	Téji
32261	Tîrcoveanu
32262	Tòfol Montiel
32263	Tófoli Laranjeiras
32264	Tófoli Vilela
32265	Tómas
32266	Tóth
32267	Tõnis
32268	Töre
32269	Török
32270	Túlio Changas
32271	Túlio Nevinha
32272	Túlio Sandoiro
32273	Túlio Sebastião
32274	Tünde
32275	Türk
32276	Türkaslan
32277	Türkmen
32278	Türkoglu
32279	Türpitz
32280	Türüç
32281	U
32282	Uğur
32283	Uğur D.
32284	Uğur Çiftçi
32285	Uğurcan
32286	Uğurlu
32287	U. Antuna
32288	U. Taffertshofer
32289	U.Davila
32290	U.Rivas
32291	UEL Draw
32292	Uaferro
32293	Ušaj
32294	Uba
32295	Ubah
32296	Ubbink
32297	Ubogu
32298	Ubong
32299	Uche
32300	Uchida
32301	Udahl
32302	Udanta
32303	Uday
32304	Uddin
32305	Udo
32306	Udogie
32307	Udoh
32308	Udoka
32309	Udol
32310	Udovičić
32311	Udrea
32312	Uduokhai
32313	Ueda
32314	Ueebisu
32315	Uehara
32316	Ueno
32317	Ueom
32318	Uesli
32319	Uffe
32320	Ufuk
32321	Ufuk Akyol
32322	Ugajin
32323	Ugalde
32324	Ugarković
32325	Ugarte
32326	Ugbo
32327	Ugo
32328	Ugochukwu
32329	Ugrinic
32330	Ugur
32331	Ugwuadu
32332	Uhlmann
32333	Uhre
32334	Ui Jo
32335	Ui Su
32336	Ui-Jo
32337	UiSu
32338	Uilton
32339	Ujah
32340	Ujević
32341	Ukeiwé
32342	Ukleba
32343	Ulaş
32344	Ulani
32345	Ulariaga
32346	Uldriķis
32347	Ulenga
32348	Ulineia Buta
32349	Ulises
32350	Ulisses
32351	Uljas
32352	Ulla
32353	Ullah
32354	Ulland
32355	Ullmann
32356	Ulloa
32357	Ulmer
32358	Ulreich
32359	Ulrich
32360	Ulrick
32361	Ulrik
32362	Ulrik Yttergård
32363	Uludağ
32364	Ulvestad
32365	Ulvi
32366	Ulyana
32367	Ulysse
32368	Ulysses
32369	Um
32370	Um Won Sang
32371	Uma
32372	Umar
32373	Umara
32374	Umarboev
32375	Umberto
32376	Umesaki
32377	Umesh
32378	Umi
32379	Umtiti
32380	Umur
32381	Umut
32382	Umyarov
32383	Unai
32384	Unai A.
32385	Unai Arieta
32386	Unai Bilbao
32387	Unai García
32388	Unai Lopez
32389	Unai López
32390	Unai Marino
32391	Unai Núñez
32392	Unai Rementería
32393	Unai Simón
32394	Unai Veiga
32395	Unai Vencedor
32396	Unbehaun
32397	Undabarrena
32398	Undabarrena Ubillos
32399	Undav
32400	Underwood
32401	Une-Larsson
32402	Unger
32403	Unnerstall
32404	Unnur
32405	Unoki
32406	Unsain
32407	Unzueta Arregui
32408	Upadhyay
32409	Upamecano
32410	Upeksha
32411	Upendra
32412	Uphoff
32413	Upson
32414	Upul
32415	Ur
32416	Uran
32417	Urazow
32418	Urbańczyk
32419	Urbig
32420	Urbina Parrado
32421	Urbonas
32422	Urby
32423	Ureche
32424	Urek
32425	Ureña
32426	Urhoghide
32427	Uri
32428	Uribe
32429	Uriel
32430	Urko
32431	Urko González
32432	Urmila
32433	Urminsky
32434	Uroš
32435	Uronen
32436	Urquhart
32437	Urretaviscaya
32438	Urribarri
32439	Urruti
32440	Urs
32441	Urszula
32442	Urtiaga
32443	Uryga
32444	Urzi
32445	Usa
32446	Usami
32447	Usen
32448	Usenik
32449	Usha
32450	Ushindi
32451	Uskok
32452	Ustari
32453	Ut
32454	Uth
32455	Utku
32456	Utkus
32457	Utland
32458	Utsumoto
32459	Uttam
32460	Utvik
32461	Utzinger
32462	Uvini
32463	Uvini Bortolança
32464	Uwakwe
32465	Uwe
32466	Uxío
32467	Uysal
32468	Uzodimma
32469	Uzoho
32470	Uzun
32471	Uzuni
32472	Uçan
32473	Uílson de Souza
32474	Văn Lâm
32475	Vătăjelu
32476	Vītols
32477	V. Braga
32478	V. Campuzano
32479	V. Chust
32480	V. Crombrugge
32481	V. Dávila
32482	V. Eijden
32483	V. Figueroa
32484	V. Garcia
32485	V. Osch
32486	V. Salazar
32487	V. Sanchís
32488	V. Teles
32489	V. Wolfswinkel
32490	V.Constantin
32491	V.Cretu
32492	V.Janssen
32493	V.Karakuş
32494	V.Meseguer
32495	V.Rodriguez
32496	V.Sanogo
32497	VP Suhair
32498	Va
32499	Vașvari
32500	Vaca
32501	Vacca
32502	Vacek
32503	Vachoux
32504	Vaclik
32505	Vaclík
32506	Vada
32507	Vadaine
32508	Vadakkepeedika
32509	Vadillo
32510	Vadillo Cifuentes
32511	Vadim
32512	Vadimas
32513	Vadis
32514	Vaea
32515	Vaessen
32516	Vagh
32517	Vaghari
32518	Vaghel
32519	Vagić
32520	Vagic
32521	Vagner
32522	Vagner José
32523	Vagnoman
32524	Vagnão Junior
32525	Vahan
32526	Vahe
32527	Vahen
32528	Vaiho
32529	Vaillant
32530	Vainikolo
32531	Vaisanen
32532	Vaishali
32533	Vaite
32534	Vako
32535	Vakoun Issouf
32536	Vakselj
32537	Val
32538	Val Rincón
32539	Vala
32540	Valakari
32541	Valber
32542	Valbon
32543	Valbuena
32544	Valcarce Vidal
32545	Valdemar
32546	Valderrama Domènech
32547	Valderrey
32548	Valdet
32549	Valdez
32550	Valdez Wilson
32551	Valdimar Þór
32552	Valdimarsson
32553	Valdir
32554	Valdir Henrique
32555	Valdo
32556	Valdrin
32557	Valdés
32558	Valdés Díaz
32559	Vale
32560	Valeau
32561	Valenčič
32562	Valencia
32563	Valencia García
32564	Valencic
32565	Valente
32566	Valente Fonseca
32567	Valente Ramos
32568	Valente Santos
32569	Valente da Silva
32570	Valenti
32571	Valentim
32572	Valentin
32573	Valentinčič
32574	Valentina
32575	Valentine
32576	Valentini
32577	Valentino
32578	Valentín
32579	Valentín Sancho
32580	Valenzuela
32581	Valera
32582	Valera Karabinaite
32583	Valera Salmoral
32584	Valeri
32585	Valerian
32586	Valerică
32587	Valerio
32588	Valeriy
32589	Valero Álvarez
32590	Valery
32591	Vales
32592	Vales González
32593	Valette
32594	Valgeir
32595	Valiente Hernández
32596	Valietti
32597	Valiyev
32598	Valjent
32599	Valk
32600	Vallci
32601	Valle
32602	Vallecilla
32603	Vallee
32604	Vallejo
32605	Vallejo Avilés
32606	Vallejo Galván
32607	Vallejo Lázaro
32608	Vallejo Mínguez
32609	Valles Rosa
32610	Vallet
32611	Vallier
32612	Vallo
32613	Valls
32614	Vallys
32615	Vallès
32616	Vallès Prat
32617	Valmir
32618	Valon
32619	Valor
32620	Valot
32621	Valoti
32622	Valoyes
32623	Valpaços Salazar
32624	Valpuia
32625	Valskis
32626	Valsvik
32627	Valtteri
32628	Valverde
32629	Valvi
32630	Valérie
32631	Valério
32632	Vamara
32633	Vaněk
32634	Van Acker
32635	Van Belle
32636	Van Cleemput
32637	Van Crombrugge
32638	Van Daele
32639	Van Damme
32640	Van Den Bosch
32641	Van Den Eynden
32642	Van Den Keybus
32643	Van Der Bruggen
32644	Van Dessel
32645	Van Durmen
32646	Van Dyck
32647	Van Geert
32648	Van Gils
32649	Van Hecke
32650	Van Hoof
32651	Van Hoorenbeeck
32652	Van Hove
32653	Van Kerkhoven
32654	Van Rankin
32655	Van de Velde
32656	Van den Bergh
32657	Van den Bossche
32658	Van den Buijs
32659	Van der Brempt
32660	Van der Heyden
32661	Van der Saag
32662	Vanags
32663	Vanakar
32664	Vanaken
32665	Vancamp
32666	Vancooten
32667	Vandamme
32668	Vandana
32669	Vande Velde
32670	Vandenabeele
32671	Vandenberghe
32672	Vandenbroeck
32673	Vandendriessche
32674	Vanderlei Cõembra
32675	Vanderlei Tiago
32676	Vanderleiton
32677	Vandermersch
32678	Vanderson
32679	Vandevelde
32680	Vandevoordt
32681	Vandewalle
32682	Vane
32683	Vanegas
32684	Vanessa
32685	Vanessa Marques
32686	Vang
32687	Vangelis
32688	Vangheluwe
32689	Vangioni
32690	Vanhaevermaet
32691	Vanhamel
32692	Vanheusden
32693	Vanhoutte
32694	Vani
32695	Vanita
32696	Vanja
32697	Vanlalruatfela
32698	Vanlerberghe
32699	Vanmalsawma
32700	Vanmarsenille
32701	Vanmechelen
32702	Vanneste
32703	Vannoye
32704	Vanspaul
32705	Vanwynsberghe
32706	Vanzeir
32707	Vanzo
32708	Vaquerizo
32709	Vaquero
32710	Vara
32711	Varaldo
32712	Varane
32713	Varas
32714	Varazdat
32715	Vardan
32716	Vardazaryan
32717	Vardjan
32718	Vardy
32719	Varela
32720	Varela Lopes
32721	Varela Pampín
32722	Varela Semedo
32723	Varela Tavares
32724	Varenkov
32725	Varga
32726	Varga R.
32727	Vargas
32728	Varias
32729	Varma
32730	Varo
32731	Varo Lara
32732	Varol
32733	Varone Maia
32734	Varsha
32735	Vartabedian
32736	Vartanian
32737	Varun
32738	Varzim Miranda
32739	Vasav
32740	Vasco
32741	Vasconcelos F.
32742	Vasić
32743	Vasiľ
32744	Vasil
32745	Vasile
32746	Vasilev
32747	Vasili
32748	Vasiliadis
32749	Vasilije
32750	Vasilios
32751	Vasilis
32752	Vasilj
32753	Vasilyev
32754	Vasin
32755	Vasko
32756	Vaso
32757	Vasquez
32758	Vass
32759	Vassell
32760	Vasseur
32761	Vassilev
32762	Vassili
32763	Vassilios
32764	Vassilis
32765	Vasvari
32766	Vasyl
32767	Vasyutin
32768	Vata
32769	Vati
32770	Vato
32771	Vatovec
32772	Vatthana
32773	Vaughan
32774	Vaughn
32775	Vaulks
32776	Vavalana
32777	Vavro
32778	Vaz
32779	Vaz Laranjeiras
32780	Vaz Stein
32781	Vazquez
32782	Veber
32783	Vebjørn
32784	Vecchia
32785	Vecchio
32786	Vecino
32787	Vecko
32788	Vedad
32789	Vedat
32790	Vedran
32791	Veenstra
32792	Veer
32793	Veerman
32794	Veeti
32795	Vega
32796	Vega Ramírez
32797	Vegam
32798	Vegar Eggen
32799	Vegard
32800	Vegas
32801	Vehovar
32802	Vehovec
32803	Veiga Fidalgo
32804	Veiga González
32805	Veiga Lopes
32806	Veiga Novas
32807	Veiko
32808	Veini
32809	Vejinović
32810	Vekemans
32811	Vela
32812	Velarde
32813	Velasco
32814	Velasco Fariñas
32815	Velazquez
32816	Velde
32817	Veldwijk
32818	Veli
32819	Velikonja
32820	Velimirovic
32821	Velisar
32822	Veliu
32823	Veljko
32824	Veljković
32825	Velkov
32826	Velkovski
32827	Vella
32828	Vellios
32829	Velosa Encarnaçao
32830	Veloso
32831	Veltman
32832	Velupillay
32833	Velásquez
32834	Velázquez
32835	Venancio
32836	Venancio Casimiro
32837	Vencedor
32838	Vencedor Paris
32839	Venegas
32840	Vengii
32841	Venkata
32842	Venness
32843	Vennings
32844	Ventura
32845	Venturini
32846	Ventúra
32847	Venuti
32848	Vera
32849	Veranus
32850	Verbec
32851	Verbeek
32852	Verbeke
32853	Verbič
32854	Verbic
32855	Verbruggen
32856	Vercammen
32857	Vercauteren
32858	Vercruysse
32859	Verdasca
32860	Verde
32861	Verdejo
32862	Verdi
32863	Verdier
32864	Verdonck
32865	Verdonk
32866	Verdugo
32867	Verdún
32868	Vereș
32869	Verenas
32870	Veres
32871	Veretout
32872	Verfurth
32873	Vergara
32874	Vergilio da Silva
32875	Vergini
32876	Verhaegen
32877	Verhaeghe
32878	Verhelst
32879	Verheyen
32880	Verhoek
32881	Verhoeven
32882	Verhulst
32883	Verkamp
32884	Verlaat
32885	Verlinden
32886	Verma
32887	Vermaelen
32888	Vermeer
32889	Vermeersch
32890	Vermeij
32891	Vermeiren
32892	Vermeulen
32893	Vernam
32894	Vernaza
32895	Veron
32896	Verratti
32897	Verre
32898	Verrips
32899	Versaci
32900	Verschaeren
32901	Verschueren
32902	Verstraete
32903	Verstraeten
32904	Vertessen
32905	Vertonghen
32906	Vervoort
32907	Veríssimo da Silva
32908	Verón
32909	Verónica
32910	Vesel
32911	Veseli
32912	Veselinović
32913	Veselá
32914	Veselý
32915	Vesga
32916	Vesga Arruti
32917	Vesna
32918	Vestergaard
32919	Vesterlund
32920	Vet
32921	Vetle
32922	Vetlesen
32923	Veton
32924	Vetrih
32925	Vetti
32926	Vevatne
32927	Veysel
32928	Veysel Sarı
32929	Vezjak
32930	Vial
32931	Viana
32932	Viana Azevedo
32933	Vianney
32934	Višća
32935	Vic
32936	Vicario
32937	Vicemte Ernesto
32938	Vicemte Tófoli
32939	Vicente
32940	Vicente Elorduy
32941	Vicente Moraza
32942	Vicentini
32943	Vickers
32944	Vicky Losada
32945	Vico
32946	Victildinho
32947	Victor
32948	Victor Bereitta
32949	Victor Braga
32950	Victor G.
32951	Victor Hugo
32952	Victor Marlon
32953	Victor Martin
32954	Victor Méndez
32955	Victor Sa
32956	Victor Sánchez
32957	Victor da Silva
32958	Victores
32959	Victores García
32960	Victoria
32961	Victorino M.
32962	Victorino Magela
32963	Vid
32964	Vida
32965	Vidal
32966	Vidal Martínez
32967	Vidal Miralles
32968	Vidales
32969	Vidas
32970	Vidaurre
32971	Vidigal
32972	Vidigal Morais
32973	Vidmar
32974	Vidović
32975	Vidrio
32976	Vidtun
32977	Vidual Machado
32978	Vidya
32979	Vieira
32980	Vieira Aldair
32981	Vieira Almeida
32982	Vieira Babo Machado
32983	Vieira Espíndola
32984	Vieira Fernandes
32985	Vieira Nan
32986	Vieira Pereira
32987	Vieira Tavares
32988	Vieira da Silva
32989	Vieira de Freitas
32990	Vieira de Souza
32991	Vieira dos Santos
32992	Vieiraldo Junior
32993	Vieirinha
32994	Vieirundinho
32995	Viens
32996	Viera
32997	Viera Ramos
32998	Viergever
32999	Viet
33000	Vieting
33001	Vietto
33002	Vieux Yaya
33003	Vigaray
33004	Vigen
33005	Vigfusson
33006	Viggo
33007	Vignali
33008	Vignato
33009	Vigne
33010	Vignesh
33011	Vigo
33012	Vigorito
33013	Vigouroux
33014	Vigón
33015	Vihaan
33016	Viiding
33017	Vijay
33018	Vijaya
33019	Vik
33020	Vikas
33021	Viklund
33022	Vikonis
33023	Vikram
33024	Vikram S.
33025	Vikstøl
33026	Viktor
33027	Viktoria
33028	Viktorija
33029	Viktoriya
33030	Vila
33031	Vila Abranches
33032	Vilar
33033	Vilas
33034	Vilas Dono
33035	Vilaça Teixeira
33036	Vilca
33037	Vilches
33038	Vilches A.
33039	Vilches G.
33040	Vilde Bøe
33041	Vildeia Maia
33042	Vilela de Brito
33043	Vilhelmas
33044	Vilhelms
33045	Vilhelmsson
33046	Vilhena Taira
33047	Vilhjálmur
33048	Vilho
33049	Vilis
33050	Viljami
33051	Viljanen
33052	Viljar
33053	Viljem
33054	Viljormur
33055	Vilks
33056	Villa
33057	Villa Suárez
33058	Villacis
33059	Villadsen
33060	Villafaña
33061	Villafañez
33062	Villafuerte
33063	Villagra
33064	Villain
33065	Villalba
33066	Villalba Rodrigo
33067	Villalibre
33068	Villalibre Molina
33069	Villalobos
33070	Villalta
33071	Villamíl
33072	Villanova
33073	Villanueva
33074	Villar
33075	Villar Alonso
33076	Villar Martínez
33077	Villar Vázquez
33078	Villar del Fraile
33079	Villarreal
33080	Villarroel
33081	Villarruel
33082	Villasanti
33083	Villeda
33084	Villiam
33085	Villodres Medina
33086	Vilna
33087	Vilsaint
33088	Vilsvik
33089	Viltard
33090	Vilà Roselló
33091	Vimal
33092	Vimala
33093	Vimieiro Madeira
33094	Vimla
33095	Vina
33096	Vinay
33097	Vince
33098	Vincensini
33099	Vincent
33100	Vincent-Young
33101	Vincente Dourado
33102	Vincente Filho
33103	Vincenzo
33104	Vincy
33105	Vindahl
33106	Vinderslev
33107	Vindheim
33108	Vines
33109	Vini Jr.
33110	Vinicius
33111	Vinicius Cardenha
33112	Vinicius Lúcio
33113	Vinicius Souza
33114	Viniegra
33115	Vinit
33116	Vinita
33117	Vink
33118	Vinko
33119	Vinni
33120	Vinod
33121	Vinogradov
33122	Vinski
33123	Vint
33124	Vinícius
33125	Vinícius José
33126	Vinícius Jr.
33127	Violante
33128	Violeta
33129	Viorel
33130	Vipin
33131	Virendra
33132	Virgil
33133	Virgilio
33134	Virginia
33135	Virginia Torrecilla
33136	Virginius
33137	Virk
33138	Virote
33139	Virtanen
33140	Virtue
33141	Visar
33142	Viscarra
33143	Visentin
33144	Vishal
33145	Vishi
33146	Vishnu
33147	Vishtasb
33148	Vishwakarma
33149	Vismara
33150	Visser
33151	Vital
33152	Vitale
33153	Vitalie
33154	Vitaliy
33155	Vitaly
33156	Vitao
33157	Vite
33158	Viti
33159	Viti Rozada
33160	Vitinha
33161	Vitinho
33162	Vito
33163	Vitolo
33164	Vitor
33165	Vitor Carvalho
33166	Vitor Eudes
33167	Vitor Hugo
33168	Vitorino
33169	Vitthal
33170	Vittor
33171	Vittorio
33172	Vitus
33173	Vitík
33174	Viudez
33175	Vivaldo
33176	Vivas
33177	Vivek
33178	Vivenço Morais
33179	Vivi
33180	Vivian
33181	Vivian Moreno
33182	Viviane
33183	Vivianne
33184	Viviano
33185	Vizeu do Carmo
33186	Vizinger
33187	Vizjak
33188	Viáfara
33189	Viðar Ari
33190	Viðar Örn
33191	Viña
33192	Viñas
33193	Vlădoiu
33194	Vlašić
33195	Vlachodimos
33196	Vlad
33197	Vladan
33198	Vladimir
33199	Vladimirescu
33200	Vladimír
33201	Vladislav
33202	Vladislavs
33203	Vladko
33204	Vladyslav
33205	Vlahović
33206	Vlap
33207	Vlasić
33208	Vlietinck
33209	Vloet
33210	Vo
33211	Vodišek
33212	Voet
33213	Vogel
33214	Vogliotti
33215	Voglsammer
33216	Vogt
33217	Voigt
33218	Voisin
33219	Vojska
33220	Vojvoda
33221	Vokes
33222	Vokić
33223	Vokins
33224	Volchenkov
33225	Volk
33226	Volkan
33227	Volkmer
33228	Volkov
33229	Voll
33230	Volland
33231	Vollath
33232	Vollert
33233	Volnei
33234	Volnei Feltes
33235	Volodymyr
33236	Volpi Neto
33237	Vom Steeg
33238	Vombergar
33239	Von Haacke
33240	Vontae
33241	Vorakeo
33242	Vorakhamphou
33243	Vorasai
33244	Vormer
33245	Vorobjovas
33246	Vorobyov
33247	Vorsager
33248	Vos
33249	Voss
33250	Vossen
33251	Vouilloz
33252	Vovk
33253	Vovko
33254	Voynov
33255	Vraciu
33256	Vrakas
33257	Vran
33258	Vrančić
33259	Vranckx
33260	Vranješ
33261	Vreg
33262	Vrenezi
33263	Vrhovec
33264	Vriends
33265	Vrioni
33266	Vroegh
33267	Vrolijk
33268	Vrousai
33269	Vrsaljko
33270	Vrtovec
33271	Vučkić
33272	Vučur
33273	Vu-Pham
33274	Vuarte Ruiz
33275	Vušković
33276	Vucur
33277	Vui
33278	Vujadin
33279	Vujica
33280	Vuk
33281	Vukčević
33282	Vukcevic
33283	Vukoja
33284	Vuković
33285	Vukovic
33286	Vuksić
33287	Vulaj
33288	Vulic
33289	Vuong
33290	Vural
33291	Vurnon
33292	Vusal
33293	Vuthaj
33294	Vyacheslav
33295	Vydra
33296	Vyner
33297	Václav
33298	Vágner Corraldo
33299	Vágner Joshua
33300	Vágner Nilson
33301	Vásquez
33302	Vávra
33303	Vázquez
33304	Vázquez Alcalde
33305	Vázquez Comesaña
33306	Vázquez García
33307	Vázquez Iglesias
33308	Vázquez López
33309	Vázquez Pérez
33310	Vázquez Solsona
33311	Vâlceanu
33312	Väinö
33313	Väisänen
33314	Väänänen
33315	Vécsei
33316	Vélez
33317	Vélez Jiménez
33318	Víctor
33319	Víctor Chust
33320	Víctor David
33321	Víctor Delgado
33322	Víctor Díaz
33323	Víctor García
33324	Víctor Gómez
33325	Víctor Ignacio
33326	Víctor Mongil
33327	Víctor Narro
33328	Víctor Ruiz
33329	Víctor Sanchís
33330	Víctor Vázquez
33331	Vítězslav
33332	Vítor
33333	Vítor Angulho
33334	Vítor C.
33335	Vítor Costa
33336	Vítor Manuel
33337	Vítor Martín
33338	Vítor Tormena
33339	Vînă
33340	Wędrychowski
33341	Węglarz
33342	W. Aguerre
33343	W. Bogado
33344	W. Clar
33345	W. Cuesta
33346	W. Gaona
33347	W. Gargano
33348	W. González
33349	W. Lugo
33350	W. Mejía
33351	W. Mendieta
33352	W. Parra
33353	W. Riveros
33354	W. Tesillo
33355	W.Coulibaly
33356	W.Tchantcho
33357	Włodarczyk
33358	Włodarska
33359	Waabberi
33360	Waage
33361	Wachowiak
33362	Wada
33363	Waddell
33364	Wade
33365	Wadi
33366	Wadi Ibrahim
33367	Wadilie
33368	Wadja
33369	Wadji
33370	Wady
33371	Wagana
33372	Wagane
33373	Wagener
33374	Waghmare
33375	Waghorn
33376	Wagner
33377	Wagner Laranjo
33378	Wagner Mauro
33379	Wagner Orsinho
33380	Wague
33381	Wagué
33382	Wahab Ibrahim
33383	Wahbi
33384	Waheed
33385	Wahengbam
33386	Wahi
33387	Wahib
33388	Wahid
33389	Wahl
33390	Wahlqvist
33391	Wahlstedt
33392	Wahradian
33393	Wai-Tsun
33394	Waidner
33395	Waine
33396	Waite
33397	Waiter
33398	Wajdi
33399	Wajnblum
33400	Wakaso
33401	Wakatsuki
33402	Wakely
33403	Wakid
33404	Wakil
33405	Wakili
33406	Wakizaka
33407	Wako
33408	Walace
33409	Walbrecht
33410	Walch
33411	Walcott
33412	Walczak
33413	Waldemar
33414	Waldo
33415	Waldschmidt
33416	Waleed
33417	Waleed Hezam
33418	Wales
33419	Walexinton
33420	Waleya
33421	Walid
33422	Walim
33423	Walke
33424	Walker
33425	Walker-Peters
33426	Walkes
33427	Wall
33428	Wallace
33429	Wallem
33430	Waller
33431	Wallin
33432	Wallis
33433	Wallner
33434	Walmer
33435	Walsh
33436	Walstad
33437	Walta
33438	Walter
33439	Walter Elias
33440	Walter Silvieiro
33441	Walters
33442	Walterson
33443	Walther
33444	Walton
33445	Walukiewicz
33446	Wan
33447	Wan Gyu
33448	Wan Y.
33449	Wan Yu
33450	Wan-Bissaka
33451	WanGyu
33452	Wandy
33453	Wang
33454	Wang D.L.
33455	Wang Dalei
33456	Wang F.
33457	Wang Fei
33458	Wang G.
33459	Wang G.M.
33460	Wang Gang
33461	Wang Guoming
33462	Wang H.
33463	Wang H.J.
33464	Wang H.P.
33465	Wang H.R.
33466	Wang Haijian
33467	Wang Hao
33468	Wang Haoran
33469	Wang Huapeng
33470	Wang J.
33471	Wang J.Sh.
33472	Wang J.X.
33473	Wang Jie
33474	Wang Jinshuai
33475	Wang Jinxian
33476	Wang P.
33477	Wang Peng
33478	Wang Q.M.
33479	Wang Qiuming
33480	Wang SH.CH.
33481	Wang Sh.
33482	Wang Sh. Sh.
33483	Wang Sh.L.
33484	Wang Sh.Y.
33485	Wang Shangyuan
33486	Wang Shanshan
33487	Wang Shenchao
33488	Wang Shilong
33489	Wang Shuang
33490	Wang T.
33491	Wang T.D.
33492	Wang Tengda
33493	Wang Tong
33494	Wang W.
33495	Wang Wei
33496	Wang X.J.
33497	Wang Xianjun
33498	Wang Y.
33499	Wang Y.P.
33500	Wang Yaopeng
33501	Wang Yi
33502	Wang Ying
33503	Wang Yongpo
33504	Wang Z.A.
33505	Wang Z.M.
33506	Wang Z.X.
33507	Wang ZH.F.
33508	Wang Zh.H.
33509	Wang Zhen'ao
33510	Wang Zhenghao
33511	Wang Zhifeng
33512	Wang Ziming
33513	Wang Zixiang
33514	Wanga
33515	Wangala
33516	Wangberg
33517	Wangjam
33518	Wango
33519	Wangsong
33520	Waniss
33521	Wanitzek
33522	Wanshun
33523	Wanyama
33524	Wanyika
33525	Waota
33526	Waqar
33527	Waraabe
33528	Warchoł
33529	Ward
33530	Ward-Prowse
33531	Warda
33532	Warfield
33533	Waris
33534	Warland
33535	Warleson
33536	Warmed
33537	Warmerdam
33538	Warming
33539	Warner
33540	Warren
33541	Waruna
33542	Warungu
33543	Waseem
33544	Washington
33545	Wasielewski
33546	Wasim
33547	Wasinski
33548	Wass
33549	Wassberg
33550	Wassim
33551	Wassmuth
33552	Watai
33553	Watanabe
33554	Watari
33555	Wataru
33556	Waterman
33557	Waters
33558	Watkins
33559	Watkowiak
33560	Watmore
33561	Watson
33562	Watt
33563	Watters
33564	Watts
33565	Wauters
33566	Wawrzyniak
33567	Wayan
33568	Wayar
33569	Wayde
33570	Waylon
33571	Wayne
33572	Waßmuth
33573	Wdowiak
33574	Wdowik
33575	Weah
33576	Weaver
33577	Webb
33578	Webber
33579	Weber
33580	Webster
33581	Weghorst
33582	Wehking
33583	Wehrmann
33584	Wei
33585	Wei M.Zh.
33586	Wei Minzhe
33587	Wei SH.H.
33588	Wei Shihao
33589	Wei ZH.
33590	Wei Zhen
33591	Weibel
33592	Weigandt
33593	Weigl
33594	Weiguo
33595	Weihrauch
33596	Weihui
33597	Weijun
33598	Weilandt
33599	Weiler
33600	Weilson Emílio
33601	Weilson Leal
33602	Weimann
33603	Wein
33604	Weiner
33605	Weinkauf
33606	Weipeng
33607	Weir
33608	Weirauch
33609	Weis
33610	Weise
33611	Weiser
33612	Weisheng
33613	Weiss
33614	Weissbeck
33615	Weissman
33616	Weixiang
33617	Weiß
33618	Weißhaupt
33619	Wekesser
33620	Welbeck
33621	Welch
33622	Welch-Hayes
33623	Welington Dano
33624	Welington Kauê
33625	Welinton Jr
33626	Welinton Júnior
33627	Wellenreuther
33628	Wellens
33629	Wellingt. Edson
33630	Wellington
33631	Wellington D.
33632	Wellington Luís
33633	Wellington Sabrão
33634	Wellington Silva
33635	Welliton Edson
33636	Welliton Helmes
33637	Wells
33638	Welo Lupeta
33639	Welsh
33640	Welter
33641	Wembangomo
33642	Wen
33643	Wen J.B.
33644	Wen Jiabao
33645	Wen T.P.
33646	Wen Tianpeng
33647	Wen Y.J.
33648	Wen Yongjun
33649	Wendell
33650	Wenderson
33651	Wendie
33652	Wendlinger
33653	Wendt
33654	Wendy
33655	Wenger
33656	Wenhao
33657	Wenjie
33658	Wenjun
33659	Wenssens
33660	Wenyi
33661	Wenzel-Halls
33662	Wergiton do Rosário
33663	Werleman
33664	Werner
33665	Wernersson
33666	Wernet
33667	Wernitznig
33668	Weronika
33669	Werthmüller
33670	Wes
33671	Wesley
33672	Wesley Moraes
33673	Wessam Abou
33674	Wessel
33675	West
33676	Westberg
33677	Westbrooke
33678	Westerman
33679	Weston
33680	Westwood
33681	Wever
33682	Weverson L.
33683	Weydandt
33684	Weymans
33685	Whalley
33686	Whalley Guardado
33687	Wharton
33688	Whatmough
33689	Wheatley
33690	Wheeler
33691	Whelan
33692	White
33693	Whitehall
33694	Whitehead
33695	Whitehouse
33696	Whiteman
33697	Whittaker
33698	Whyte
33699	Wiśniewska
33700	Wiśniewski
33701	Wibowo
33702	Wichne
33703	Wicht
33704	Widen
33705	Widgren
33706	Widmer
33707	Wiebe
33708	Wieckhoff
33709	Wieczorek
33710	Wiedesheim-Paul
33711	Wiegers
33712	Wiemberg
33713	Wieser
33714	Wiesinger
33715	Wiesner
33716	Wieteska
33717	Wießmeier
33718	Wiggett
33719	Wihby Bracali
33720	Wijnaldum
33721	Wijnants
33722	Wijndal
33723	Wikelman
33724	Wikheim
33725	Wikström
33726	Wiktor
33727	Wiktoria
33728	Wiktorsson
33729	Wil
33730	Wilak
33731	Wilbert
33732	Wilczek
33733	Wild
33734	Wilder
33735	Wildig
33736	Wildsmith
33737	Wiles
33738	Wiles-Richards
33739	Wilfred
33740	Wilfredo
33741	Wilfrid
33742	Wilfried
33743	Wilhelm
33744	Wiliam Carlos
33745	Wiliam Santinho
33746	Wilitty
33747	Wilk
33748	Wilkes
33749	Wilkie
33750	Wilkins
33751	Wilkinson
33752	Wilks
33753	Will
33754	Wille
33755	Willem
33756	Willems
33757	Willemsen
33758	Willer
33759	Willi
33760	William
33761	William Carvalho
33762	William Douglas
33763	William V.
33764	William de Amorim
33765	Williams
33766	Williams Arthuer
33767	Williams Jr
33768	Williamson
33769	Willian
33770	Willian J.
33771	Willian José
33772	Willie
33773	Williot
33774	Willis
33775	Willmott
33776	Willms
33777	Willock
33778	Wills
33779	Willsch
33780	Willson
33781	Willumsson
33782	Willy
33783	Willyan
33784	Willyan R.
33785	Wilmer
33786	Wilmering
33787	Wilmot
33788	Wilms
33789	Wilson
33790	Wilson Allan
33791	Wilson Manafá
33792	Wilson Miguéis
33793	Wilson Sosán
33794	Wilsson Rosito
33795	Wilusz
33796	Wim
33797	Wimmer
33798	Win
33799	Win U
33800	Winbo
33801	Winchester
33802	Winciersz
33803	Winck Neto
33804	Wind
33805	Windass
33806	Windbichler
33807	Windsor
33808	Winfred
33809	Wing
33810	Wingo
33811	Winklaar
33812	Winkler
33813	Winks
33814	Winnall
33815	Winston
33816	Winter
33817	Winterbottom
33818	Winther
33819	Wintle
33820	Wintzheimer
33821	Wiredu
33822	Wiri
33823	Wirkus
33824	Wirtz
33825	Wisdom
33826	Wise
33827	Wissa
33828	Wissam
33829	Witry
33830	Witsel
33831	Wittek
33832	Witzig
33833	Wladimir
33834	Wladimiro
33835	Wlazło
33836	Woeller
33837	Wohlers
33838	Wohlgemuth
33839	Wohlwend
33840	Wojciech
33841	Wojciechowski
33842	Wojtek
33843	Wojtowicz
33844	Wojtuszek
33845	Wolde
33846	Wolduh
33847	Woledzi
33848	Wolf
33849	Wolfe
33850	Wolfenhaus
33851	Wolff
33852	Wolke
33853	Wollacott
33854	Wolski
33855	Woltemade
33856	Wolters
33857	Womplou
33858	Won
33859	Won Chang
33860	Won Du Jae
33861	Won Gun
33862	Won Ho
33863	Won Jae
33864	Won Jin
33865	Won Sang
33866	Won Seong
33867	Won Sik
33868	WonChang
33869	WonGun
33870	WonSang
33871	WonSeong
33872	WonSik
33873	Wondolowski
33874	Wong
33875	Wongtakee
33876	Wonjae
33877	Wonjin
33878	Woo
33879	Woo Jae
33880	Woo Min Geol
33881	Woo Suk
33882	Woo Yeong
33883	WooJae
33884	WooSuk
33885	Wood
33886	Woodburn
33887	Woodhouse
33888	Woodiwiss
33889	Woodman
33890	Woodrow
33891	Woods
33892	Woodthorpe
33893	Woodward
33894	Woodyard
33895	Wooh
33896	Woolery
33897	Woolfenden
33898	Woolley
33899	Woolston
33900	Woon
33901	Wooten
33902	Wootton
33903	Wordsworth
33904	Worm
33905	Worman
33906	Wormgoor
33907	Worrall
33908	Worrarasa
33909	Wosz
33910	Wotherspoon
33911	Woud
33912	Woudenberg
33913	Wout
33914	Wouter
33915	Wouters
33916	Woyo
33917	Woźniak
33918	Wraynel
33919	Wriedt
33920	Wright
33921	Wright-Phillips
33922	Wrotniewska
33923	Wróbel
33924	Wszołek
33925	Wu
33926	Wu H. Y.
33927	Wu Haiyan
33928	Wu Lei
33929	Wu Q.
33930	Wu Qing
33931	Wu SH.C.
33932	Wu Shaocong
33933	Wu W.
33934	Wu Wei
33935	Wu X.
33936	Wu X.H.
33937	Wu Xi
33938	Wu Xinghan
33939	Wu Y.
33940	Wu Y.K.
33941	Wu Yake
33942	Wu Yan
33943	Wu-han
33944	Wubben-Moy
33945	Wuilker
33946	Wullaert
33947	Wulle
33948	Wunderlich
33949	Wungngayam
33950	Wurtz
33951	Wuthrich
33952	Wuyts
33953	Wyatt
33954	Wydra
33955	Wyjadłowski
33956	Wyke
33957	Wylan
33958	Wylie
33959	Wynn
33960	Wynne
33961	Wyparło
33962	Wyss
33963	Wähling
33964	Wålemark
33965	Wójcicki
33966	Wójcik
33967	Wöber
33968	Wørts
33969	Würzberger
33970	Wüthrich
33971	X. Etxeita
33972	X.Navarro
33973	X.Simons
33974	X.Torres
33975	Xabi
33976	Xabier
33977	Xacobe
33978	Xadas
33979	Xaikeo
33980	Xajë
33981	Xamixidin
33982	Xande Silva
33983	Xantippe
33984	Xasan
33985	Xaver
33986	Xavi
33987	Xavi Torres
33988	Xavier
33989	Xeber
33990	Xeka
33991	Xenakis
33992	Xenopoulos
33993	Xhafa
33994	Xhaferi
33995	Xhaka
33996	Xheladin
33997	Xhelal
33998	Xhelilaj
33999	Xhemail
34000	Xhemajli
34001	Xhepa
34002	Xherdan
34003	Xhevat
34004	Xhevdet
34005	Xhoel
34006	Xhoi
34007	Xhoma
34008	Xhon
34009	Xi
34010	Xian
34011	Xiang
34012	Xiangshuo
34013	Xiangyu
34014	Xianjun
34015	Xianyong
34016	Xiao
34017	Xiaofei
34018	Xiaolin
34019	Xiaotian
34020	Xiaoting
34021	Xiaoxuan
34022	Xie
34023	Xie L.F.
34024	Xie Longfei
34025	Xie P.F.
34026	Xie Pengfei
34027	Xie W.J.
34028	Xie Weijun
34029	Ximing
34030	Ximo Navarro
34031	Xin
34032	Xinfeng
34033	Xingbo
34034	Xinghan
34035	Xingqi
34036	Xingyu
34037	Xinli
34038	Xintao
34039	Xinyu
34040	Xiong
34041	Xisco
34042	Xiuwei
34043	Xiyang
34044	Xizhe
34045	Xu
34046	Xu H.F.
34047	Xu Haofeng
34048	Xu J.M.
34049	Xu Jiamin
34050	Xu T.Y.
34051	Xu Tianyuan
34052	Xu W.
34053	Xu Wu
34054	Xu X.
34055	Xu Xin
34056	Xuan
34057	Xuchen
34058	Xue
34059	Xue Q.H.
34060	Xue Qinghao
34061	Xuebin
34062	Xuelong
34063	Xuepeng
34064	Xuesheng
34065	Xuesong
34066	Xuri
34067	Xuyang
34068	Y. Alharbi
34069	Y. Badji
34070	Y. Chara
34071	Y. Cumana
34072	Y. Fekir
34073	Y. Gordillo
34074	Y. Irrazabal
34075	Y. Kone
34076	Y. Moreno
34077	Y. Murillo
34078	Y. Otto
34079	Y. Rahmani
34080	Y.Ackah
34081	Y.En-Nesyri
34082	Y.Gboho
34083	Y.Jenssen
34084	Y.Mina
34085	Y.Shahrani
34086	Y.Türk
34087	Y.Zaydou
34088	Yıldırım
34089	Yıldırım Mert
34090	Yıldız
34091	Yılmaz
34092	Ya
34093	Yaakoub
34094	Yaamin
34095	Yabanda
34096	Yacine
34097	Yackson
34098	Yacob
34099	Yacoub
34100	Yacouba Nasser
34101	Yadav
34102	Yade
34103	Yael
34104	Yago
34105	Yagudin
34106	Yahav
34107	Yahia
34108	Yahia. N
34109	Yahli
34110	Yahnaa
34111	Yahya
34112	Yair
34113	Yairo
34114	Yaisien
34115	Yajima
34116	Yajub
34117	Yake
34118	Yakini
34119	Yakob
34120	Yakou
34121	Yakshibaev
34122	Yakta
34123	Yaliston
34124	Yallop
34125	Yalman
34126	Yalçın
34127	Yama
34128	Yamada
34129	Yamagishi
34130	Yamaguchi
34131	Yamahara
34132	Yamakawa
34133	Yamami
34134	Yamamoto
34135	Yamamura
34136	Yamanaka
34137	Yamane
34138	Yamanoi
34139	Yamasaki
34140	Yamashita
34141	Yamato
34142	Yamazaki
34143	Yamga
34144	Yami
34145	Yamil
34146	Yamura
34147	Yan
34148	Yan Brice
34149	Yan Couto
34150	Yan D.H.
34151	Yan Dinghao
34152	Yan Eteki
34153	Yan J.L.
34154	Yan Junling
34155	Yan Matheus
34156	Yan Z.H.
34157	Yan Zh.Y.
34158	Yan Zhiyu
34159	Yan Zihao
34160	Yanagi
34161	Yanagisawa
34162	Yandaş
34163	Yandi
34164	Yandle
34165	Yandong
34166	Yanev
34167	Yanfeng
34168	Yang
34169	Yang B.Y.
34170	Yang Boyu
34171	Yang Ch.Sh.
34172	Yang Chaosheng
34173	Yang Dong Hyen
34174	Yang F.
34175	Yang Fan
34176	Yang G.Y.
34177	Yang Guoyuan
34178	Yang H.Y.
34179	Yang Han Been
34180	Yang Haoyu
34181	Yang Hyeon Joon
34182	Yang Hyung Mo
34183	Yang L.
34184	Yang L.K.
34185	Yang L.Y.
34186	Yang Li
34187	Yang Likai
34188	Yang Liyu
34189	Yang M.
34190	Yang Man
34191	Yang SH.Y.
34192	Yang Sang Min
34193	Yang Shiyuan
34194	Yang Shuai
34195	Yang W.Sh.
34196	Yang Wanshun
34197	Yang X.
34198	Yang X.T.
34199	Yang Xiaotian
34200	Yang Xu
34201	Yang Y.
34202	Yang Y.M.
34203	Yang Yiming
34204	Yang Yu
34205	Yang Yu min
34206	Yang Yun
34207	Yang Z.H.
34208	Yang Zihao
34209	Yangel
34210	Yangyang
34211	Yani
34212	Yanick
34213	Yanikian
34214	Yanis
34215	Yann
34216	Yann Aurel
34217	Yann-Erik
34218	Yannic
34219	Yannick
34220	Yannik
34221	Yannis
34222	Yanno
34223	Yanqiu
34224	Yao
34225	Yao D.G.
34226	Yao Daogang
34227	Yao H.L.
34228	Yao Hanlin
34229	Yao Kouassi
34230	Yao L. W.
34231	Yao Lingwei
34232	Yao W.
34233	Yao Wei
34234	Yao X.Ch
34235	Yao Xuchen
34236	Yaone
34237	Yaopeng
34238	Yapi
34239	Yapo
34240	Yapwantha
34241	Yarbrough
34242	Yardımcı
34243	Yared
34244	Yaremchuk
34245	Yari
34246	Yarmolenko
34247	Yaroslav
34248	Yartsev
34249	Yarzagaray
34250	Yasaman
34251	Yaseen
34252	Yasha
34253	Yashiki
34254	Yashin
34255	Yashoda
34256	Yasin
34257	Yasin Pehlivan
34258	Yasir
34259	Yasir Subaşı
34260	Yaslam
34261	Yasmine
34262	Yasser
34263	Yassin
34264	Yassine
34265	Yasuda
34266	Yasuhiro
34267	Yasuki
34268	Yasunaga
34269	Yasuo
34270	Yasushi
34271	Yasuto
34272	Yatabare
34273	Yatabaré
34274	Yates
34275	Yatuta
34276	Yavru
34277	Yavuz
34278	Yaw
34279	Yaw Ihle
34280	Yaxiong
34281	Yaya
34282	Yaya Toure
34283	Yayah
34284	Yazıcı
34285	Yazbek
34286	Yazeed
34287	Yazid
34288	Ye
34289	Ye CH.G.
34290	Ye CH.Q.
34291	Ye Chongqiu
34292	Ye Chugui
34293	Ye Hoon
34294	Ye Hoon Ueom
34295	Ye Ji
34296	Ye Jun
34297	Ye L.J.
34298	Yeşilyurt
34299	Yearwood
34300	Yeboah
34301	Yeboue
34302	Yedlin
34303	Yee
34304	Yeerfan
34305	Yeferson
34306	Yehonatan
34307	Yehvann
34308	Yeiber
34309	Yeimar
34310	Yeison
34311	Yeji
34312	Yeksov
34313	Yelena
34314	Yelisey
34315	Yeljan
34316	Yeljan Shinar
34317	Yelyzaveta
34318	Yendis
34319	Yengi
34320	Yeni
34321	Yeo
34322	Yeo Bong Hun
34323	Yeo Reum
34324	Yeo Seong Hae
34325	YeoReum
34326	Yeom
34327	Yeom Ki Hun
34328	Yeon Soo
34329	YeonSoo
34330	Yeong Jae
34331	YeongJae
34332	Yeonsoo
34333	Yerasyl
34334	Yeray
34335	Yerco
34336	Yeremi Jesús
34337	Yeremy
34338	Yernazarov
34339	Yerry
34340	Yerson
34341	Yesimov
34342	Yesun
34343	Yevgeniy
34344	Yevhen
34345	Yevtushenko
34346	Ygor
34347	Ygor Nogueira
34348	Yhonathann
34349	Yi
34350	Yiğit Emre
34351	Yiğiter
34352	Yi T.
34353	Yi Teng
34354	Yi W.J.
34355	Yi Wenjun
34356	Yi Young
34357	Yiadom
34358	Yifeng
34359	Yigezu
34360	Yigidbashian
34361	Yigit
34362	Yihao
34363	Yijin
34364	Yildirim
34365	Yilmaz
34366	Yilson
34367	Yim
34368	Yiming
34369	Yimmi
34370	Yimy
34371	Yin
34372	Yin C.Y.
34373	Yin Congyao
34374	Yin H.B.
34375	Yin Hongbo
34376	Ying
34377	Yingjie
34378	Yinong
34379	Yinquan
34380	Yitzchak
34381	Yūki
34382	Yūya
34383	Ylan
34384	Ylli
34385	Ylätupa
34386	Ymer
34387	Yngvild
34388	Yo Han
34389	YoHan
34390	Yoan
34391	Yoane
34392	Yoann
34393	Yoboue
34394	Yobouet
34395	Yochai
34396	Yod Rak
34397	Yoda
34398	Yodo
34399	Yoel
34400	Yogendra
34401	Yogesh
34402	Yohan
34403	Yohandry
34404	Yohanes
34405	Yohann
34406	Yohei
34407	Yohán
34408	Yoichi
34409	Yoichiro
34410	Yojiro
34411	Yokoyama
34412	Yokuşlu
34413	Yolan
34414	Yomba
34415	Yomi
34416	Yonas
34417	Yonatan
34418	Yonathan
34419	Yonatthan
34420	Yonemoto
34421	Yong
34422	Yong Gi
34423	Yong Ho
34424	Yong Ji
34425	Yong Rae
34426	Yong Su
34427	Yong Woo
34428	YongHo
34429	YongJi
34430	YongRae
34431	YongWoo
34432	Yongjing
34433	Yongjun
34434	Yongpo
34435	Yongwa
34436	Yoo
34437	Yoo Hyun
34438	Yoo Yeon Soo
34439	Yoon
34440	Yoon Bit Garam
34441	Yoon Bo Sang
34442	Yoon Gu
34443	Yoon Ho
34444	Yoon Jin
34445	Yoon Jong Gyu
34446	Yoon Jong Tae
34447	Yoon Su
34448	Yoon Sung
34449	YoonGu
34450	Yoonho
34451	Yoonsung
34452	Yoopaidee
34453	Yoosuf
34454	Yorbe
34455	Yordan
34456	Yordy
34457	Yorgos
34458	Yoric
34459	Yoro
34460	Yosef
34461	Yosei
34462	Yoshi
34463	Yoshiaki
34464	Yoshida
34465	Yoshifumi
34466	Yoshihiro
34467	Yoshiki
34468	Yoshimar
34469	Yoshino
34470	Yoshinori
34471	Yoshio
34472	Yoshioka
34473	Yoshiro
34474	Yoshito
34475	Yoshitomi
34476	Yosmel
34477	Yosuke
34478	Yota
34479	Yotamu
34480	Yotún
34481	You
34482	You Hyeon
34483	You Ju An
34484	YouHyeon
34485	Youan
34486	Youba
34487	Youcef
34488	Youfeigane
34489	Younes
34490	Young
34491	Young Bin
34492	Young Eun
34493	Young Gwon
34494	Young Joon
34495	Young Jun
34496	Young Kwang
34497	Young Kyu
34498	Young Sun
34499	Young Uk
34500	Young Woo
34501	Young Wook
34502	Young-Coombes
34503	YoungBin
34504	YoungGwon
34505	YoungJoon
34506	YoungJun
34507	YoungKyu
34508	YoungSun
34509	YoungUk
34510	YoungWook
34511	Younger
34512	Youngjoon
34513	Youngwoo
34514	Younis
34515	Younoussa
34516	Younousse
34517	Younès
34518	Youri
34519	Yousef
34520	Youssef
34521	Youssou
34522	Youssouf
34523	Youssouph
34524	Youssoupha
34525	Youssuf
34526	Yow
34527	Yoël
34528	Yrazakov
34529	Yroundu
34530	Yu
34531	Yu D.B.
34532	Yu Dabao
34533	Yu Dong Gyu
34534	Yu H.
34535	Yu H.Ch.
34536	Yu Hai
34537	Yu Hanchao
34538	Yu J.Y.
34539	Yu Jinyong
34540	Yu Min
34541	Yu R.
34542	Yu Rui
34543	Yu Sang Hun
34544	Yu Sung
34545	Yu Y.
34546	Yu Yang
34547	Yu-Duk
34548	YuMin
34549	YuSung
34550	Yuan
34551	Yuan M.Ch.
34552	Yuan Mincheng
34553	Yuan Sh.
34554	Yuanjie
34555	Yuanyi
34556	Yuchen
34557	Yudai
34558	Yue
34559	Yue-rong
34560	Yuefeng
34561	Yueill
34562	Yuel
34563	Yuelei
34564	Yufeng
34565	Yugo
34566	Yuhao
34567	Yui
34568	Yuichi
34569	Yuito
34570	Yuji
34571	Yuka
34572	Yukhym
34573	Yuki
34574	Yukichi
34575	Yukinari
34576	Yukiya
34577	Yuko
34578	Yul
34579	Yuma
34580	Yumiao
34581	Yumiba
34582	Yumin
34583	Yumjaagyn
34584	Yun
34585	Yun Il Lok
34586	Yun Koo
34587	Yun Oh
34588	Yun Pyeong Gook
34589	Yun Sang
34590	Yun Seong
34591	Yun Suk Young
34592	Yun Yong Ho
34593	Yun Young Sun
34594	Yun-seo
34595	YunKoo
34596	YunSang
34597	YunSeong
34598	Yunding
34599	Yunhua
34600	Yuning
34601	Yunis
34602	Yunlong
34603	Yunqi
34604	Yunqiu
34605	Yunus
34606	Yupeng
34607	Yuping
34608	Yurendell
34609	Yuri
34610	Yuri Antonio
34611	Yuri B.
34612	Yuri Berchiche
34613	Yuri Matias
34614	Yuriy
34615	Yurtseven
34616	Yuruki
34617	Yusef
34618	Yusei
34619	Yushi
34620	Yusif
34621	Yussif Raman
34622	Yussuf
34623	Yustiz
34624	Yusuf
34625	Yusuf E.
34626	Yusuke
34627	Yusupha
34628	Yusupova
34629	Yuta
34630	Yutaka
34631	Yutaro
34632	Yuto
34633	Yuvakuran
34634	Yuwaseree
34635	Yuwono
34636	Yuya
34637	Yuzawa
34638	Yuzuki
34639	Yvan
34640	Yvann
34641	Yves
34642	Yves-Simon
34643	Yvon
34644	Yáñez Alabart
34645	Yégüez
34646	Yéiler
34647	Yüksek
34648	Z. Feddal
34649	Z. Sami
34650	Zaal
34651	Zabaco
34652	Zabaco Tomé
34653	Zabala
34654	Zabarnyi
34655	Zabolotnyi
34656	Zabou
34657	Zac
34658	Zacaría
34659	Zaccagni
34660	Zach
34661	Zachariassen
34662	Zachary
34663	Zack
34664	Zackrisson
34665	Zadi
34666	Zadorsky
34667	Zady Caleb
34668	Zady Sery
34669	Zafer
34670	Zaffar
34671	Zafimihary
34672	Zagadou
34673	Zagaritis
34674	Zagbayou
34675	Zagorac
34676	Zagreda
34677	Zagré
34678	Zaha
34679	Zahar
34680	Zaharia
34681	Zahavi
34682	Zahibo
34683	Zahid
34684	Zahović
34685	Zahra
34686	Zaid
34687	Zaidan
34688	Zaidu
34689	Zaidu M.
34690	Zain
34691	Zainadine
34692	Zaine
34693	Zając
34694	Zajc
34695	Zajmi
34696	Zak
34697	Zakari
34698	Zakaria
34699	Zakarian
34700	Zakes
34701	Zakhele
34702	Zaki
34703	Zakia
34704	Zalazar
34705	Zalazar Martinez
34706	Zaldua
34707	Zaldívar
34708	Zaldúa
34709	Zaldúa Bengoetxea
34710	Zalewski
34711	Zalzman
34712	Zaman
34713	Zamble
34714	Zambo Anguissa
34715	Zambra
34716	Zambrano
34717	Zamburek
34718	Zameer
34719	Zamir
34720	Zamira
34721	Zammit
34722	Zampedri
34723	Zampiery
34724	Zamudio
34725	Zanahary
34726	Zander
34727	Zandén
34728	Zane
34729	Zanellato
34730	Zanetti
34731	Zanfir
34732	Zang
34733	Zang Y.F.
34734	Zang Yifeng
34735	Zanimacchia
34736	Zaniolo
34737	Zanka
34738	Zanon Bardini
34739	Zanon Barros
34740	Zanzala
34741	Zapata
34742	Zapater
34743	Zapater Arjol
34744	Zapiola
34745	Zappa
34746	Zappacosta
34747	Zappella
34748	Zaracho
34749	Zaragoza
34750	Zarandia
34751	Zardes
34752	Zarek
34753	Zargo
34754	Zariņš
34755	Zarko
34756	Zaroury
34757	Zarrabeitia
34758	Zarrabeitia Ipiña
34759	Zarraga
34760	Zarraga Egaña
34761	Zarzana
34762	Zarzana Pérez
34763	Zasępa
34764	Zator
34765	Zaucha
34766	Zaugg
34767	Zauna
34768	Zauner
34769	Zavala
34770	Zavaleta
34771	Zawada
34772	Zawadzka
34773	Zaya
34774	Zayaat
34775	Zaydan
34776	Zaydou
34777	Zaynutdinov
34778	Zaytsev
34779	Zaza
34780	Zaïmis
34781	Zbinden
34782	Zbozień
34783	Zdeněk
34784	Zdichynec
34785	Zdybowicz
34786	Zećira
34787	Ze Luis
34788	Zeballos
34789	Zebramani
34790	Zeca
34791	Zech
34792	Zedadka
34793	Zedán
34794	Zeefuik
34795	Zeegelaar
34796	Zeeman
34797	Zeena
34798	Zef
34799	Zeferino
34800	Zeghba
34801	Zehir
34802	Zeida
34803	Zeidan
34804	Zeidane
34805	Zeinab
34806	Zeineddin
34807	Zeitz
34808	Zekhnini
34809	Zeki
34810	Zeki Yıldırım
34811	Zeki Yavru
34812	Zelalem
34813	Zelarayán
34814	Zelaya
34815	Zelimkhan
34816	Zeljko
34817	Zellner
34818	Zeman
34819	Zembergs
34820	Zempelin
34821	Zemskow
34822	Zemura
34823	Zemzemi
34824	Zenaida
34825	Zenas
34826	Zende
34827	Zendejas
34828	Zeneli
34829	Zeng
34830	Zeng CH.
34831	Zeng Chao
34832	Zeng Cheng
34833	Zenga
34834	Zengin
34835	Zenitagoia Arana
34836	Zeno
34837	Zentner
34838	Zenón
34839	Zeqiri
34840	Zerdin
34841	Zerkane
34842	Zeroual
34843	Zerrouki
34844	Zeshin
34845	Zesiger
34846	Zetterer
34847	Zetterström
34848	Zevallos
34849	Zeyad
34850	Zeynab
34851	Zhai
34852	Zhai Q. W.
34853	Zhai Qingwei
34854	Zhamnov
34855	Zhang
34856	Zhang A.K.
34857	Zhang Aokai
34858	Zhang CH.
34859	Zhang CH.D.
34860	Zhang Chengdong
34861	Zhang Chi
34862	Zhang Chong
34863	Zhang G.
34864	Zhang Gong
34865	Zhang H.
34866	Zhang H.CH.
34867	Zhang H.Ch.
34868	Zhang Haochen
34869	Zhang Huachen
34870	Zhang Hui
34871	Zhang J.L.
34872	Zhang J.Z.
34873	Zhang Jinliang
34874	Zhang Junzhe
34875	Zhang L.
34876	Zhang L.P.
34877	Zhang Li
34878	Zhang Linpeng
34879	Zhang Lu
34880	Zhang R.
34881	Zhang Rui
34882	Zhang W.
34883	Zhang Wei
34884	Zhang X.
34885	Zhang X.B.
34886	Zhang X.SH.
34887	Zhang X.W.
34888	Zhang X.Zh.
34889	Zhang Xiang
34890	Zhang Xiangshuo
34891	Zhang Xiao
34892	Zhang Xin
34893	Zhang Xingbo
34894	Zhang Xiuwei
34895	Zhang Xizhe
34896	Zhang Y.
34897	Zhang Y.F.
34898	Zhang Y.N.
34899	Zhang Yi
34900	Zhang Yu
34901	Zhang Yuan
34902	Zhang Yufeng
34903	Zhang Yuning
34904	Zhang Z.J.
34905	Zhang Z.Q.
34906	Zhang ZhenQiang
34907	Zhang Zijian
34908	Zhao
34909	Zhao H.L.
34910	Zhao Honglue
34911	Zhao J.B.
34912	Zhao J.F.
34913	Zhao Jianbo
34914	Zhao Jianfei
34915	Zhao M.J.
34916	Zhao Mingjian
34917	Zhao Sh.
34918	Zhao Shi
34919	Zhao X.B.
34920	Zhao X.R.
34921	Zhao Xuebin
34922	Zhao Xuri
34923	Zhao Y.H.
34924	Zhao Y.J.
34925	Zhao Yingjie
34926	Zhao Yuhao
34927	Zharkov
34928	Zhe
34929	Zhechao
34930	Zhegrova
34931	Zhemaletdinov
34932	Zhen
34933	Zhen'ao
34934	ZhenQiang
34935	Zheng
34936	Zheng D.L.
34937	Zheng Dalun
34938	Zheng J.W.
34939	Zheng Junwei
34940	Zheng K.M.
34941	Zheng Kaimu
34942	Zheng L.
34943	Zheng Long
34944	Zheng ZH.
34945	Zheng Zh.
34946	Zheng Zh.Y.
34947	Zheng Zheng
34948	Zheng Zhi
34949	Zheng Zhiyun
34950	Zhengfeng
34951	Zhenghao
34952	Zhengyu
34953	Zhenli
34954	Zhenyu
34955	Zhexiang
34956	Zhg
34957	Zhi
34958	Zhifeng
34959	Zhipeng
34960	Zhirkov
34961	Zhirov
34962	Zhivoglyadov
34963	Zhixuan
34964	Zhiyu
34965	Zhiyun
34966	Zhizhao
34967	Zhoi J.Ch.
34968	Zhong
34969	Zhong J.B.
34970	Zhong Jinbao
34971	Zhong Y.H.
34972	Zhong Yihao
34973	Zhongguo
34974	Zhongliu
34975	Zhorobekov
34976	Zhou
34977	Zhou Dingyang
34978	Zhou Junchen
34979	Zhou T.
34980	Zhou Tong
34981	Zhou X.
34982	Zhou Xin
34983	Zhou Y.C.
34984	Zhou Yuchen
34985	Zhu
34986	Zhu B.J.
34987	Zhu Baojie
34988	Zhu CH.J.
34989	Zhu Chenjie
34990	Zhu J.R.
34991	Zhu J.X.
34992	Zhu Jianrong
34993	Zhu Jiaxuan
34994	Zhu T.
34995	Zhu Ting
34996	Zhu Y.
34997	Zhu Yue
34998	Zhu-lan
34999	Zhukov
35000	Zhunyi
35001	Zhurun
35002	Zian
35003	Zichang
35004	Zico
35005	Zidane
35006	Ziegl
35007	Ziegler
35008	Zieler
35009	Zieliński
35010	Zienia
35011	Ziereis
35012	Zifcakian
35013	Ziggy
35014	Zigi
35015	Zigiotti Olme
35016	Zigoni
35017	Zihao
35018	Zijian
35019	Zima
35020	Zimba
35021	Ziming
35022	Zimmer
35023	Zimmerman
35024	Zimmermann
35025	Zimmerschied
35026	Zimouche
35027	Zinchenko
35028	Zinckernagel
35029	Zindilis
35030	Zinedine
35031	Zingerle
35032	Zinho
35033	Zinovich
35034	Zinédine
35035	Zion
35036	Zira
35037	Zirkzee
35038	Zitouna
35039	Ziwenhao
35040	Zixiang
35041	Ziya
35042	Ziya Alkurt
35043	Ziyad
35044	Ziyapya
35045	Ziyech
35046	Ziyi
35047	Zié Mohamed
35048	Zjawiński
35049	Zlatan
35050	Zlatko
35051	Zlobin
35052	Zobeck
35053	Zobnin
35054	Zobo
35055	Zoch
35056	Zock
35057	Zoe
35058	Zoe Tocantins
35059	Zoet
35060	Zofia
35061	Zohi
35062	Zohore
35063	Zohoré
35064	Zohouri
35065	Zoilo Cerdeira
35066	Zola
35067	Zolinski
35068	Zoller
35069	Zolnerowich
35070	Zonta Filho
35071	Zonta Santos
35072	Zonta Torres
35073	Zopolato Neves
35074	Zoran
35075	Zorba
35076	Zorgane
35077	Zorhan
35078	Zorica
35079	Zorrilla Jiménez
35080	Zortea
35081	Zou
35082	Zou D.H.
35083	Zou Dehai
35084	Zou Zh.
35085	Zou Zheng
35086	Zouabri
35087	Zoubdi Touaizi
35088	Zouhair
35089	Zouhir
35090	Zoulan
35091	Zouma
35092	Zoumara
35093	Zoya
35094	Zoysa
35095	Zozulia
35096	Zozulya
35097	Zoé
35098	Zoë
35099	Zreľák
35100	Zrelak
35101	Zschuschen
35102	Zsigmond
35103	Zsombor
35104	Zuabi
35105	Zuala
35106	Zubair
35107	Zubak
35108	Zubaydov
35109	Zubayer Biplob
35110	Zubczuk
35111	Zubeldia
35112	Zubeldia Elorza
35113	Zuber
35114	Zuberi
35115	Zubiaurre
35116	Zubimendi
35117	Zubimendi Ibáñez
35118	Zubkov
35119	Zuck
35120	Zuculini
35121	Zuenyika
35122	Zuffi
35123	Zuijderwijk
35124	Zujuviene
35125	Zuka
35126	Zukanović
35127	Zukić
35128	Zulechner
35129	Zullo
35130	Zuma
35131	Zungu
35132	Zunino
35133	Zupančič
35134	Zuqui
35135	Zurcher
35136	Zusi
35137	Zuta
35138	Zuvela
35139	Zuzanna
35140	Zvar
35141	Zvirgdzins
35142	Zvonimir
35143	Zwane
35144	Zwarts
35145	Zwierschitz
35146	Zwischenbrugger
35147	Zwoliński
35148	Zyen
35149	Zylla
35150	Zymer
35151	Zynek
35152	Zárate
35153	Zé Carlos
35154	Zé Didier
35155	Zé Eduardo
35156	Zé Luís
35157	Zé Uilton
35158	Zúñiga Owono
35159	da Almeyda Aníbal
35160	da Bruma Reis
35161	da Conceição Leão
35162	da Conceição Silva
35163	da Costa
35164	da Costa Gamboa
35165	da Costa Jóia
35166	da Costa Oliveira
35167	da Costa Silva
35168	da Cruz Junior
35169	da Feira Cunha
35170	da Luz Horta
35171	da Palma Gonçalves
35172	da Rocha Fonte
35173	da Rocha Júnior
35174	da Silva
35175	da Silva Afonso
35176	da Silva Arruda
35177	da Silva Barbosa
35178	da Silva Costa
35179	da Silva Dourado
35180	da Silva Fernandes
35181	da Silva Ferreira
35182	da Silva Izidoro
35183	da Silva Júnior
35184	da Silva Lopes
35185	da Silva Monte
35186	da Silva Monteiro
35187	da Silva Moreira
35188	da Silva Neves
35189	da Silva Pereira
35190	da Silva Peres
35191	da Silva Ramos
35192	da Silva Rocha
35193	da Silva Santos Jr.
35194	da Silva Sanvezzo
35195	da Silva Sousa
35196	da Silva Souza
35197	da Silva Trigueira
35198	da Silva Ventura
35199	da Silveira Júnior
35200	da costa
35201	de Almeida Monteiro
35202	de Amorim
35203	de Andrade
35204	de Andrade Barberan
35205	de Araújo
35206	de Aseiro Vieira
35207	de Asevedo Furtado
35208	de Assis Moreira
35209	de Barros da Silva
35210	de Boer
35211	de Breito Catarino
35212	de Brito
35213	de Brito Gonzaga
35214	de Bruijn
35215	de Bruin
35216	de Buen
35217	de Camargo
35218	de Carvalho António
35219	de Carvalho Julião
35220	de Castro Ribeiro
35221	de Cuba
35222	de Dios Rivas
35223	de Freitas
35224	de Freitas Couto
35225	de Frutos Sebastián
35226	de Graaf
35227	de Groot
35228	de Haan
35229	de Iriondo
35230	de Jesus Jacinto
35231	de Jong
35232	de Jonge
35233	de Keijzer
35234	de Koning
35235	de Lange
35236	de Lanlay
35237	de Lara Fuchs
35238	de Leeuw
35239	de León Billar
35240	de Ligt
35241	de Lima Barbosa
35242	de Lima Junior
35243	de Macedo da Silva
35244	de Magalhães da S.
35245	de Mello Costa
35246	de Miguel Martín
35247	de Morais
35248	de Morais Ramos
35249	de Nooijer
35250	de Oliveira
35251	de Oliveira Correia
35252	de Oliveira Júnior
35253	de Oliveira Melo
35254	de Oliveira Ribeiro
35255	de Paula Santos
35256	de Pena
35257	de Roon
35258	de Ruiter
35259	de Silva
35260	de Sousa Esgaio
35261	de Sousa Matias
35262	de Sousa Mendonça
35263	de Sousa Pereira Jr
35264	de Sousa Santos
35265	de Sousa Vitória
35266	de Sousa e Silva
35267	de Souza
35268	de Souza Costa
35269	de Souza Cunha
35270	de Souza Fonseca
35271	de Souza Irmer
35272	de Souza Lima
35273	de Souza Nascimento
35274	de Souza Oliveira
35275	de Souza Pereira
35276	de Souza Santos
35277	de Souza Sena
35278	de Souza Silva
35279	de Tomás Gómez
35280	de Vega Lima
35281	de Vos
35282	de Vouw
35283	de Vries
35284	de Vrij
35285	de Wijs
35286	de Wit
35287	de la Bella Madueño
35288	de la Cruz
35289	de la Fuente
35290	de la Fuente Gómez
35291	de la Rosa
35292	de la Torre
35293	de la Vega
35294	de los Santos
35295	del Campo Escobar
35296	del Castillo
35297	dos S. Magalhães
35298	dos Santos
35299	dos Santos Araujo
35300	dos Santos Aveiro
35301	dos Santos Cabral
35302	dos Santos Castro
35303	dos Santos Emboaba
35304	dos Santos Ferreira
35305	dos Santos Händel
35306	dos Santos João
35307	dos Santos Júnior
35308	dos Santos Leite
35309	dos Santos Messias
35310	dos Santos Neris
35311	dos Santos Patrício
35312	dos Santos Silva
35313	dos Santos Varela
35314	dos Santos da Silva
35315	dos Santos de Paulo
35316	te Vrede
35317	te Wierik
35318	ter Avest
35319	ter Heide
35320	ter Stegen
35321	v. Ginkel
35322	van Aanholt
35323	van Aken
35324	van Amersfoort
35325	van Beek
35326	van Bergen
35327	van Bladeren
35328	van Buren
35329	van Crooij
35330	van Dam
35331	van Dijk
35332	van Domselaar
35333	van Dongen
35334	van Doorn
35335	van Drongelen
35336	van Dyk
35337	van Egmond
35338	van Eijden
35339	van Es
35340	van Ewijk
35341	van Ginkel
35342	van Hattum
35343	van Hecke
35344	van Hintum
35345	van Hooijdonk
35346	van Kaam
35347	van Leer
35348	van Leeuwen
35349	van Loon
35350	van Osch
35351	van Ottele
35352	van Overeem
35353	van Polen
35354	van Rooij
35355	van Veen
35356	van Veenendaal
35357	van Vliet
35358	van Wermeskerken
35359	van Wijk
35360	van Wolfswinkel
35361	van de Beek
35362	van de Brink
35363	van de Donk
35364	van de Pol
35365	van de Sanden
35366	van de Streek
35367	van de Veen
35368	van de Velde
35369	van de Ven
35370	van den Belt
35371	van den Berg
35372	van den Bergh
35373	van den Boomen
35374	van den Heuvel
35375	van der Gaag
35376	van der Gouw
35377	van der Gragt
35378	van der Hart
35379	van der Heide
35380	van der Hoorn
35381	van der Kaap
35382	van der Laan
35383	van der Maarel
35384	van der Meer
35385	van der Most
35386	van der Sar
35387	van der Sluijs
35388	van der Venne
35389	van der Wal
35390	van der Water
35391	van der Werff
35392	von Ballmoos
35393	von Moos
35394	Àlex
35395	Àlex Corredera
35396	Àngels
35397	Ábila
35398	Ábrego
35399	Ádám
35400	Ágnel
35401	Ágnes
35402	Ákos
35403	Álejandro
35404	Álex
35405	Álex Balde
35406	Álex Berenguer
35407	Álex Bermejo
35408	Álex Blanco
35409	Álex Blesa
35410	Álex Centelles
35411	Álex Collado
35412	Álex Domínguez
35413	Álex Fernández
35414	Álex Gallar
35415	Álex López
35416	Álex Martín
35417	Álex Moreno
35418	Álex Pachón
35419	Álex Petxa
35420	Álex Remiro
35421	Álex Rico
35422	Álex S.
35423	Álex Sola
35424	Álex Suárez
35425	Álex Suárez Cardero
35426	Álvarez
35427	Álvarez Díaz
35428	Álvarez López
35429	Álvarez Martínez
35430	Álvarez Rey
35431	Álvarez Rozada
35432	Álvarez Wallace
35433	Álvaro
35434	Álvaro Armada
35435	Álvaro Borja
35436	Álvaro Bravo
35437	Álvaro G.
35438	Álvaro G. C.
35439	Álvaro García
35440	Álvaro Giménez
35441	Álvaro J.G.
35442	Álvaro Jiménez
35443	Álvaro José
35444	Álvaro Lemos
35445	Álvaro Peña
35446	Álvaro R.
35447	Álvaro Rey
35448	Álvaro Salazar
35449	Álvaro Tejero
35450	Álvaro Valles
35451	Álvaro Vázquez
35452	Álvez
35453	Ángel
35454	Ángel Fraga
35455	Ángel Jiménez
35456	Ángel Luís
35457	Ángel López
35458	Ángela
35459	Ángela Sosa
35460	Ángeles
35461	Ángelo
35462	Árnason
35463	Árpád
35464	Ásbjörn
35465	Ásgrímur
35466	Ávalos
35467	Ávila
35468	Ávila Gordón
35469	Áñez
35470	Åberg
35471	Åkesson
35472	Åsen
35473	Åsland
35474	Åström
35475	Ægidius
35476	Ægir
35477	Çağıran
35478	Çağlar
35479	Çağlayan
35480	Çağtay
35481	Çakır
35482	Çakaloğlu
35483	Çakmak
35484	Çalık
35485	Çalhanoğlu
35486	Çamdal
35487	Çamoğlu
35488	Çankaya
35489	Çapkan
35490	Çekiçi
35491	Çela
35492	Çelenk
35493	Çelik
35494	Çeltik
35495	Çetin
35496	Çiftpınar
35497	Çiftçi
35498	Çikalleshi
35499	Çipe
35500	Çipi
35501	Çiçek
35502	Çolak
35503	Çörekçi
35504	Éder
35505	Éder Marvin
35506	Éder Militão
35507	Édgar
35508	Édouard
35509	Édson
35510	Édundo Oliveira
35511	Élie
35512	Élisa
35513	Élise
35514	Éric
35515	Érick
35516	Évelyne
35517	Éver
35518	Éverton Luiz
35519	Ërpan
35520	Íris Isabella
35521	Írven
35522	Ísak Bergmann
35523	Ñamandú
35524	Ñíguez Esclápez
35525	Ólafsson
35526	Ólavsson
35527	Óliver
35528	Óliver Torres
35529	Ómarsson
35530	Óscar
35531	Óscar Alexander
35532	Óscar Clemente
35533	Óscar Francisco
35534	Óscar G.
35535	Óscar Gil
35536	Óscar González
35537	Óscar López
35538	Óscar Pinchi
35539	Óscar Plano
35540	Óscar Santiago
35541	Óscar Sendinho
35542	Óscar Sielva
35543	Óscar Valentín
35544	Óscar Whalley
35545	Óskar
35546	Óttar Magnús
35547	Öberg
35548	Ögmundur
35549	Öksüz
35550	Ömer
35551	Ömer Ali
35552	Ömer Bayram
35553	Ömür
35554	Önnudóttir
35555	Örnek
35556	Össur
35557	Östlund
35558	Özbayraklı
35559	Özbir
35560	Özcan
35561	Özdemir
35562	Özer
35563	Özfesli
35564	Özgür
35565	Özgür Özkaya
35566	Özil
35567	Özkacar
35568	Özkan
35569	Özkayımoğlu
35570	Özkaya
35571	Özmert
35572	Özsoy
35573	Öztorun
35574	Öztunalı
35575	Öztunali
35576	Öztürk
35577	Özyakup
35578	Özçimen
35579	Ødegaard
35580	Ødegård
35581	Østbø
35582	Østergaard
35583	Østgaard
35584	Østigård
35585	Østrøm
35586	Øverby
35587	Øyvann
35588	Úlfur
35589	Ümit
35590	Ümüt
35591	Ünal
35592	Ünder
35593	Üner
35594	Ünlü
35595	Ünlücifci
35596	Ünlüçifçi
35597	Þorbjörn
35598	Þorsteinsson
35599	Þrándarson
35600	Þórarinsson
35601	Ćaleta-Car
35602	Ćivić
35603	Ćoćić
35604	Ćorić
35605	Ćubelić
35606	Čabraja
35607	Čalušić
35608	Čebulj
35609	Čech
35610	Čelůstka
35611	Čengić
35612	Čermák
35613	Černych
35614	Černá
35615	Černý
35616	Čestić
35617	Čolak
35618	Čolina
35619	Čop
35620	Čović
35621	Čovilo
35622	Črnigoj
35623	Čuić
35624	Čumić
35625	Đăng
35626	Đăng Văn Lâm
35627	Đerić
35628	Đoković
35629	Đorđe
35630	Đorđević
35631	Đurđević
35632	Đurić
35633	Đuričić
35634	Đuričin
35635	İ.Güven
35636	İbrahim
35637	İbrahim Pehlivan
35638	İlhan
35639	İlhan Depe
35640	İlhan Parlak
35641	İlkay
35642	İnler
35643	İrfan Can
35644	İrfancan
35645	İsmail
35646	İzzet
35647	Ľubomír
35648	Łęgowski
35649	Łakomy
35650	Łasicki
35651	Ławniczak
35652	Łuczak
35653	Łukasz
35654	Łyszczarz
35655	Ōsako
35656	Řezník
35657	Śpiączka
35658	Śpiewak
35659	Świderski
35660	Świdzikowski
35661	Świerczok
35662	Şahin
35663	Şahin-Radlinger
35664	Şahiner
35665	Şahintürk
35666	Şatin
35667	Şener
35668	Şengezer
35669	Şerife
35670	Şimşek
35671	Ščuk
35672	Šašel
35673	Šašelj
35674	Šabanadžović
35675	Šaponjić
35676	Šaranić
35677	Šarić
35678	Šarkić
35679	Šarlija
35680	Šatka
35681	Šatkus
35682	Šeško
35683	Šehić
35684	Šemper
35685	Šerbečić
35686	Šerić
35687	Ševčík
35688	Šime
35689	Šimek
35690	Šimić
35691	Šimon
35692	Šimović
35693	Šipčić
35694	Šipović
35695	Škaričić
35696	Škriniar
35697	Škrjanc
35698	Škrjanec
35699	Škuletić
35700	Škvarka
35701	Špik
35702	Špikić
35703	Šporar
35704	Štěch
35705	Štěpán
35706	Štefulj
35707	Štefánik
35708	Šteinbors
35709	Štetina
35710	Štiglec
35711	Štok
35712	Štor
35713	Štrkalj
35714	Štulac
35715	Šušnjar
35716	Šušnjara
35717	Šulc
35718	Šunjić
35719	Šutalo
35720	Šverko
35721	Šviderský
35722	Żerkowski
35723	Żubrowski
35724	Żukowski
35725	Żurawski
35726	Żurkowski
35727	Żyra
35728	Żyro
35729	Žagar
35730	Žambůrek
35731	Žan
35732	Žarko
35733	Željko
35734	Žiga
35735	Žiger
35736	Živec
35737	Živko
35738	Živković
35739	Žorić
35740	Žubak
35741	Žukauskas
35742	Žulj
35743	Župan
35744	Župarić
35745	Șerbănică
35746	Șerban
35747	Șeroni
35748	Ștefănescu
35749	Ștefan
35750	Ștefania
35751	Șut
35752	Țigănașu
35753	Țîru
35754	FakePlayer
